[
  {
    "internal_name": "gem_physical_01",
    "type_id": 510297,
    "name": "Strengthening Gem",
    "buff_id": 499544,
    "socket_type": "W"
  },
  {
    "internal_name": "parent_gem_all",
    "type_id": 510298,
    "name": "Gem",
    "buff_id": 0,
    "socket_type": "W"
  },
  {
    "internal_name": "gem_poison_01",
    "type_id": 518417,
    "name": "Gem of Decay",
    "buff_id": 1850755,
    "socket_type": "W"
  },
  {
    "internal_name": "gem_bleeding_01",
    "type_id": 518418,
    "name": "Gem of Carnage",
    "buff_id": 502306,
    "socket_type": "W"
  },
  {
    "internal_name": "gem_piercing_01",
    "type_id": 518439,
    "name": "Scout's Gem",
    "buff_id": 499549,
    "socket_type": "W"
  },
  {
    "internal_name": "gem_ice_01",
    "type_id": 518447,
    "name": "Gem of Ice",
    "buff_id": 499591,
    "socket_type": "W"
  },
  {
    "internal_name": "gem_fire_01",
    "type_id": 518455,
    "name": "Gem of Fire",
    "buff_id": 499596,
    "socket_type": "W"
  },
  {
    "internal_name": "gem_lightning_01",
    "type_id": 518458,
    "name": "Gem of Lightning",
    "buff_id": 499741,
    "socket_type": "W"
  },
  {
    "internal_name": "gem_lifeleech_01",
    "type_id": 518473,
    "name": "Gem of Leeching",
    "buff_id": 1289751,
    "socket_type": "W"
  },
  {
    "internal_name": "gem_manaleech_01",
    "type_id": 518474,
    "name": "Gem of Voracity",
    "buff_id": 1289758,
    "socket_type": "W"
  },
  {
    "internal_name": "gem_magicmodifier_01",
    "type_id": 518477,
    "name": "Gem of the Seer",
    "buff_id": 1320429,
    "socket_type": "E"
  },
  {
    "internal_name": "gem_physical_02",
    "type_id": 528152,
    "name": "Invigorating Gem",
    "buff_id": 499546,
    "socket_type": "W"
  },
  {
    "internal_name": "gem_physical_03",
    "type_id": 528153,
    "name": "Bolstering Gem",
    "buff_id": 1313735,
    "socket_type": "W"
  },
  {
    "internal_name": "gem_piercing_02",
    "type_id": 528154,
    "name": "Seeker's Gem",
    "buff_id": 499588,
    "socket_type": "W"
  },
  {
    "internal_name": "gem_piercing_03",
    "type_id": 528155,
    "name": "Stalker's Gem",
    "buff_id": 1313832,
    "socket_type": "W"
  },
  {
    "internal_name": "gem_lifeleech_02",
    "type_id": 528156,
    "name": "Gem of Bloodthirst",
    "buff_id": 1289757,
    "socket_type": "W"
  },
  {
    "internal_name": "gem_lifeleech_03",
    "type_id": 528157,
    "name": "Gem of Devouring",
    "buff_id": 1850767,
    "socket_type": "W"
  },
  {
    "internal_name": "gem_manaleech_02",
    "type_id": 528158,
    "name": "Gem of Ravening",
    "buff_id": 1289760,
    "socket_type": "W"
  },
  {
    "internal_name": "gem_manaleech_03",
    "type_id": 528159,
    "name": "Gem of Ferocity",
    "buff_id": 1850769,
    "socket_type": "W"
  },
  {
    "internal_name": "gem_totaldamage_01",
    "type_id": 528160,
    "name": "Overwhelming Gem",
    "buff_id": 1314207,
    "socket_type": "E"
  },
  {
    "internal_name": "gem_daydamage_01",
    "type_id": 528161,
    "name": "Gem of Dawn",
    "buff_id": 526768,
    "socket_type": "U"
  },
  {
    "internal_name": "gem_daydamage_02",
    "type_id": 528162,
    "name": "Gem of Light",
    "buff_id": 526790,
    "socket_type": "U"
  },
  {
    "internal_name": "gem_daydamage_03",
    "type_id": 528163,
    "name": "Gem of Radiance",
    "buff_id": 1851984,
    "socket_type": "U"
  },
  {
    "internal_name": "gem_nightdamage_01",
    "type_id": 528164,
    "name": "Gem of Dusk",
    "buff_id": 526791,
    "socket_type": "U"
  },
  {
    "internal_name": "gem_nightdamage_02",
    "type_id": 528165,
    "name": "Gem of Gloom",
    "buff_id": 526793,
    "socket_type": "U"
  },
  {
    "internal_name": "gem_nightdamage_03",
    "type_id": 528166,
    "name": "Gem of Night",
    "buff_id": 1851999,
    "socket_type": "U"
  },
  {
    "internal_name": "gem_fire_02",
    "type_id": 528170,
    "name": "Gem of Conflagration",
    "buff_id": 499598,
    "socket_type": "W"
  },
  {
    "internal_name": "gem_fire_03",
    "type_id": 528171,
    "name": "Gem of Combustion",
    "buff_id": 1313964,
    "socket_type": "W"
  },
  {
    "internal_name": "gem_ice_02",
    "type_id": 528172,
    "name": "Gem of Snow",
    "buff_id": 499593,
    "socket_type": "W"
  },
  {
    "internal_name": "gem_ice_03",
    "type_id": 528173,
    "name": "Gem of Frost",
    "buff_id": 1313889,
    "socket_type": "W"
  },
  {
    "internal_name": "gem_lightning_02",
    "type_id": 528174,
    "name": "Gem of Thunder",
    "buff_id": 499744,
    "socket_type": "W"
  },
  {
    "internal_name": "gem_lightning_03",
    "type_id": 528175,
    "name": "Gem of Sparks",
    "buff_id": 1314127,
    "socket_type": "W"
  },
  {
    "internal_name": "gem_poison_02",
    "type_id": 528176,
    "name": "Gem of Venom",
    "buff_id": 1850757,
    "socket_type": "W"
  },
  {
    "internal_name": "gem_poison_03",
    "type_id": 528177,
    "name": "Gem of Putrefication",
    "buff_id": 1850759,
    "socket_type": "W"
  },
  {
    "internal_name": "gem_bleeding_02",
    "type_id": 528322,
    "name": "Gem of Hemorrhaging",
    "buff_id": 502304,
    "socket_type": "W"
  },
  {
    "internal_name": "gem_bleeding_03",
    "type_id": 528323,
    "name": "Gem of Slaughter",
    "buff_id": 1319542,
    "socket_type": "W"
  },
  {
    "internal_name": "obsolete_charmgem",
    "type_id": 528324,
    "name": "Gem of Fascination",
    "buff_id": 0,
    "socket_type": "W"
  },
  {
    "internal_name": "old_gem_armorreduce_01",
    "type_id": 528339,
    "name": "Corrosive Gem",
    "buff_id": 0,
    "socket_type": "W"
  },
  {
    "internal_name": "old_gem_armorreduce_02",
    "type_id": 528356,
    "name": "Eroding Gem",
    "buff_id": 0,
    "socket_type": "W"
  },
  {
    "internal_name": "old_gem_armorreduce_03",
    "type_id": 528357,
    "name": "Caustic Gem",
    "buff_id": 0,
    "socket_type": "W"
  },
  {
    "internal_name": "gem_armorspecific_01",
    "type_id": 528370,
    "name": "Superior Gem",
    "buff_id": 500425,
    "socket_type": "A"
  },
  {
    "internal_name": "gem_armorspecific_02",
    "type_id": 528371,
    "name": "Exceptional Gem",
    "buff_id": 500426,
    "socket_type": "A"
  },
  {
    "internal_name": "gem_armorspecific_03",
    "type_id": 528377,
    "name": "Flawless Gem",
    "buff_id": 500428,
    "socket_type": "A"
  },
  {
    "internal_name": "gem_armortotal_01",
    "type_id": 528387,
    "name": "Paramount Gem",
    "buff_id": 527082,
    "socket_type": "E"
  },
  {
    "internal_name": "gem_fireresistance_01",
    "type_id": 528397,
    "name": "Gem of Fire Shield",
    "buff_id": 1949697,
    "socket_type": "A"
  },
  {
    "internal_name": "gem_fireresistance_02",
    "type_id": 528402,
    "name": "Gem of Fire Aversion",
    "buff_id": 1949699,
    "socket_type": "A"
  },
  {
    "internal_name": "gem_fireresistance_03",
    "type_id": 528403,
    "name": "Gem of Fire Hindrance",
    "buff_id": 1949700,
    "socket_type": "A"
  },
  {
    "internal_name": "gem_iceresistance_01",
    "type_id": 528404,
    "name": "Gem of Ice Shield",
    "buff_id": 1949692,
    "socket_type": "A"
  },
  {
    "internal_name": "gem_iceresistance_02",
    "type_id": 528405,
    "name": "Gem of Ice Aversion",
    "buff_id": 1949694,
    "socket_type": "A"
  },
  {
    "internal_name": "gem_iceresistance_03",
    "type_id": 528406,
    "name": "Gem of Ice Hindrance",
    "buff_id": 1949695,
    "socket_type": "A"
  },
  {
    "internal_name": "gem_lightningresistance_01",
    "type_id": 528407,
    "name": "Gem of Lightning Shield",
    "buff_id": 1949702,
    "socket_type": "A"
  },
  {
    "internal_name": "gem_lightningresistance_02",
    "type_id": 528412,
    "name": "Gem of Lightning Aversion",
    "buff_id": 1949704,
    "socket_type": "A"
  },
  {
    "internal_name": "gem_lightningresistance_03",
    "type_id": 528413,
    "name": "Gem of Lightning Hindrance",
    "buff_id": 1949705,
    "socket_type": "A"
  },
  {
    "internal_name": "gem_bleedingresistance_01",
    "type_id": 528422,
    "name": "Gem of Mending",
    "buff_id": 502362,
    "socket_type": "A"
  },
  {
    "internal_name": "gem_bleedingresistance_02",
    "type_id": 528425,
    "name": "Gem of Clotting",
    "buff_id": 502365,
    "socket_type": "A"
  },
  {
    "internal_name": "gem_bleedingresistance_03",
    "type_id": 528427,
    "name": "Gem of Coagulation",
    "buff_id": 1850904,
    "socket_type": "A"
  },
  {
    "internal_name": "gem_poisonresistance_01",
    "type_id": 528430,
    "name": "Gem of Antivenin",
    "buff_id": 2031916,
    "socket_type": "A"
  },
  {
    "internal_name": "gem_poisonresistance_02",
    "type_id": 528434,
    "name": "Gem of Remedy",
    "buff_id": 2031917,
    "socket_type": "A"
  },
  {
    "internal_name": "gem_poisonresistance_03",
    "type_id": 528437,
    "name": "Gem of Elixir",
    "buff_id": 2031918,
    "socket_type": "A"
  },
  {
    "internal_name": "gem_manaincrease_01",
    "type_id": 528500,
    "name": "Diviner's Gem",
    "buff_id": 501538,
    "socket_type": "U"
  },
  {
    "internal_name": "gem_manaincrease_02",
    "type_id": 528502,
    "name": "Augur's Gem",
    "buff_id": 501540,
    "socket_type": "U"
  },
  {
    "internal_name": "gem_manaincrease_03",
    "type_id": 528505,
    "name": "Mage's Gem",
    "buff_id": 1852051,
    "socket_type": "U"
  },
  {
    "internal_name": "gem_healthincrease_01",
    "type_id": 528506,
    "name": "Crusader's Gem",
    "buff_id": 501567,
    "socket_type": "U"
  },
  {
    "internal_name": "gem_healthincrease_02",
    "type_id": 528507,
    "name": "Paladin's Gem",
    "buff_id": 501571,
    "socket_type": "U"
  },
  {
    "internal_name": "gem_healthincrease_03",
    "type_id": 528511,
    "name": "Templar's Gem",
    "buff_id": 1852024,
    "socket_type": "U"
  },
  {
    "internal_name": "gem_healthregen_01",
    "type_id": 528517,
    "name": "Soothing Gem",
    "buff_id": 501573,
    "socket_type": "U"
  },
  {
    "internal_name": "gem_healthregen_02",
    "type_id": 528524,
    "name": "Revitalizing Gem",
    "buff_id": 501582,
    "socket_type": "U"
  },
  {
    "internal_name": "gem_healthregen_03",
    "type_id": 528533,
    "name": "Renewing Gem",
    "buff_id": 501584,
    "socket_type": "U"
  },
  {
    "internal_name": "gem_manaregen_01",
    "type_id": 528538,
    "name": "Stimulating Gem",
    "buff_id": 501587,
    "socket_type": "U"
  },
  {
    "internal_name": "gem_manaregen_02",
    "type_id": 528539,
    "name": "Restoring Gem",
    "buff_id": 501590,
    "socket_type": "U"
  },
  {
    "internal_name": "gem_manaregen_03",
    "type_id": 528548,
    "name": "Infusing Gem",
    "buff_id": 501591,
    "socket_type": "U"
  },
  {
    "internal_name": "gem_criticalchance_01",
    "type_id": 528933,
    "name": "Gem of Skill",
    "buff_id": 502384,
    "socket_type": "U"
  },
  {
    "internal_name": "gem_criticalchance_02",
    "type_id": 528942,
    "name": "Gem of Accuracy",
    "buff_id": 502387,
    "socket_type": "U"
  },
  {
    "internal_name": "gem_criticalchance_03",
    "type_id": 528943,
    "name": "Gem of Precision",
    "buff_id": 1851062,
    "socket_type": "U"
  },
  {
    "internal_name": "gem_highlifedamage_01",
    "type_id": 528947,
    "name": "Assailant's Gem",
    "buff_id": 527125,
    "socket_type": "U"
  },
  {
    "internal_name": "gem_highlifedamage_02",
    "type_id": 528949,
    "name": "Invader's Gem",
    "buff_id": 527133,
    "socket_type": "U"
  },
  {
    "internal_name": "gem_highlifedamage_03",
    "type_id": 528950,
    "name": "Conqueror's Gem",
    "buff_id": 1851944,
    "socket_type": "U"
  },
  {
    "internal_name": "gem_lowlifedamage_01",
    "type_id": 528975,
    "name": "Bully's Gem",
    "buff_id": 527136,
    "socket_type": "U"
  },
  {
    "internal_name": "gem_lowlifedamage_02",
    "type_id": 528976,
    "name": "Oppressor's Gem",
    "buff_id": 534412,
    "socket_type": "U"
  },
  {
    "internal_name": "gem_lowlifedamage_03",
    "type_id": 528977,
    "name": "Tormentor's Gem",
    "buff_id": 1851946,
    "socket_type": "U"
  },
  {
    "internal_name": "gem_golddrop_01",
    "type_id": 528995,
    "name": "Gem of Bounty",
    "buff_id": 527189,
    "socket_type": "E"
  },
  {
    "internal_name": "gem_xpincrease_01",
    "type_id": 528996,
    "name": "Gem of Achievement",
    "buff_id": 527181,
    "socket_type": "E"
  },
  {
    "internal_name": "gem_xpincrease_02",
    "type_id": 529022,
    "name": "Gem of Expansion",
    "buff_id": 527186,
    "socket_type": "E"
  },
  {
    "internal_name": "gem_xpincrease_03",
    "type_id": 529023,
    "name": "Gem of Ascendance",
    "buff_id": 527187,
    "socket_type": "E"
  },
  {
    "internal_name": "gem_golddrop_02",
    "type_id": 529024,
    "name": "Gem of Prosperity",
    "buff_id": 527190,
    "socket_type": "E"
  },
  {
    "internal_name": "gem_golddrop_03",
    "type_id": 529025,
    "name": "Gem of Wealth",
    "buff_id": 527191,
    "socket_type": "E"
  },
  {
    "internal_name": "gem_stun_03",
    "type_id": 557388,
    "name": "Gem of Stupefication",
    "buff_id": 499764,
    "socket_type": "U"
  },
  {
    "internal_name": "gem_stun_02",
    "type_id": 557389,
    "name": "Gem of Disorientation",
    "buff_id": 499763,
    "socket_type": "U"
  },
  {
    "internal_name": "gem_stun_01",
    "type_id": 557390,
    "name": "Gem of Confusion",
    "buff_id": 499757,
    "socket_type": "U"
  },
  {
    "internal_name": "socketableitem_hp_guide_gem",
    "type_id": 564687,
    "name": "Guide's Gem",
    "buff_id": 499821,
    "socket_type": "W"
  },
  {
    "internal_name": "socketableitem_hp_medium_gem",
    "type_id": 564693,
    "name": "Medium's Gem",
    "buff_id": 1850913,
    "socket_type": "A"
  },
  {
    "internal_name": "gem_physicalresistance_01",
    "type_id": 565043,
    "name": "Gem of Shifting",
    "buff_id": 505377,
    "socket_type": "A"
  },
  {
    "internal_name": "gem_physicalresistance_02",
    "type_id": 565370,
    "name": "Gem of Phasing",
    "buff_id": 505384,
    "socket_type": "A"
  },
  {
    "internal_name": "gem_physicalresistance_03",
    "type_id": 565371,
    "name": "Gem of Displacing",
    "buff_id": 1850913,
    "socket_type": "A"
  },
  {
    "internal_name": "gem_epic_allabilities_03",
    "type_id": 1643434,
    "name": "Gem of Enlightenment",
    "buff_id": 1642776,
    "socket_type": "E"
  },
  {
    "internal_name": "gem_epic_finesseabilities_03",
    "type_id": 1643436,
    "name": "Rogue's Gem",
    "buff_id": 1642773,
    "socket_type": "E"
  },
  {
    "internal_name": "gem_epic_mightabilities_03",
    "type_id": 1643437,
    "name": "Warrior's Gem",
    "buff_id": 1642775,
    "socket_type": "E"
  },
  {
    "internal_name": "gem_epic_sorceryabilities_03",
    "type_id": 1643438,
    "name": "Sorcerer's Gem",
    "buff_id": 1642774,
    "socket_type": "E"
  },
  {
    "internal_name": "gem_epic_golddrop_03",
    "type_id": 1643439,
    "name": "Gem of Opulence",
    "buff_id": 1642769,
    "socket_type": "E"
  },
  {
    "internal_name": "gem_epic_magicdamage_03",
    "type_id": 1643440,
    "name": "Gem of Magic Resonance",
    "buff_id": 1642768,
    "socket_type": "E"
  },
  {
    "internal_name": "gem_epic_manaandhealth_03",
    "type_id": 1643441,
    "name": "Gem of Unrivaled Vitality",
    "buff_id": 1642771,
    "socket_type": "E"
  },
  {
    "internal_name": "gem_epic_retaliatory_dot_fire_03",
    "type_id": 1643443,
    "name": "Gem of Summer's Vengeance",
    "buff_id": 1642778,
    "socket_type": "E"
  },
  {
    "internal_name": "gem_epic_retaliatory_dot_ice_03",
    "type_id": 1643444,
    "name": "Gem of Winter's Vengeance",
    "buff_id": 1642779,
    "socket_type": "E"
  },
  {
    "internal_name": "gem_epic_retaliatory_dot_lightning_03",
    "type_id": 1643445,
    "name": "Gem of Tempest's Vengeance",
    "buff_id": 1642780,
    "socket_type": "E"
  },
  {
    "internal_name": "gem_epic_retaliatory_dot_poison_03",
    "type_id": 1643446,
    "name": "Gem of Plague's Vengeance",
    "buff_id": 1642781,
    "socket_type": "E"
  },
  {
    "internal_name": "gem_epic_retaliatory_dot_stun_03",
    "type_id": 1643447,
    "name": "Gem of Paralyzing Vengeance",
    "buff_id": 1642782,
    "socket_type": "E"
  },
  {
    "internal_name": "gem_epic_xpgained_03",
    "type_id": 1643449,
    "name": "Gem of the Assiduous",
    "buff_id": 1642770,
    "socket_type": "E"
  },
  {
    "internal_name": "gem_epic_damageanddefense_03",
    "type_id": 1643891,
    "name": "Gem of the Subjugator",
    "buff_id": 1643890,
    "socket_type": "E"
  },
  {
    "internal_name": "gem_epic_allabilities_01",
    "type_id": 1730711,
    "name": "Gem of Cultivation",
    "buff_id": 1730870,
    "socket_type": "E"
  },
  {
    "internal_name": "gem_epic_allabilities_02",
    "type_id": 1730712,
    "name": "Gem of Wisdom",
    "buff_id": 1730871,
    "socket_type": "E"
  },
  {
    "internal_name": "gem_epic_damageanddefense_01",
    "type_id": 1730715,
    "name": "Gem of the Vanquisher",
    "buff_id": 1730865,
    "socket_type": "E"
  },
  {
    "internal_name": "gem_epic_damageanddefense_02",
    "type_id": 1730716,
    "name": "Gem of the Conqueror",
    "buff_id": 1730866,
    "socket_type": "E"
  },
  {
    "internal_name": "gem_epic_finesseabilities_01",
    "type_id": 1730717,
    "name": "Rascal's Gem",
    "buff_id": 1730863,
    "socket_type": "E"
  },
  {
    "internal_name": "gem_epic_finesseabilities_02",
    "type_id": 1730718,
    "name": "Outlaw's Gem",
    "buff_id": 1730864,
    "socket_type": "E"
  },
  {
    "internal_name": "gem_epic_golddrop_01",
    "type_id": 1730719,
    "name": "Gem of Abundance",
    "buff_id": 1730916,
    "socket_type": "E"
  },
  {
    "internal_name": "gem_epic_golddrop_02",
    "type_id": 1730721,
    "name": "Gem of Affluence",
    "buff_id": 1730917,
    "socket_type": "E"
  },
  {
    "internal_name": "gem_epic_magicdamage_01",
    "type_id": 1730722,
    "name": "Gem of Mystic Sonority",
    "buff_id": 1730861,
    "socket_type": "E"
  },
  {
    "internal_name": "gem_epic_magicdamage_02",
    "type_id": 1730723,
    "name": "Gem of Magic Amplification",
    "buff_id": 1730862,
    "socket_type": "E"
  },
  {
    "internal_name": "gem_epic_manaandhealth_01",
    "type_id": 1730725,
    "name": "Gem of Attenuation",
    "buff_id": 1730859,
    "socket_type": "E"
  },
  {
    "internal_name": "gem_epic_manaandhealth_02",
    "type_id": 1730726,
    "name": "Gem of Mitigation",
    "buff_id": 1730860,
    "socket_type": "E"
  },
  {
    "internal_name": "gem_epic_mightabilities_01",
    "type_id": 1730727,
    "name": "Scrapper's Gem",
    "buff_id": 1730855,
    "socket_type": "E"
  },
  {
    "internal_name": "gem_epic_mightabilities_02",
    "type_id": 1730728,
    "name": "Fighter's Gem",
    "buff_id": 1730856,
    "socket_type": "E"
  },
  {
    "internal_name": "gem_epic_retaliatory_dot_fire_01",
    "type_id": 1730729,
    "name": "Gem of Fiery Reprisal",
    "buff_id": 1730891,
    "socket_type": "E"
  },
  {
    "internal_name": "gem_epic_retaliatory_dot_fire_02",
    "type_id": 1730730,
    "name": "Gem of Infernal Retribution",
    "buff_id": 1730854,
    "socket_type": "E"
  },
  {
    "internal_name": "gem_epic_retaliatory_dot_ice_01",
    "type_id": 1730731,
    "name": "Gem of Icy Reprisal",
    "buff_id": 1730853,
    "socket_type": "E"
  },
  {
    "internal_name": "gem_epic_retaliatory_dot_ice_02",
    "type_id": 1730732,
    "name": "Gem of Frozen Retribution",
    "buff_id": 1730935,
    "socket_type": "E"
  },
  {
    "internal_name": "gem_epic_retaliatory_dot_lightning_01",
    "type_id": 1730734,
    "name": "Gem of Shocking Reprisal",
    "buff_id": 1730851,
    "socket_type": "E"
  },
  {
    "internal_name": "gem_epic_retaliatory_dot_lightning_02",
    "type_id": 1730736,
    "name": "Gem of Electrifying Retribution",
    "buff_id": 1730852,
    "socket_type": "E"
  },
  {
    "internal_name": "gem_epic_retaliatory_dot_poison_01",
    "type_id": 1730737,
    "name": "Gem of Infectious Reprisal",
    "buff_id": 1730849,
    "socket_type": "E"
  },
  {
    "internal_name": "gem_epic_retaliatory_dot_poison_02",
    "type_id": 1730738,
    "name": "Gem of Pestilential Retribution",
    "buff_id": 1730850,
    "socket_type": "E"
  },
  {
    "internal_name": "gem_epic_retaliatory_dot_stun_01",
    "type_id": 1730739,
    "name": "Gem of Arresting Reprisal",
    "buff_id": 1730847,
    "socket_type": "E"
  },
  {
    "internal_name": "gem_epic_retaliatory_dot_stun_02",
    "type_id": 1730740,
    "name": "Gem of Debilitating Retribution",
    "buff_id": 1730848,
    "socket_type": "E"
  },
  {
    "internal_name": "gem_epic_sorceryabilities_01",
    "type_id": 1730742,
    "name": "Magician's Gem",
    "buff_id": 1730845,
    "socket_type": "E"
  },
  {
    "internal_name": "gem_epic_sorceryabilities_02",
    "type_id": 1730743,
    "name": "Wizard's Gem",
    "buff_id": 1730846,
    "socket_type": "E"
  },
  {
    "internal_name": "gem_epic_xpgained_01",
    "type_id": 1730744,
    "name": "Gem of the Attentive",
    "buff_id": 1730843,
    "socket_type": "E"
  },
  {
    "internal_name": "gem_epic_xpgained_02",
    "type_id": 1730745,
    "name": "Gem of the Diligent",
    "buff_id": 1730844,
    "socket_type": "E"
  },
  {
    "internal_name": "gem_epic_manacostdecrease_01",
    "type_id": 1731115,
    "name": "Gem of Transfiguration",
    "buff_id": 1730857,
    "socket_type": "E"
  },
  {
    "internal_name": "gem_epic_manacostdecrease_02",
    "type_id": 1731116,
    "name": "Gem of Reclamation",
    "buff_id": 1730858,
    "socket_type": "E"
  },
  {
    "internal_name": "gem_epic_manacostdecrease_03",
    "type_id": 1731117,
    "name": "Gem of Abatement",
    "buff_id": 1642777,
    "socket_type": "E"
  },
  {
    "internal_name": "gem_unique01",
    "type_id": 1822035,
    "name": "Farraglen's Gem",
    "buff_id": 1822095,
    "socket_type": "W"
  },
  {
    "internal_name": "parent_gem_weapon",
    "type_id": 1874680,
    "name": "Gem",
    "buff_id": 0,
    "socket_type": "W"
  },
  {
    "internal_name": "parent_gem_armor",
    "type_id": 1874681,
    "name": "Gem",
    "buff_id": 0,
    "socket_type": "A"
  },
  {
    "internal_name": "parent_gem_utility",
    "type_id": 1874682,
    "name": "Gem",
    "buff_id": 0,
    "socket_type": "U"
  },
  {
    "internal_name": "parent_gem_epic",
    "type_id": 1874693,
    "name": "Gem",
    "buff_id": 0,
    "socket_type": "E"
  },
  {
    "internal_name": "gem_elementalresistance_01",
    "type_id": 1890331,
    "name": "Gem of Protection",
    "buff_id": 1949707,
    "socket_type": "A"
  },
  {
    "internal_name": "gem_elementalresistance_02",
    "type_id": 1890332,
    "name": "Gem of Refuge",
    "buff_id": 1949709,
    "socket_type": "A"
  },
  {
    "internal_name": "gem_elementalresistance_03",
    "type_id": 1890333,
    "name": "Gem of Shelter",
    "buff_id": 1949710,
    "socket_type": "A"
  },
  {
    "internal_name": "gem_fire_04",
    "type_id": 1903486,
    "name": "Gem of Incineration",
    "buff_id": 1850750,
    "socket_type": "W"
  },
  {
    "internal_name": "gem_ice_04",
    "type_id": 1903487,
    "name": "Gem of Winter",
    "buff_id": 1850751,
    "socket_type": "W"
  },
  {
    "internal_name": "gem_lightning_04",
    "type_id": 1903488,
    "name": "Gem of Tempest",
    "buff_id": 1850752,
    "socket_type": "W"
  },
  {
    "internal_name": "gem_manaleech_04",
    "type_id": 1903489,
    "name": "Gem of Gluttony",
    "buff_id": 1850770,
    "socket_type": "W"
  },
  {
    "internal_name": "gem_physical_04",
    "type_id": 1903491,
    "name": "Galvanizing Gem",
    "buff_id": 1313737,
    "socket_type": "W"
  },
  {
    "internal_name": "gem_poison_04",
    "type_id": 1903493,
    "name": "Gem of Rot",
    "buff_id": 1850761,
    "socket_type": "W"
  },
  {
    "internal_name": "gem_piercing_04",
    "type_id": 1903514,
    "name": "Saboteur's Gem",
    "buff_id": 1313834,
    "socket_type": "W"
  },
  {
    "internal_name": "gem_lifeleech_04",
    "type_id": 1903518,
    "name": "Gem of Bloodletting",
    "buff_id": 1850768,
    "socket_type": "W"
  },
  {
    "internal_name": "gem_stun_04",
    "type_id": 1903526,
    "name": "Gem of Staggering",
    "buff_id": 1883482,
    "socket_type": "U"
  },
  {
    "internal_name": "gem_manaregen_04",
    "type_id": 1903527,
    "name": "Rejuvenating Gem",
    "buff_id": 501592,
    "socket_type": "U"
  },
  {
    "internal_name": "gem_manaincrease_04",
    "type_id": 1903529,
    "name": "Oracle's Gem",
    "buff_id": 1852052,
    "socket_type": "U"
  },
  {
    "internal_name": "gem_healthincrease_04",
    "type_id": 1903530,
    "name": "Hero's Gem",
    "buff_id": 1852025,
    "socket_type": "U"
  },
  {
    "internal_name": "gem_healthregen_04",
    "type_id": 1903531,
    "name": "Regenerating Gem",
    "buff_id": 501585,
    "socket_type": "U"
  },
  {
    "internal_name": "gem_elementalresistance_04",
    "type_id": 1903551,
    "name": "Gem of Haven",
    "buff_id": 1949711,
    "socket_type": "A"
  },
  {
    "internal_name": "gem_fireresistance_04",
    "type_id": 1903552,
    "name": "Gem of Fire Attenuation",
    "buff_id": 1949701,
    "socket_type": "A"
  },
  {
    "internal_name": "gem_iceresistance_04",
    "type_id": 1903553,
    "name": "Gem of Ice Attenuation",
    "buff_id": 1949696,
    "socket_type": "A"
  },
  {
    "internal_name": "gem_lightningresistance_04",
    "type_id": 1903554,
    "name": "Gem of Lightning Attenuation",
    "buff_id": 1949706,
    "socket_type": "A"
  },
  {
    "internal_name": "gem_physicalresistance_04",
    "type_id": 1903555,
    "name": "Gem of Tempering",
    "buff_id": 1850914,
    "socket_type": "A"
  },
  {
    "internal_name": "gem_armorflat_01",
    "type_id": 1903567,
    "name": "Rigid Gem",
    "buff_id": 500437,
    "socket_type": "A"
  },
  {
    "internal_name": "gem_armorflat_02",
    "type_id": 1903622,
    "name": "Shielded Gem",
    "buff_id": 500439,
    "socket_type": "A"
  },
  {
    "internal_name": "gem_armorflat_03",
    "type_id": 1903689,
    "name": "Tempered Gem",
    "buff_id": 1319231,
    "socket_type": "A"
  },
  {
    "internal_name": "gem_armorflat_04",
    "type_id": 1903690,
    "name": "Impregnable Gem",
    "buff_id": 1850887,
    "socket_type": "A"
  },
  {
    "internal_name": "gem_epic_xpgained_04",
    "type_id": 1903699,
    "name": "Gem of the Enlightened",
    "buff_id": 1903714,
    "socket_type": "E"
  },
  {
    "internal_name": "gem_criticaldamage_01",
    "type_id": 1910306,
    "name": "Gem of Justice",
    "buff_id": 527108,
    "socket_type": "W"
  },
  {
    "internal_name": "gem_criticaldamage_02",
    "type_id": 1910307,
    "name": "Gem of Magnitude",
    "buff_id": 527115,
    "socket_type": "W"
  },
  {
    "internal_name": "gem_criticaldamage_03",
    "type_id": 1910308,
    "name": "Gem of Amplitude",
    "buff_id": 1851458,
    "socket_type": "W"
  },
  {
    "internal_name": "gem_poisonresistance_04",
    "type_id": 2036042,
    "name": "Gem of Antidote",
    "buff_id": 2031919,
    "socket_type": "A"
  }
]