[{"id":276720,"name":"Mysterious claw","internal_name":"QuestItem_SQ051_Claw"},{"id":362991,"name":"Ratofer's Boots","internal_name":"QuestItem_SQ06_Boots"},{"id":362992,"name":"Bag of Ratofer's Silverware","internal_name":"QuestItem_SQ06_Silverware"},{"id":362993,"name":"Ratofer's Kerchief","internal_name":"QuestItem_SQ06_Kerchief"},{"id":362994,"name":"Ratofer's Snuffbox","internal_name":"QuestItem_SQ06_Snuffbox"},{"id":362995,"name":"Ratofer's Daggers","internal_name":"QuestItem_SQ06_Dagger"},{"id":362996,"name":"Ratofer's Ring","internal_name":"QuestItem_SQ06_Ring"},{"id":362997,"name":"Ratofer's Charter","internal_name":"QuestItem_SQ06_Charter"},{"id":380733,"name":"Misse Homestead Sign","internal_name":"QuestItem_SQ01_Sign"},{"id":385461,"name":"Palace Retainer's Chain","internal_name":"QuestItem_SQ12_Chain"},{"id":438171,"name":"Draught of the Wandering Well","internal_name":"QuestItem_SQ01_SpringWater"},{"id":439424,"name":"Eye of Amman","internal_name":"QuestItem_SQ07_EyeofBerebescu"},{"id":442776,"name":"Empty bottle of \"Cupella\" wine","internal_name":"QuestItem_SQ07_CupellaWine"},{"id":457190,"name":"Grim's Stealth Kit","internal_name":"TMP_TR01_StealthPotion"},{"id":457799,"name":"Buru's Boots","internal_name":"QuestItem_TR02_BurusBoots"},{"id":461817,"name":"Sun Stone","internal_name":"QuestItem_SA_SunStone"},{"id":462664,"name":"Golden Statue","internal_name":"QuestItem_TR21_GoldStatue"},{"id":462665,"name":"Medical Supplies","internal_name":"QuestItem_TR21_MedicalSupplies"},{"id":467162,"name":"Stinky Carrion","internal_name":"QuestItem_TR02_StinkyStuff"},{"id":467742,"name":"Ornate Box","internal_name":"QuestItem_TR03_OrnateBox"},{"id":467827,"name":"Heart of Sibun","internal_name":"QuestItem_KV03_Artifact"},{"id":469017,"name":"The Master's Pick","internal_name":"QuestItem_TR03_MastersPick"},{"id":470883,"name":"Bust of Odonata","internal_name":"QuestItem_FFQ01_WaterGoblinBust"},{"id":472265,"name":"Crystal","internal_name":"Object_HM04_MirrorFragment_1"},{"id":472271,"name":"Crystal","internal_name":"Object_HM04_MirrorFragment_2"},{"id":472272,"name":"Crystal","internal_name":"Object_HM04_MirrorFragment_3"},{"id":472307,"name":"A Barghest's Beating Heart","internal_name":"QuestItem_SA04_BarghestHeart"},{"id":472442,"name":"Frost Stone","internal_name":"QuestItem_SA_FrostStone"},{"id":474479,"name":"Tear of Mitharu","internal_name":"QuestItem_TR05_MitharuShard"},{"id":476662,"name":"Aethan Engar's Letter","internal_name":"QuestItem_SA04_EngarsNote"},{"id":485283,"name":"Storm Stone","internal_name":"QuestItem_SA_StormStone"},{"id":488735,"name":"The Brutalizer","internal_name":"QuestItem_SA03_TheBrutalizer"},{"id":488736,"name":"Agony and Death","internal_name":"QuestItem_SA03_AgonyAndDeath"},{"id":491708,"name":"Brass Key","internal_name":"QuestItem_SA03_InnKey01"},{"id":494815,"name":"Glass of Ambient","internal_name":"QuestItem_TR06_JemsheeShard"},{"id":501505,"name":"Whistle","internal_name":"QuestItem_HM06_Prismere_Fife"},{"id":501640,"name":"Vault Key","internal_name":"QuestItem_TR07_VaultKey"},{"id":501664,"name":"Missives of Sable (shrouded)","internal_name":"QuestItem_TR07_ShroudFull"},{"id":503722,"name":"The Master's Key","internal_name":"QuestItem_TR06_TombKey"},{"id":504087,"name":"Bag of Winds","internal_name":"QuestItem_TR08_BagOfWinds"},{"id":505402,"name":"Bell Tower Key","internal_name":"QuestItem_HM06_BellTower_Key"},{"id":518143,"name":"Antelope Head","internal_name":"QuestItem_FFQ04_AntelopeTrophy"},{"id":521983,"name":"Silver Chain","internal_name":"QuestItem_SQ13_MagicItem"},{"id":523295,"name":"Potion of Amplification","internal_name":"QuestItem_SQ19_Potion"},{"id":529405,"name":"Canneroc Gossamer","internal_name":"QuestItem_SQ18_CannerocSilk_OBSOLETE"},{"id":531756,"name":"Silkfarmer Remains","internal_name":"QuestItem_FFQ05_Urn_1"},{"id":533428,"name":"A Shard of Nyralim","internal_name":"QuestItem_SQ22_nyralimshard"},{"id":534418,"name":"Shard","internal_name":"PARENT_Shard_All"},{"id":543134,"name":"Processed Silver","internal_name":"QuestItem_M0_SQ06_ProcessedSilver"},{"id":543546,"name":"Ratofer's Ring","internal_name":"QuestItem_SQ24_CleanRing"},{"id":544302,"name":"Gem Lattice","internal_name":"QuestItem_SQ25_Gears"},{"id":544303,"name":"Mana Pendulum","internal_name":"QuestItem_SQ25_Tubing"},{"id":544304,"name":"Belt of Fluidity","internal_name":"QuestItem_SQ25_HideBelt"},{"id":557529,"name":"Codex of Destiny","internal_name":"QuestItem_MQ03_Codex"},{"id":563411,"name":"Key to Hunter's Pit","internal_name":"QuestItem_MQ04_MineKey"},{"id":569951,"name":"Gastyr Key","internal_name":"QuestItem_SQ31_GastyrKey"},{"id":572933,"name":"Inititation Chamber Key","internal_name":"QuestItem_SQ33_Key"},{"id":576338,"name":"Master's Tallow","internal_name":"QuestItem_SQ46_Ore"},{"id":578072,"name":"Centurion's Key","internal_name":"QuestItem_TR01_AdessaKey"},{"id":579088,"name":"Aurenda's Light","internal_name":"QuestItem_SQ44_Macguffin"},{"id":580016,"name":"Key to Mayor's House","internal_name":"DEV_QuestItem_AWE_BOX_Key"},{"id":584242,"name":"Hreid's Key","internal_name":"QuestItem_SQ35_HreidKey"},{"id":590450,"name":"Erathi Windchime","internal_name":"QuestItem_MQ09_Chime"},{"id":594245,"name":"Rose-of-Shadows","internal_name":"QuestItem_SQ62_Poison"},{"id":594801,"name":"Ore sample","internal_name":"QuestItem_SQ53_Ore"},{"id":596100,"name":"Notes of Octienne's Crimes","internal_name":"Book_MQ08_Journal"},{"id":597152,"name":"Deed of Purity","internal_name":"QuestItem_SQ53_Deed"},{"id":598058,"name":"Faintheart's Key","internal_name":"QuestItem_FFQ999_DoorKey"},{"id":599721,"name":"Adarus Key","internal_name":"QuestItem_FFQ998_DryadKey"},{"id":599746,"name":"Adarus Keyblade Seed","internal_name":"QuestItem_FFQ998_KeyBladeSeed"},{"id":599763,"name":"Adarus Keybow Seed","internal_name":"QuestItem_FFQ998_KeyBowSeed"},{"id":599764,"name":"Adarus Keybinding Seed","internal_name":"QuestItem_FFQ998_KeyBindingSeed"},{"id":612795,"name":"Missives of Sable","internal_name":"QuestItem_TR01_Artifact"},{"id":615974,"name":"Mysterious Cure","internal_name":"QuestItem_SQ66_Cure"},{"id":616782,"name":"[DEV] Dummy Head","internal_name":"DEV_DummyHead"},{"id":621325,"name":"Storage case","internal_name":"QuestItem_HM04_CrystalCase"},{"id":621621,"name":"Desk Key","internal_name":"QuestItem_HM04_EtairsKey"},{"id":622755,"name":"Crystal","internal_name":"QuestItem_HM04_FinalCrystal"},{"id":624483,"name":"Two Knights and a Troll, Part II","internal_name":"Object_HM02_Book_SongofSirSagrell"},{"id":624484,"name":"Two Knights and a Troll, Part I","internal_name":"Object_HM02_Book_BalladofBloodyBones"},{"id":624528,"name":"Two Knights and a Troll, Part V","internal_name":"Object_HM02_Book_TwoKnightsandTroll"},{"id":624673,"name":"Two Knights and a Troll, Part IV","internal_name":"Object_HM02_Book_CursedKingdom"},{"id":624674,"name":"Two Knights and a Troll, Part III","internal_name":"Object_HM02_Book_OleynCureseeker"},{"id":624675,"name":"Age of Enchantment","internal_name":"Object_HM02_Book_AgeofEnchantment"},{"id":624676,"name":"Hero and the Maid","internal_name":"Object_HM02_Book_HeroandtheMaid"},{"id":624677,"name":"The Great Inheritance","internal_name":"Object_HM02_Book_TheGreatInheritance"},{"id":640107,"name":"Ordination Rites","internal_name":"Item_Gorhart_OrdinationTome"},{"id":640138,"name":"Til's Collection I","internal_name":"Book_Gorhart_TilsCollection_1"},{"id":640139,"name":"Til's Collection II","internal_name":"Book_Gorhart_TilsCollection_2"},{"id":640140,"name":"Til's Collection III","internal_name":"Book_Gorhart_TilsCollection_3"},{"id":640142,"name":"Til's Collection IV","internal_name":"Book_Gorhart_TilsCollection_4"},{"id":640143,"name":"Til's Collection V","internal_name":"Book_Gorhart_TilsCollection_5"},{"id":640144,"name":"Til's Collection VI","internal_name":"Book_Gorhart_TilsCollection_6"},{"id":640148,"name":"Til's Collection VII","internal_name":"Book_Gorhart_TilsCollection_7"},{"id":640151,"name":"Til's Collection VIII","internal_name":"Book_Gorhart_TilsCollection_8"},{"id":640153,"name":"Til's Collection X","internal_name":"Book_Gorhart_TilsCollection_10"},{"id":644900,"name":"Warsworn Monuments Key","internal_name":"QuestItem_KV07_Key1"},{"id":645024,"name":"Erathi Token","internal_name":"QuestItem_KV07_Coin"},{"id":647581,"name":"Amman's Key - Winter","internal_name":"Item_Glendara_AmmansKey_1"},{"id":647582,"name":"Amman's Key - Autumn","internal_name":"Item_Glendara_AmmansKey_2"},{"id":647583,"name":"Amman's Key - Summer","internal_name":"Item_Glendara_AmmansKey_3"},{"id":647584,"name":"Amman's Key - Spring","internal_name":"Item_Glendara_AmmansKey_4"},{"id":647585,"name":"Amman's Key - Esharra","internal_name":"Item_Glendara_AmmansKey_5"},{"id":650315,"name":"Resurrection Potion","internal_name":"QuestItem_HM05_PrismereInk"},{"id":661397,"name":"Reedsong Cellar Key","internal_name":"QuestItem_Galafor_CellarKey"},{"id":669754,"name":"Storage Room Key","internal_name":"Didenhil_StorageKey"},{"id":670007,"name":"Key to Awesome House","internal_name":"DEV_QuestItem_AWE_BOX_PlayerHouseKey"},{"id":672385,"name":"King's Token","internal_name":"SocketableItem_HM07_Prismere"},{"id":676530,"name":"Shroud of Omission","internal_name":"QuestItem_TR07_Shroud"},{"id":679808,"name":"Missives of Sable (shrouded)","internal_name":"QuestItem_TR08_ShroudFull"},{"id":680387,"name":"Sanctum Key","internal_name":"QuestItem_TR08_SanctumKey"},{"id":692490,"name":"Red Legion dagger","internal_name":"QuestItem_SQ23_Dagger"},{"id":692884,"name":"Red Legion dagger","internal_name":"QuestItem_SQ23_Dagger_2"},{"id":692885,"name":"Red Legion dagger","internal_name":"QuestItem_SQ23_Dagger_3"},{"id":694435,"name":"Key to Gossamer End","internal_name":"Item_PlayerHouseKey_Canneroc"},{"id":695183,"name":"Brother Delf's key","internal_name":"QuestItem_SQ23_DelfsKey"},{"id":696701,"name":"Patrick Morkan's Key","internal_name":"SA03_MorkanKey"},{"id":698391,"name":"Adessa Prison Key","internal_name":"Key_Prison_Adessa"},{"id":698392,"name":"Ysa Prison Key","internal_name":"Key_Prison_Ysa"},{"id":698393,"name":"Mel Senshir Prison Key","internal_name":"Key_Prison_MelSenshir"},{"id":698394,"name":"Rathir Prison Key","internal_name":"Key_Prison_Rathir"},{"id":698395,"name":null,"internal_name":"PARENT_Key_Prison"},{"id":699902,"name":"Donnel Cutty's Ring","internal_name":"QuestItem_SA04_DonnelCuttysRing"},{"id":702355,"name":"Honey-Berry mash","internal_name":"QuestItem_SQ12_Carrot"},{"id":711419,"name":"Aewald's Notes","internal_name":"QuestItem_FFQ15_Page_1"},{"id":711461,"name":"Cathrus Key","internal_name":"QuestItem_SQ17_CathrusKey"},{"id":711485,"name":"Dulstan's Notes","internal_name":"QuestItem_FFQ15_Page_2"},{"id":711486,"name":"Kallas' Notes","internal_name":"QuestItem_FFQ15_Page_3"},{"id":711487,"name":"Odi's Notes","internal_name":"QuestItem_FFQ15_Page_4"},{"id":711488,"name":"Wildfrold's Notes","internal_name":"QuestItem_FFQ15_Page_5"},{"id":721187,"name":"Dusk Shard","internal_name":"EnvQuestItem_SQ36_DuskShard"},{"id":735990,"name":"Invoice from Sigra Thorin","internal_name":"QuestItem_FFQ22_Invoice_1"},{"id":747690,"name":"Bodan's Amulet","internal_name":"QuestItem_FFQ20_BodanCirclet"},{"id":747748,"name":"Heric's Amulet","internal_name":"QuestItem_FFQ20_HericCirclet"},{"id":747749,"name":"The Aster Key","internal_name":"QuestItem_FFQ20_AsterKey"},{"id":749131,"name":"Motus Mining (Days 1-12)","internal_name":"QuestItem_FFQ25_GnomeNote"},{"id":750221,"name":"Culminite deposit","internal_name":"QuestItem_FFQ26_Ore_Deposit"},{"id":754591,"name":"The Everburning Candle","internal_name":"QuestItem_SA06_Candle"},{"id":754664,"name":"The Sparking Key","internal_name":"QuestItem_SA06_Key"},{"id":755286,"name":"Motus Mining (Days 1-24)","internal_name":"QuestItem_FFQ25_GnomeNote_2"},{"id":755287,"name":"Motus Mining (Days 25-44)","internal_name":"QuestItem_FFQ25_GnomeNote_3"},{"id":755288,"name":"Motus Mining (Days 45-50)","internal_name":"QuestItem_FFQ25_GnomeNote_4"},{"id":755289,"name":"Motus Mining (Day 51)","internal_name":"QuestItem_FFQ25_GnomeNote_5"},{"id":757089,"name":"Deed to Skoria Mine","internal_name":"QuestItem_SQ52_Deed"},{"id":757500,"name":"The Dark Empyrean","internal_name":"QuestItem_SA06_PuzzleBook"},{"id":757668,"name":"Key to Corgan Hold Vault","internal_name":"QuestItem_SQ24_VaultKey"},{"id":760360,"name":"Imelda's Charm","internal_name":"QuestItem_FFQ32_ImeldaCharm"},{"id":760703,"name":"Death Notice: Frea Almar","internal_name":"QuestItem_FFQ24_DeathNotice_1"},{"id":760705,"name":"Death Notice: Erran Brant","internal_name":"QuestItem_FFQ24_DeathNotice_2"},{"id":760706,"name":"Death Notice: Mal Dydyn","internal_name":"QuestItem_FFQ24_DeathNotice_3"},{"id":806627,"name":"Whitestone Cage Key","internal_name":"QuestItem_SQ54_CageKey"},{"id":854510,"name":"Darkvari Treasure Map","internal_name":"QuestItem_SQ54_DarkvariMap"},{"id":854861,"name":"Mysterious Parchment","internal_name":"QuestItem_SQ54_MysteriousParchment"},{"id":1097924,"name":"The Archsage's Key","internal_name":"QuestItem_SA06_BarkeepKey"},{"id":1164003,"name":"Jayck's Knife","internal_name":"QuestItem_FFQ35_JayckDagger"},{"id":1164419,"name":"Poison Gland","internal_name":"QuestItem_FFQ36_PoisonGland"},{"id":1240811,"name":"Silkfarmer Remains","internal_name":"QuestItem_FFQ05_Urn_2"},{"id":1240812,"name":"Silkfarmer Remains","internal_name":"QuestItem_FFQ05_Urn_3"},{"id":1240813,"name":"Silkfarmer Remains","internal_name":"QuestItem_FFQ05_Urn_4"},{"id":1240814,"name":"Silkfarmer Remains","internal_name":"QuestItem_FFQ05_Urn_5"},{"id":1240818,"name":"Silkfarmer Remains","internal_name":"QuestItem_FFQ05_Urn_6"},{"id":1241355,"name":"Nil Kerns' Key","internal_name":"QuestItem_SQ41_NilKernsKey"},{"id":1248215,"name":"The Archsage's Key","internal_name":"QuestItem_SA08_ArchsagesKey"},{"id":1254915,"name":"Boggart Mask","internal_name":"QuestItem_SQ83_BoggartMask"},{"id":1254916,"name":"Troll Skull","internal_name":"QuestItem_SQ83_TrollSkull"},{"id":1254930,"name":"Barghest Skin","internal_name":"QuestItem_SQ83_BarghestSkin"},{"id":1254931,"name":"Spider Egg","internal_name":"QuestItem_SQ83_SpiderEgg"},{"id":1254932,"name":"Leanashe Tentacle","internal_name":"QuestItem_SQ83_LeanasheTentacle"},{"id":1256965,"name":"A Paragon Thresh Claw","internal_name":"QuestItem_SQ19_ThreshClaw"},{"id":1257226,"name":"Key to Mayor's Cave","internal_name":"QuestItem_SQ150_Key_MayorsCave"},{"id":1270942,"name":"Plagueshield","internal_name":"QuestItem_SQ86_PlagueShield1"},{"id":1273016,"name":"Letter for Esklad","internal_name":"QuestItem_SQ87_Letter"},{"id":1274287,"name":"Courdan's Letter","internal_name":"QuestItem_SQ58_Letter"},{"id":1274288,"name":"Parwen's Orders","internal_name":"QuestItem_SQ58_Orders"},{"id":1274855,"name":"Rialte Brocaire","internal_name":"QuestItem_SQ02_RialteBrocaire"},{"id":1274857,"name":"Zephyranth","internal_name":"QuestItem_SQ02_Zephyranth"},{"id":1274858,"name":"Letter to Mattix Dace","internal_name":"QuestItem_SQ02_Letter"},{"id":1275079,"name":"Bloodstone","internal_name":"QuestItem_SQ02_Gem"},{"id":1275080,"name":"Threadbare Circlet","internal_name":"QuestItem_SQ02_Circlet"},{"id":1275081,"name":"Rose of Kandrian","internal_name":"QuestItem_SQ02_Rose"},{"id":1275350,"name":"Plagueshield","internal_name":"QuestItem_SQ86_PlagueShield2"},{"id":1278654,"name":"Feride's Report","internal_name":"QuestItem_SQ59_Report"},{"id":1278659,"name":"Consistorium Key","internal_name":"QuestItem_SQ59_Key"},{"id":1282403,"name":"Painting of Galafor","internal_name":"QuestItem_SQ11_Painting"},{"id":1282406,"name":"Sunspar Box","internal_name":"QuestItem_SQ11_Box"},{"id":1282409,"name":"Ancient Volume","internal_name":"QuestItem_SQ11_Book"},{"id":1282415,"name":"Jade Urn","internal_name":"QuestItem_SQ11_Urn"},{"id":1282462,"name":"Tyrenium Ring","internal_name":"QuestItem_SQ11_Ring"},{"id":1282501,"name":"Winter Court Necklace","internal_name":"QuestItem_SQ11_Necklace"},{"id":1292138,"name":"Reddle's Invitiation","internal_name":"QuestItem_SQ57_ReddleInvitation"},{"id":1296375,"name":"Azo's Wish","internal_name":"QuestItem_SQ78_AzoRing_1"},{"id":1296376,"name":"Azo's Wealth","internal_name":"QuestItem_SQ78_AzoRing_2"},{"id":1296377,"name":"Azo's Wisdom","internal_name":"QuestItem_SQ78_AzoRing_3"},{"id":1296566,"name":"Gent's Bursar Key","internal_name":"QuestItem_Adessa_GentKey"},{"id":1296567,"name":"Airancourt's Bursar Key","internal_name":"QuestItem_Adessa_AirancourtKey"},{"id":1296579,"name":"Criet's Bursar Key","internal_name":"QuestItem_Adessa_CrietKey"},{"id":1296581,"name":"Daedinnear's Bursar Key","internal_name":"QuestItem_Adessa_DaedinnearKey"},{"id":1296583,"name":"Stebic's Bursar Key","internal_name":"QuestItem_Adessa_StebicKey"},{"id":1296585,"name":"Tennes' Bursar Key","internal_name":"QuestItem_Adessa_TennesKey"},{"id":1296586,"name":"Vere's Bursar Key","internal_name":"QuestItem_Adessa_VereKey"},{"id":1296587,"name":"Montainel's Bursar Key","internal_name":"QuestItem_Adessa_MontainelKey"},{"id":1296588,"name":"Cevrus' Bursar Key","internal_name":"QuestItem_Adessa_CevrusKey"},{"id":1296589,"name":"Ouet's Bursar Key","internal_name":"QuestItem_Adessa_OuetKey"},{"id":1302629,"name":"Essence of Valor","internal_name":"QuestItem_MQ15_Essence"},{"id":1304065,"name":"Amrynthian Band","internal_name":"QuestItem_SQ02_AmrynthianBand"},{"id":1304781,"name":"Adessa II","internal_name":"QuestItem_FFQ49_Book2"},{"id":1304782,"name":"Adessa III","internal_name":"QuestItem_FFQ49_Book3"},{"id":1304783,"name":"Adessa IV","internal_name":"QuestItem_FFQ49_Book4"},{"id":1304784,"name":"Adessa V","internal_name":"QuestItem_FFQ49_Book5"},{"id":1304785,"name":"Adessa VI","internal_name":"QuestItem_FFQ49_Book6"},{"id":1304786,"name":"Adessa VII","internal_name":"QuestItem_FFQ49_Book7"},{"id":1304787,"name":"Adessa VIII","internal_name":"QuestItem_FFQ49_Book8"},{"id":1310146,"name":"Uror","internal_name":"QuestItem_SQ97_StatueA"},{"id":1310147,"name":"Veshani","internal_name":"QuestItem_SQ97_StatueB"},{"id":1310148,"name":"Atropos","internal_name":"QuestItem_SQ97_StatueC"},{"id":1313733,"name":"Cookie","internal_name":"QuestItem_QA01_Cookie"},{"id":1316119,"name":"Key to Bailegard","internal_name":"QuestItem_FP02_BailegardKey"},{"id":1321654,"name":"Capstan's Knife","internal_name":"QuestItem_SQ95_CapstansKnife"},{"id":1331835,"name":"Drink Key","internal_name":"QuestItem_QA01_DrinkKey"},{"id":1332352,"name":null,"internal_name":"QuestItem_QA01_Drink"},{"id":1333110,"name":"Antelope Head","internal_name":"QuestItem_FFQ04_AntelopeTrophy2"},{"id":1333111,"name":"Antelope Head","internal_name":"QuestItem_FFQ04_AntelopeTrophy3"},{"id":1333112,"name":"Antelope Head","internal_name":"QuestItem_FFQ04_AntelopeTrophy4"},{"id":1336234,"name":"Kobold Clan Totem","internal_name":"EnvQuestItem_SQ108_Banner"},{"id":1339697,"name":"Key to Ohn's Stand","internal_name":"QuestItem_TR01_OhnsKey"},{"id":1343845,"name":"Petrichor","internal_name":"QuestItem_FFQ53_Petrichor"},{"id":1348185,"name":"Votive of Stone","internal_name":"QuestItem_FP05_Key1"},{"id":1348186,"name":"Votive of Leaf","internal_name":"QuestItem_FP05_Key2"},{"id":1348195,"name":"Votive of Flame","internal_name":"QuestItem_FP05_Key3"},{"id":1348745,"name":"Map piece","internal_name":"QuestItem_FFQ58_MapPiece1"},{"id":1349189,"name":"Map piece","internal_name":"QuestItem_FFQ58_MapPiece2"},{"id":1349190,"name":"Map piece","internal_name":"QuestItem_FFQ58_MapPiece3"},{"id":1349191,"name":"Map piece","internal_name":"QuestItem_FFQ58_MapPiece4"},{"id":1349288,"name":null,"internal_name":"QuestItem_FFQ58_MapComplete"},{"id":1352903,"name":"Bardan Tam's Pendant","internal_name":"QuestItem_SQ111_Pendant"},{"id":1353302,"name":"Votive of Water","internal_name":"QuestItem_FP05_Key4"},{"id":1353656,"name":"Sinsear Totem","internal_name":"QuestItem_FP05_SinsearKey"},{"id":1354027,"name":"A Withered Branch","internal_name":"QuestItem_FP05_SorrowsKey"},{"id":1354843,"name":"Ost's Commendation","internal_name":"QuestItem_KV01_Commendation"},{"id":1361191,"name":"Heart of Sibun","internal_name":"EnvQuestItem_KV03_HeartOfSibun"},{"id":1367411,"name":"Aster Map","internal_name":"QuestItem_FFQ20_AsterMap"},{"id":1367928,"name":"Seed","internal_name":"QuestItem_SQ04_Seed"},{"id":1379014,"name":"Osgar Krast's Blade","internal_name":"QuestItem_KV01_Dagger_OsgarKrast"},{"id":1379015,"name":"Medgar Krast's Blade","internal_name":"QuestItem_KV01_Dagger_MedgarKrast"},{"id":1382003,"name":"Invoice from Sigra Thorin","internal_name":"QuestItem_FFQ22_Invoice_2"},{"id":1382004,"name":"Invoice from Sigra Thorin","internal_name":"QuestItem_FFQ22_Invoice_3"},{"id":1382005,"name":"Invoice from Sigra Thorin","internal_name":"QuestItem_FFQ22_Invoice_4"},{"id":1382007,"name":"Invoice from Sigra Thorin","internal_name":"QuestItem_FFQ22_Invoice_5"},{"id":1382480,"name":"Contract (Seal Broken)","internal_name":"QuestItem_SQ14_Scroll_Readable"},{"id":1382482,"name":"Contract (Sealed)","internal_name":"QuestItem_SQ14_Scroll_Sealed"},{"id":1386561,"name":"Bolgan eye","internal_name":"QuestItem_SQ115_BolganEye"},{"id":1388395,"name":"The Ansilla Key","internal_name":"QuestItem_SQ116_AnsillaKey"},{"id":1388821,"name":"Drewn's Ring","internal_name":"QuestItem_SQ116_DrewnsRing"},{"id":1391869,"name":"Vernis' Report","internal_name":"QuestItem_SQ118_VenrisOrders"},{"id":1402829,"name":"The Key to Aodh","internal_name":"QuestItem_SA02_AodhKey"},{"id":1428116,"name":"Arduath Totem","internal_name":"QuestItem_TR02_ArduathTotem"},{"id":1432331,"name":"Ruby Gemstone","internal_name":"QuestItem_SQ68_RubyGemstone"},{"id":1434049,"name":"Stebic Lab Key","internal_name":"QuestItem_TR03_LabKey"},{"id":1440650,"name":"Amphora (Empty)","internal_name":"QuestItem_SQ120_Vessel_0"},{"id":1440755,"name":"Amphora (Partly Filled)","internal_name":"QuestItem_SQ120_Vessel_1"},{"id":1440756,"name":"Amphora (Partly Filled)","internal_name":"QuestItem_SQ120_Vessel_2"},{"id":1440757,"name":"Amphora (Full)","internal_name":"QuestItem_SQ120_Vessel_3"},{"id":1444706,"name":"Silver Phial","internal_name":"QuestItem_SQ67_SilverPhial"},{"id":1446207,"name":"Ceremonial Figurine","internal_name":"QuestItem_SQ120_CeremonialItem"},{"id":1449510,"name":"Poisoned Wine","internal_name":"QuestItem_SQ63_PoisonWine"},{"id":1452836,"name":"Lapidus Root","internal_name":"EnvQuestItem_SQ63_Lapidus"},{"id":1453939,"name":"Old Red Ledger","internal_name":"QuestItem_SQ123_Macguffin"},{"id":1459407,"name":"Notice of Duty","internal_name":"QuestItem_SQ122_Notice_1"},{"id":1459414,"name":"Notice of Duty","internal_name":"QuestItem_SQ122_Notice_2"},{"id":1459415,"name":"Notice of Duty","internal_name":"QuestItem_SQ122_Notice_3"},{"id":1459416,"name":"Notice of Duty","internal_name":"QuestItem_SQ122_Notice_4"},{"id":1476583,"name":"Maybryn Wine","internal_name":"QuestItem_SQ149_Wine"},{"id":1485794,"name":"Letter from Varani ambassador","internal_name":"QuestItem_SQ126_Letter"},{"id":1500541,"name":"Bristletongue Seeds","internal_name":"QuestItem_SQ84_Seeds"},{"id":1501052,"name":"Mysterious Note","internal_name":"QuestItem_SQ84_Note"},{"id":1508105,"name":"Strange Leaf","internal_name":"QuestItem_FFQ61_Grass01"},{"id":1521383,"name":"Water Vessel","internal_name":"QuestItem_SQ93_Vial"},{"id":1526742,"name":"Warsworn Vault Key","internal_name":"QuestItem_KV_Key_Helmgard"},{"id":1527277,"name":"Crumpled Note","internal_name":"HV02_Note"},{"id":1527353,"name":"Heart of Sibun","internal_name":"QuestItem_KVSQ02_HeartOfSibun"},{"id":1527447,"name":"Small, White VIal","internal_name":"QuestItem_HV02_Vial"},{"id":1533569,"name":"The Book of Gentle Beasts","internal_name":"EnvQuestItem_KVSQ03_Book"},{"id":1536982,"name":"Marriage Band","internal_name":"QuestItem_KVSQ04_WeddingBand"},{"id":1539185,"name":"Grinning Vane's Armband","internal_name":"QuestItem_KVSQ06_VanesArmband"},{"id":1540183,"name":"Eldric's Staff","internal_name":"QuestItem_KVSQ07_Staff"},{"id":1540662,"name":"Sacred Tract","internal_name":"QuestItem_KVSQ08_Scroll"},{"id":1541274,"name":"Surgeon's Blades","internal_name":"QuestItem_KVSQ09_Scalpels"},{"id":1541341,"name":"Spider Stingers","internal_name":"QuestItem_KVSQ10_SpiderBit"},{"id":1553568,"name":"Damalroc Scales Key","internal_name":"QuestItem_FP04_DamalrocKey"},{"id":1554182,"name":"Sylvanite Blade Shipment","internal_name":"ITEM_HV04_Sylvanite"},{"id":1556597,"name":"Summer Court Imperial","internal_name":"SQ133_Item_SummerCourtImperial"},{"id":1556683,"name":"Fae Stone","internal_name":"SQ125_Stone"},{"id":1569019,"name":"Warden's Emblem","internal_name":"QuestItem_SQ137_Key"},{"id":1571989,"name":"Sorrogweth Fungus","internal_name":"EnvQuestItem_SQ139_Fungus"},{"id":1574046,"name":"Prepared Raw Prismere","internal_name":"QuestItem_FFQ68_Prismere_Raw"},{"id":1577694,"name":"Torch","internal_name":"QuestItem_SQ94_Torch"},{"id":1578096,"name":"Tomb of Fyragnos Key","internal_name":"QuestItem_RedMarches_TombKey"},{"id":1590000,"name":null,"internal_name":"QuestItem_SQ67_Shard_01"},{"id":1602813,"name":"A Bloodsoaked Journal","internal_name":"QuestItem_SQ128_Journal"},{"id":1605143,"name":"Dead Man's Journal","internal_name":"QuestItem_FFQ61_Journal"},{"id":1605831,"name":"Officer's Pass","internal_name":"Key_Officers_Pass"},{"id":1606913,"name":"Key to Rithen","internal_name":"Key_To_Rithen"},{"id":1611856,"name":"Collections Purse","internal_name":"QuestItem_SQ147_CollectionsPurse"},{"id":1612017,"name":"Engraved Hammer","internal_name":"QuestItem_FFQ73_Gregor_Hammer"},{"id":1612044,"name":"Jillian's Amulet","internal_name":"QuestItem_FFQ74_Jillian_Amulet"},{"id":1612051,"name":"Fae Flower","internal_name":"QuestItem_FFQ75_Asela_Flower"},{"id":1612052,"name":"Unique Sword","internal_name":"QuestItem_FFQ76_Saresa_Sword"},{"id":1612065,"name":"Proper Trading Practices","internal_name":"QuestItem_FFQ77_Cadeth_BookofTrade"},{"id":1612066,"name":"Slightly Worn Book","internal_name":"QuestItem_FFQ78_Zohvari_BookofRhymes"},{"id":1612067,"name":"Crystal Shard Fragment","internal_name":"QuestItem_FFQ79_Worick_CrystalShard"},{"id":1621194,"name":"Grilricas' Medallion","internal_name":"QuestItem_TRSQ01_GrilriacsMedallion"},{"id":1621195,"name":"St. Eadric's Pall","internal_name":"QuestItem_TRSQ01_EadricsRemains"},{"id":1621691,"name":null,"internal_name":"PARENT_Book"},{"id":1622710,"name":"Gunnar Frode's Key","internal_name":"QuestItem_TRSQ01_Key"},{"id":1631508,"name":"Ghennig Tower Key","internal_name":"QuestItem_SQ119_DoorKey"},{"id":1632173,"name":"Carasta's Contract","internal_name":"QuestItem_SQ149_Contract"},{"id":1632174,"name":"Carasta's Contract - Signed","internal_name":"QuestItem_SQ149_Contract_Signed"},{"id":1632745,"name":"Chalice of Forced Vintage","internal_name":"QuestItem_TRSQ02_VintageMaker"},{"id":1634819,"name":"Death Notice: Tak Edstar","internal_name":"QuestItem_FFQ24_DeathNotice_4"},{"id":1634849,"name":"Death Notice: Ina Sawerth","internal_name":"QuestItem_FFQ24_DeathNotice_5"},{"id":1634859,"name":"Death Notice: Astley Golgoti","internal_name":"QuestItem_FFQ24_DeathNotice_6"},{"id":1634862,"name":"Death Notice: Joanne Gortan","internal_name":"QuestItem_FFQ24_DeathNotice_7"},{"id":1634863,"name":"Death Notice: Ram Leodwald","internal_name":"QuestItem_FFQ24_DeathNotice_8"},{"id":1637986,"name":"Key to Mayor's Villa","internal_name":"QuestItem_SQ150_Key_MayorsVilla"},{"id":1637990,"name":"Key to Mayor's Cottage","internal_name":"QuestItem_SQ150_MayorsCottage"},{"id":1638706,"name":"Confession of Mayor Taklari","internal_name":"QuestItem_SQ150_TravelersDocument"},{"id":1643316,"name":"Glass of Ambient","internal_name":"OBJ_TR06_GlassofAmbient"},{"id":1646539,"name":"Notice of Seizure","internal_name":"QuestItem_TR03_ContrabandNotice"},{"id":1646540,"name":"Eloren's Note to Guian","internal_name":"QuestItem_TR03_StebicNote"},{"id":1646541,"name":"Armory Master Key","internal_name":"QuestItem_TR03_DeskKey"},{"id":1646717,"name":"Darkvari Key","internal_name":"QuestItem_TRSQ03_DarkvariKey"},{"id":1646720,"name":"Maun's Key","internal_name":"QuestItem_TRSQ03_CynricKey"},{"id":1646721,"name":"Zungar Key","internal_name":"QuestItem_TRSQ03_ZungarKey"},{"id":1646722,"name":"Maun's Triple Key","internal_name":"QuestItem_TRSQ03_TripleKey"},{"id":1646762,"name":"Khleran's Key","internal_name":"QuestItem_SQ119_KhleranKey"},{"id":1646878,"name":"Maun's Note","internal_name":"QuestItem_TRSQ03_MaunsNote"},{"id":1651336,"name":"Slavers Contract","internal_name":"QuestItem_SQ61_Contract"},{"id":1652925,"name":"Ansilla Doll","internal_name":"QuestItem_FFQ84_Doll_1"},{"id":1652934,"name":"Ansilla Doll","internal_name":"QuestItem_FFQ84_Doll_2"},{"id":1652937,"name":"Ansilla Doll","internal_name":"QuestItem_FFQ84_Doll_3"},{"id":1652938,"name":"Ansilla Doll","internal_name":"QuestItem_FFQ84_Doll_4"},{"id":1652939,"name":"Ansilla Doll","internal_name":"QuestItem_FFQ84_Doll_5"},{"id":1660827,"name":"An Ornate Key","internal_name":"SA01_DelvingHallKey"},{"id":1664320,"name":"Letter from Lord Erran Gastyr","internal_name":"QuestItem_SQ114_BrunLetter"},{"id":1666162,"name":"Ansilla Dungeon key","internal_name":"QuestItem_SQ151_Key"},{"id":1666165,"name":"Tuatha Dagger","internal_name":"QuestItem_SQ151_Dagger"},{"id":1684309,"name":"Relic","internal_name":"QuestItem_SQ121_Relic"},{"id":1686169,"name":"Note from Reddle Mane","internal_name":"QuestItem_SQ57_ReddleNote"},{"id":1686170,"name":"Note from Courdan Passant","internal_name":"QuestItem_SQ57_CourdanNote"},{"id":1686174,"name":"Letter from Feride Ouet","internal_name":"QuestItem_SQ57_FerideNote"},{"id":1687359,"name":"Villa Key","internal_name":"QuestItem_SQ57_VillaKey"},{"id":1694724,"name":"The Flame of Rhyderk","internal_name":"QuestItem_Ballads_Lore_1"},{"id":1694743,"name":"Shadow of Enfamanir","internal_name":"QuestItem_Ballads_Lore_2"},{"id":1694748,"name":"Treasures of Meropis","internal_name":"QuestItem_Ballads_Lore_3"},{"id":1694749,"name":"Cureseeker","internal_name":"QuestItem_Ballads_Lore_4"},{"id":1700091,"name":"Dolve Wayle Vault Key","internal_name":"QuestItem_SQ26_VaultKey"},{"id":1700692,"name":"Signet Ring of Lord Kandrian","internal_name":"QuestItem_SQ97_KandriansRing"},{"id":1702718,"name":"Farewell Note","internal_name":"MQ17_Alyn_Note"},{"id":1704223,"name":"Motus Handbook","internal_name":"QuestItem_SQ153_MotusHandbook"},{"id":1707674,"name":"Adessa I","internal_name":"QuestItem_FFQ49_StartBook"},{"id":1718930,"name":"Finding the Aster Inheritance","internal_name":"QuestItem_FFQ20_Letter"},{"id":1722954,"name":"Warsworn Vault Key","internal_name":"QuestItem_KV04_KeyCopy"},{"id":1726826,"name":"Kobold Vial","internal_name":"QuestItem_FFQ21_KoboldVial"},{"id":1726827,"name":"Crudok Vial","internal_name":"QuestItem_FFQ21_CrudokVial"},{"id":1726828,"name":"Ettin Vial","internal_name":"QuestItem_FFQ21_EttinVial"},{"id":1726829,"name":"Jottun Vial","internal_name":"QuestItem_FFQ21_JottunVial"},{"id":1729518,"name":"Kobold Vial","internal_name":"QuestItem_FFQ21_KoboldVialFull"},{"id":1729519,"name":"Crudok Vial","internal_name":"QuestItem_FFQ21_CrudokVialFull"},{"id":1729522,"name":"Ettin Vial","internal_name":"QuestItem_FFQ21_EttinVialFull"},{"id":1729523,"name":"Jottun Vial","internal_name":"QuestItem_FFQ21_JottunVialFull"},{"id":1745482,"name":"Calovar's Relic","internal_name":"QuestItem_SQ96_EdgarStone"},{"id":1766977,"name":"Cage Key","internal_name":"QuestItem_SQ67_CageKey"},{"id":1769757,"name":"Alleia's Ring","internal_name":"QuestItem_SQ68_AlleiasRing"},{"id":1774451,"name":"Ceremonial Faeblades","internal_name":"QuestItem_SQ56_Faeblades"},{"id":1775720,"name":"Staff of the Sun","internal_name":"QuestItem_SQ56_Staff"},{"id":1775730,"name":"Robes of Elona","internal_name":"QuestItem_SQ56_Robes"},{"id":1775954,"name":"Mystic Hammer Remains","internal_name":"QuestItem_KV07_MysticHammer_Ruined"},{"id":1778587,"name":"Antelope Head","internal_name":"QuestItem_FFQ04_AntelopeTrophy5"},{"id":1778588,"name":"Antelope Head","internal_name":"QuestItem_FFQ04_AntelopeTrophy6"},{"id":1778598,"name":"Antelope Head","internal_name":"QuestItem_FFQ04_AntelopeTrophy7"},{"id":1778599,"name":"Antelope Head","internal_name":"QuestItem_FFQ04_AntelopeTrophy8"},{"id":1790916,"name":"Deed to Sandstone Villa","internal_name":"QuestItem_SQ152_HouseDeed"},{"id":1800393,"name":"Omnibus Arcana","internal_name":"QuestItem_SASQ01_EmptyTome1"},{"id":1800394,"name":"Omnibus Arcana","internal_name":"QuestItem_SASQ01_EmptyTome2"},{"id":1800395,"name":"Omnibus Arcana","internal_name":"QuestItem_SASQ01_EmptyTome3"},{"id":1800396,"name":"Omnibus Arcana","internal_name":"QuestItem_SASQ01_EmptyTome4"},{"id":1800397,"name":"Omnibus Arcana","internal_name":"QuestItem_SASQ01_EmptyTome5"},{"id":1800820,"name":"Bogstaunch","internal_name":"QuestItem_FFQ29_Bogstaunch"},{"id":1802329,"name":"Cassera's Journal","internal_name":"QuestItem_SASQ03_CasseraJournal"},{"id":1802466,"name":"Aloren's Journal","internal_name":"QuestItem_SASQ03_AlorenJournal"},{"id":1802468,"name":"Bertran's Journal","internal_name":"QuestItem_SASQ03_BertranJournal"},{"id":1813122,"name":"Kobold Dagger","internal_name":"QuestItem_SQ108_Spear"},{"id":1817309,"name":"Spidersac Ichor","internal_name":"QuestItem_SQ109_SpiderGland"},{"id":1817456,"name":"Jottun Stew Grist","internal_name":"QuestItem_SQ109_JottunGrist"},{"id":1817463,"name":"Fennwrac Flower","internal_name":"EnvQuestItem_SQ109_Herb"},{"id":1818240,"name":"Ariel's Pack","internal_name":"QuestItem_SQ36_ArielsPack"},{"id":1818241,"name":"Ancient Artifact","internal_name":"QuestItem_SQ36_AncientArtifact"},{"id":1823095,"name":"Speakstone","internal_name":"SQ56_Speakstone"},{"id":1824463,"name":"Lab Key","internal_name":"QuestItem_MQ07_DoorKey"},{"id":1825740,"name":"Kiftal's Elixer","internal_name":"QuestItem_SQ139_KiftalsElixer"},{"id":1825761,"name":"Emergency Supply Key","internal_name":"QuestItem_MQ07_SupplyKey"},{"id":1825874,"name":"Fellfire Bloom","internal_name":"SQ133_CenturyBlossom"},{"id":1829200,"name":"Kora Petal","internal_name":"SQ124_MillenniumPetal"},{"id":1829907,"name":"Fae Potion","internal_name":"SQ124_Poultice"},{"id":1831690,"name":"Amulet of the Sun","internal_name":"QuestItem_SQ55_Amulet"},{"id":1857728,"name":"Shattered Tuatha Weapon","internal_name":"QuestItem_SQ137_Component"},{"id":1862537,"name":"Brother Padric's Travel Notes","internal_name":"QuestItem_SQ155_Journal"},{"id":1874462,"name":"Strange Red Stone","internal_name":"QuestItem_FFQ69_Thing_A"},{"id":1874469,"name":"Strange Blue Stone","internal_name":"QuestItem_FFQ69_Thing_B"},{"id":1874518,"name":"Strange Purple Stone","internal_name":"QuestItem_FFQ69_Thing_C"},{"id":1874519,"name":"Strange Green Stone","internal_name":"QuestItem_FFQ69_Thing_D"},{"id":1889061,"name":"Champion's Manor Key","internal_name":"QuestItem_HV08_ManorKey"},{"id":1889751,"name":"Mantle Key","internal_name":"QuestItem_SA06_BookKey2"},{"id":1889752,"name":"Patronage Key","internal_name":"QuestItem_SA06_BookKey3"},{"id":1889753,"name":"Left Key","internal_name":"QuestItem_SA06_BookKey4"},{"id":1889754,"name":"Talent Key","internal_name":"QuestItem_SA06_BookKey5"},{"id":1889755,"name":"Flame Key","internal_name":"QuestItem_SA06_BookKey6"},{"id":1898197,"name":"Didenhil Prison Key","internal_name":"Key_Prison_Didenhil"},{"id":1898202,"name":"Gorhart Prison Key","internal_name":"Key_Prison_Gorhart"},{"id":1898205,"name":"Whitestone Prison Key","internal_name":"Key_Prison_Whitestone"},{"id":1898207,"name":"Ayten Prison Key","internal_name":"Key_Prison_Ayten"},{"id":1898208,"name":"Emaire Prison Key","internal_name":"Key_Prison_Emaire"},{"id":1898209,"name":"Burren Cove Prison Key","internal_name":"Key_Prison_BurrenCove"},{"id":1898210,"name":"Kandrian Prison Key","internal_name":"Key_Prison_Kandrian"},{"id":1937604,"name":"Cipher of Ethene","internal_name":"DLC2_QuestItem_MQ_Cipher"},{"id":1939312,"name":"Heart of Sibun","internal_name":"QuestItem_KV03_HeartOfSibun"},{"id":1939340,"name":"Kobold Clan Totem","internal_name":"QuestItem_SQ108_Totem"},{"id":1940498,"name":"Explosive","internal_name":"DLC1_MQ01_Explosive"},{"id":1941817,"name":"Astrolabe","internal_name":"DLC1_MQ02_Astrolabe"},{"id":1941985,"name":"Bundle of Emberwood","internal_name":"DLC1_Material_Wood"},{"id":1942003,"name":"Bundle of Seasteel","internal_name":"DLC1_Material_Metal"},{"id":1942014,"name":"Bundle of Sailcloth","internal_name":"DLC1_Material_Cloth"},{"id":1942015,"name":"Bundle of Beachstone","internal_name":"DLC1_Material_Clay"},{"id":1942016,"name":"Bundle of Bearhide","internal_name":"DLC1_Material_Leather"},{"id":1946119,"name":"Plagueshield","internal_name":"QuestItem_SQ86_PlagueShield3"},{"id":1947526,"name":"Kollossae Litany","internal_name":"DLC2_QuestItem_SQ05_Scroll1"},{"id":1947527,"name":"Kollossae Litany","internal_name":"DLC2_QuestItem_SQ05_Scroll2"},{"id":1947528,"name":"Kollossae Litany","internal_name":"DLC2_QuestItem_SQ05_Scroll3"},{"id":1947529,"name":"Kollossae Litany","internal_name":"DLC2_QuestItem_SQ05_Scroll4"},{"id":1947530,"name":"Kollossae Litany","internal_name":"DLC2_QuestItem_SQ05_Scroll5"},{"id":1947780,"name":"Pteryx Vanes","internal_name":"DLC2_QuestItem_MQ03_PteryxFeathers"},{"id":1948785,"name":"Lykos' Rat Bait","internal_name":"DLC2_SQ01_QuestItem_Bait"},{"id":1948796,"name":"Amphora","internal_name":"DLC2_QuestItem_SQ07_Amphora"},{"id":1952832,"name":"Amphora Chest Key","internal_name":"DLC2_QuestItem_SQ07_AmphoraKey"},{"id":1957958,"name":"The Tome of Contrition","internal_name":"DLC1_Object_SQ04_AncientTome"},{"id":1963541,"name":"Map fragment - Northern Coast","internal_name":"DLC1_QuestItem_FFQ01_Piece1_Map1"},{"id":1963542,"name":"Map fragment - Northern Coast","internal_name":"DLC1_QuestItem_FFQ01_Piece2_Map1"},{"id":1963543,"name":"Map fragment - Northern Coast","internal_name":"DLC1_QuestItem_FFQ01_Piece3_Map1"},{"id":1963544,"name":"Map fragment - Scuttle Beach","internal_name":"DLC1_QuestItem_FFQ01_Piece1_Map2"},{"id":1963545,"name":"Map fragment - Scuttle Beach","internal_name":"DLC1_QuestItem_FFQ01_Piece2_Map2"},{"id":1963546,"name":"Map fragment - Scuttle Beach","internal_name":"DLC1_QuestItem_FFQ01_Piece3_Map2"},{"id":1963547,"name":"Map fragment - The Jawbone","internal_name":"DLC1_QuestItem_FFQ01_Piece1_Map3"},{"id":1963548,"name":"Map fragment - The Jawbone","internal_name":"DLC1_QuestItem_FFQ01_Piece2_Map3"},{"id":1963549,"name":"Map fragment - The Jawbone","internal_name":"DLC1_QuestItem_FFQ01_Piece3_Map3"},{"id":1963550,"name":"Map fragment - Cape Solace","internal_name":"DLC1_QuestItem_FFQ01_Piece1_Map4"},{"id":1963551,"name":"Map fragment - Cape Solace","internal_name":"DLC1_QuestItem_FFQ01_Piece2_Map4"},{"id":1963552,"name":"Map fragment - Cape Solace","internal_name":"DLC1_QuestItem_FFQ01_Piece3_Map4"},{"id":1963553,"name":"Dvergan map - Northern Coast","internal_name":"DLC1_QuestItem_FFQ01_Map1"},{"id":1963554,"name":"Dvergan map - Scuttle Beach","internal_name":"DLC1_QuestItem_FFQ01_Map2"},{"id":1963555,"name":"Dvergan map - The Jawbone","internal_name":"DLC1_QuestItem_FFQ01_Map3"},{"id":1963556,"name":"Dvergan map - Cape Solace","internal_name":"DLC1_QuestItem_FFQ01_Map4"},{"id":1965904,"name":"Prison Ship Cage Key","internal_name":"DLC1_Object_SQ07_Key"},{"id":1966608,"name":"Letter to Heliodorus","internal_name":"DLC2_QuestItem_SQ09_HeliodorusLetter"},{"id":1966612,"name":"Letter to Dareios","internal_name":"DLC2_QuestItem_SQ09_DareiosLetter"},{"id":1966615,"name":"Letter to Korrinna","internal_name":"DLC2_QuestItem_SQ09_KorrinnaLetter"},{"id":1969392,"name":"Opened Ansilla Doll","internal_name":"QuestItem_FFQ84_UsedDoll_5"},{"id":1969393,"name":"Opened Ansilla Doll","internal_name":"QuestItem_FFQ84_UsedDoll_4"},{"id":1969394,"name":"Opened Ansilla Doll","internal_name":"QuestItem_FFQ84_UsedDoll_3"},{"id":1969395,"name":"Opened Ansilla Doll","internal_name":"QuestItem_FFQ84_UsedDoll_2"},{"id":1969396,"name":"Opened Ansilla Doll","internal_name":"QuestItem_FFQ84_UsedDoll_1"},{"id":1973920,"name":"Marauder Totem","internal_name":"DLC2_QuestItem_FFQ03_PteryxTalon"},{"id":1984838,"name":"Denric's Journal, I","internal_name":"DLC2_Book_DenricJournal_1"},{"id":1984839,"name":"Denric's Journal, II","internal_name":"DLC2_Book_DenricJournal_2"},{"id":1984840,"name":"Denric's Journal, III","internal_name":"DLC2_Book_DenricJournal_3"},{"id":1985912,"name":"Arkes' Circlet","internal_name":"DLC2_QuestItem_MQ03_ArkesCirclet"},{"id":1991412,"name":"Foundation Report","internal_name":"DLC2_SQ12_Report"},{"id":1991479,"name":"Brooch Heirloom","internal_name":"DLC2_QuestItem_SQ14_Brooch"},{"id":1991494,"name":"Idol","internal_name":"DLC2_QuestItem_SQ14_Flute"},{"id":1991495,"name":"Mason's Hammer","internal_name":"DLC2_QuestItem_SQ14_MasonHammer"},{"id":1992138,"name":"Hystis' Journal","internal_name":"DLC2_QuestItem_SQ09_Journal"},{"id":1992774,"name":"Broken Cipher of Ethene","internal_name":"DLC2_QuestItem_MQ_Cipher_Broken"},{"id":1992822,"name":"Heliodorus' Chest Key","internal_name":"DLC2_QuestItem_SQ09_Key"},{"id":1994765,"name":"Cage Key","internal_name":"DLC1_QuestItem_SQ08_Potion"},{"id":1998629,"name":"Kollossae History, I","internal_name":"DLC2_Book_KollossaeHistory_1"},{"id":1998630,"name":"Kollossae History, II","internal_name":"DLC2_Book_KollossaeHistory_2"},{"id":1998631,"name":"Kollossae History, III","internal_name":"DLC2_Book_KollossaeHistory_3"},{"id":2004943,"name":"Voyage of the Barufakir","internal_name":"DLC1_Book_VoyageOfTheBarufakir_Translated"},{"id":2004944,"name":"Ancient Dvergan Text","internal_name":"DLC1_Book_VoyageOfTheBarufakir_Untranslated"},{"id":2009113,"name":"Scav Vial","internal_name":"DLC1_QuestItem_PH05b_ScavVialFull"},{"id":2009114,"name":"Scav Vial","internal_name":"DLC1_QuestItem_PH05b_ScavVial"},{"id":2009115,"name":"Boggart Vial","internal_name":"DLC1_QuestItem_PH05b_BoggartVialFull"},{"id":2009116,"name":"Boggart Vial","internal_name":"DLC1_QuestItem_PH05b_BoggartVial"},{"id":2009117,"name":"Faer Gorta Vial","internal_name":"DLC1_QuestItem_PH05b_FaerGortaVialFull"},{"id":2009118,"name":"Faer Gorta Vial","internal_name":"DLC1_QuestItem_PH05b_FaerGortaVial"},{"id":2009119,"name":"Murghan Vial","internal_name":"DLC1_QuestItem_PH05b_MurghanVialFull"},{"id":2009120,"name":"Murghan Vial","internal_name":"DLC1_QuestItem_PH05b_MurghanVial"},{"id":2009121,"name":"Root Golem Vial","internal_name":"DLC1_QuestItem_PH05b_RootGolemVial"},{"id":2009122,"name":"Root Golem Vial","internal_name":"DLC1_QuestItem_PH05b_RootGolemVialFull"},{"id":2012801,"name":"Oath of Fealty","internal_name":"DLC2_Book_RatKing_FealtyOath"},{"id":2031069,"name":"Ancient Dvergan Text","internal_name":"DLC1_Book_PrinceKalevasJournal_Untranslated"},{"id":2031070,"name":"Prince Kaleva's Journal","internal_name":"DLC1_Book_PrinceKalevasJournal_Translated"},{"id":2031071,"name":"The Two-Faced Troll","internal_name":"DLC1_Book_TheTwoFacedTroll_Translated"},{"id":2031072,"name":"Ancient Varani Text","internal_name":"DLC1_Book_TheTwoFacedTroll_Untranslated"},{"id":2031073,"name":"Ancient Almain Text","internal_name":"DLC1_Book_BloodyJournal_Untranslated"},{"id":2031074,"name":"Bloody Journal","internal_name":"DLC1_Book_BloodyJournal_Translated"},{"id":2031078,"name":"Ancient Dvergan Text","internal_name":"DLC1_Book_TheBarelegsSisters_Untranslated"},{"id":2031079,"name":"The Barelegs Sisters","internal_name":"DLC1_Book_TheBarelegsSisters_Translated"},{"id":2031080,"name":"On Creating Demand","internal_name":"DLC1_Book_OnDemand_Translated"},{"id":2031081,"name":"Ancient Varani Text","internal_name":"DLC1_Book_OnDemand_Untranslated"},{"id":2031102,"name":"Ancient Gnomish Text","internal_name":"DLC1_Book_TheCrymbil_Untranslated"},{"id":2031103,"name":"The Crymbil","internal_name":"DLC1_Book_TheCrymbil_Translated"},{"id":2031104,"name":"The Bashful Peregrine","internal_name":"DLC1_Book_BashfulPeregrine_Translated"},{"id":2031105,"name":"Ancient Alfar Text","internal_name":"DLC1_Book_BashfulPeregrine_Untranslated"},{"id":2031106,"name":"Ancient Almain Text","internal_name":"DLC1_Book_AislingTwelveFingers_Untranslated"},{"id":2031107,"name":"Ancient Dvergan Text","internal_name":"DLC1_Book_TheVirtuesOfSeasteel_Untranslated"},{"id":2031108,"name":"Aisling Twelve Fingers","internal_name":"DLC1_Book_AislingTwelveFingers_Translated"},{"id":2031109,"name":"The Virtues of Seasteel","internal_name":"DLC1_Book_TheVirtuesOfSeasteel_Translated"},{"id":2031110,"name":"Ancient Alfar Text","internal_name":"DLC1_Book_TheRingMaker_Untranslated"},{"id":2031111,"name":"Ancient Dvergan Text","internal_name":"DLC1_Book_TheSeasteelGolems_Untranslated"},{"id":2031112,"name":"The Ring Maker","internal_name":"DLC1_Book_TheRingMaker_Translated"},{"id":2031113,"name":"The Seasteel Golems","internal_name":"DLC1_Book_TheSeasteelGolems_Translated"},{"id":2032973,"name":"Mysterious Cure","internal_name":"QuestItem_SQ66_Cure_Unusable"},{"id":2034658,"name":"Primal Magic","internal_name":"DLC2_Book_PrimalMagic"},{"id":2034750,"name":"Sister Ceanna's Note","internal_name":"DLC1_PH01b_SisterCeannNote"},{"id":2034766,"name":"Epistle I","internal_name":"DLC2_Book_EttinEpistle"},{"id":2034770,"name":"Idylla Rising","internal_name":"DLC2_Book_IdyllaAscent"},{"id":2034774,"name":"The Mairu, I","internal_name":"DLC2_Book_Mairu_1"},{"id":2034775,"name":"The Mairu, II","internal_name":"DLC2_Book_Mairu_2"},{"id":2034865,"name":"Anokatos' Miracle","internal_name":"DLC2_Book_AnokatosMiracles"},{"id":2035087,"name":"Gallow's Bloom","internal_name":"DLC1_QuestItem_PH01b_GallowsBloom"},{"id":2035166,"name":"Scion's Amulet","internal_name":"DLC1_QuestItem_MQ03_Amulet"},{"id":2067428,"name":"Gallows End Beastiary","internal_name":"DLC1_Book_GallowsEndBestiary"},{"id":2067431,"name":"Survey of Gallows End","internal_name":"DLC1_Book_SurveyOfGallowsEnd"},{"id":2067730,"name":"Zefwyn's Log","internal_name":"DLC1_Book_ZefwynsLog"},{"id":2067787,"name":"Diary of Myfa Rhonwen","internal_name":"DLC1_Book_MyfaDiary"},{"id":2071122,"name":"Alfar Navy Recruitment Letter","internal_name":"DLC1_Book_RecruitmentLetter"},{"id":2079570,"name":"Naros Chronicle","internal_name":"DLC2_Book_MQStory_1_1"},{"id":2079571,"name":"Naros Chronicle","internal_name":"DLC2_Book_MQStory_2"},{"id":2079572,"name":"Naros Chronicle","internal_name":"DLC2_Book_MQStory_3_1"},{"id":2079573,"name":"Naros Chronicle","internal_name":"DLC2_Book_MQStory_4"},{"id":2085923,"name":"Ambrose's Goods","internal_name":"DLC1_QuestItem_PH01b_AmbroseGoods"},{"id":2089165,"name":"The Pteryx","internal_name":"DLC2_Book_Pteryx"},{"id":2089482,"name":"Oath of the Primos","internal_name":"DLC2_Book_PrimosHistory"},{"id":2089753,"name":"Explorer's Journal, I","internal_name":"DLC2_Book_Nerotelos_1"},{"id":2089756,"name":"Explorer's Journal, II","internal_name":"DLC2_Book_Nerotelos_2"},{"id":2089761,"name":"Explorer's Journal, III","internal_name":"DLC2_Book_Nerotelos_3"},{"id":2089762,"name":"Explorer's Journal, IV","internal_name":"DLC2_Book_Nerotelos_4"},{"id":2089767,"name":"Explorer's Journal, V","internal_name":"DLC2_Book_Nerotelos_5"},{"id":2089773,"name":"Explorer's Journal, VI","internal_name":"DLC2_Book_Nerotelos_6"},{"id":2089779,"name":"Explorer's Journal, VII","internal_name":"DLC2_Book_Nerotelos_7"},{"id":2089785,"name":"Explorer's Journal, VIII","internal_name":"DLC2_Book_Nerotelos_8"},{"id":2089786,"name":"Explorer's Journal, IX","internal_name":"DLC2_Book_Nerotelos_9"},{"id":2090033,"name":"Akara Essence Vial","internal_name":"DLC1_QuestItem_PH01b_AkaraVialFull"},{"id":2090034,"name":"Akara Essence Vial","internal_name":"DLC1_QuestItem_PH01b_AkaraVial"},{"id":2090251,"name":"Helyc's Journal","internal_name":"DLC2_Book_HelycJournal"},{"id":2090278,"name":"Scout Report","internal_name":"DLC2_Book_JottunScout"},{"id":2091129,"name":"Epistle II","internal_name":"DLC2_Book_Epistle_2"},{"id":2091130,"name":"Epistle III","internal_name":"DLC2_Book_Epistle_3"},{"id":2091361,"name":"Liturgy of the Word","internal_name":"DLC2_Book_Liturgy"},{"id":2091861,"name":"Psalms III","internal_name":"DLC2_Book_Psalms"},{"id":2091863,"name":"Psalms I","internal_name":"DLC2_Book_Psalms_2"},{"id":2091869,"name":"Psalms II","internal_name":"DLC2_Book_Psalms_3"},{"id":2092023,"name":"Titans I","internal_name":"DLC2_Book_Titans_1"},{"id":2092053,"name":"Letter to Galataea","internal_name":"DLC2_Book_PacetorLetter_01"},{"id":2094053,"name":"Naros Chronicle","internal_name":"DLC2_Book_MQStory_1_2"},{"id":2094054,"name":"Naros Chronicle","internal_name":"DLC2_Book_MQStory_1_3"},{"id":2094055,"name":"Naros Chronicle","internal_name":"DLC2_Book_MQStory_1_4"},{"id":2094505,"name":"Naros Chronicle","internal_name":"DLC2_Book_MQStory_3_2"},{"id":2094577,"name":"Naros Chronicle","internal_name":"DLC2_Book_MQStory_5_1"},{"id":2094578,"name":"Naros Chronicle","internal_name":"DLC2_Book_MQStory_5_2"},{"id":2094588,"name":"Naros Chronicle","internal_name":"DLC2_Book_MQStory_6_1"},{"id":2094592,"name":"Naros Chronicle","internal_name":"DLC2_Book_MQStory_7_1"},{"id":2094772,"name":"Titans II","internal_name":"DLC2_Book_Titans_2"},{"id":2094773,"name":"Titans III","internal_name":"DLC2_Book_Titans_3"},{"id":2094774,"name":"Titans IV","internal_name":"DLC2_Book_Titans_4"},{"id":2094775,"name":"Titans V","internal_name":"DLC2_Book_Titans_5"},{"id":2094776,"name":"Titans VI","internal_name":"DLC2_Book_Titans_6"},{"id":2094777,"name":"Titans VII","internal_name":"DLC2_Book_Titans_7"},{"id":2094778,"name":"Titans VIII","internal_name":"DLC2_Book_Titans_8"},{"id":2094780,"name":"Titans IX","internal_name":"DLC2_Book_Titans_9"},{"id":2100000,"name":"Naros Chronicle","internal_name":"DLC2_Book_MQStory_7_2"},{"id":2100002,"name":"Naros Chronicle","internal_name":"DLC2_Book_MQStory_8_1"},{"id":2102632,"name":"Amphora","internal_name":"DLC2_QuestItem_SQ07_FilledAmphora"},{"id":2104175,"name":"Naros Chronicle","internal_name":"DLC2_Book_MQStory_8_2"},{"id":2104381,"name":"Naros Chronicle","internal_name":"DLC2_Book_MQStory_9_1"},{"id":2106202,"name":"Naros Chronicle","internal_name":"DLC2_Book_MQStory_9_1_01"},{"id":2106203,"name":"Naros Chronicle","internal_name":"DLC2_Book_MQStory_8_2_01"},{"id":2106204,"name":"Naros Chronicle","internal_name":"DLC2_Book_MQStory_8_1_01"},{"id":2106205,"name":"Naros Chronicle","internal_name":"DLC2_Book_MQStory_7_2_01"},{"id":2106206,"name":"Naros Chronicle","internal_name":"DLC2_Book_MQStory_7_1_01"},{"id":2106207,"name":"Naros Chronicle","internal_name":"DLC2_Book_MQStory_6_1_01"},{"id":2106208,"name":"Naros Chronicle","internal_name":"DLC2_Book_MQStory_5_2_01"},{"id":2106209,"name":"Naros Chronicle","internal_name":"DLC2_Book_MQStory_5_1_01"},{"id":2106210,"name":"Naros Chronicle","internal_name":"DLC2_Book_MQStory_4_01"},{"id":2106211,"name":"Naros Chronicle","internal_name":"DLC2_Book_MQStory_3_2_01"},{"id":2106212,"name":"Naros Chronicle","internal_name":"DLC2_Book_MQStory_3_1_01"},{"id":2106213,"name":"Naros Chronicle","internal_name":"DLC2_Book_MQStory_2_01"},{"id":2106214,"name":"Naros Chronicle","internal_name":"DLC2_Book_MQStory_1_4_01"},{"id":2106215,"name":"Naros Chronicle","internal_name":"DLC2_Book_MQStory_1_3_01"},{"id":2106216,"name":"Naros Chronicle","internal_name":"DLC2_Book_MQStory_1_2_01"},{"id":2106217,"name":"Naros Chronicle","internal_name":"DLC2_Book_MQStory_1_1_01"},{"id":2114132,"name":"The Black Atoll","internal_name":"DLC1_Questitem_PH01b_Painting"}]