[
  {
    "name": "Mysterious claw",
    "internal_name": "questitem_sq051_claw",
    "id": 276720
  },
  {
    "name": "Ratofer's Boots",
    "internal_name": "questitem_sq06_boots",
    "id": 362991
  },
  {
    "name": "Bag of Ratofer's Silverware",
    "internal_name": "questitem_sq06_silverware",
    "id": 362992
  },
  {
    "name": "Ratofer's Kerchief",
    "internal_name": "questitem_sq06_kerchief",
    "id": 362993
  },
  {
    "name": "Ratofer's Snuffbox",
    "internal_name": "questitem_sq06_snuffbox",
    "id": 362994
  },
  {
    "name": "Ratofer's Daggers",
    "internal_name": "questitem_sq06_dagger",
    "id": 362995
  },
  {
    "name": "Ratofer's Ring",
    "internal_name": "questitem_sq06_ring",
    "id": 362996
  },
  {
    "name": "Ratofer's Charter",
    "internal_name": "questitem_sq06_charter",
    "id": 362997
  },
  {
    "name": "Misse Homestead Sign",
    "internal_name": "questitem_sq01_sign",
    "id": 380733
  },
  {
    "name": "Palace Retainer's Chain",
    "internal_name": "questitem_sq12_chain",
    "id": 385461
  },
  {
    "name": "Draught of the Wandering Well",
    "internal_name": "questitem_sq01_springwater",
    "id": 438171
  },
  {
    "name": "Eye of Amman",
    "internal_name": "questitem_sq07_eyeofberebescu",
    "id": 439424
  },
  {
    "name": "Ravensfeet",
    "internal_name": "questitem_sq07_ravensfeet",
    "id": 442763
  },
  {
    "name": "Empty bottle of \"Cupella\" wine",
    "internal_name": "questitem_sq07_cupellawine",
    "id": 442776
  },
  {
    "name": "Grim's Stealth Kit",
    "internal_name": "tmp_tr01_stealthpotion",
    "id": 457190
  },
  {
    "name": "Buru's Boots",
    "internal_name": "questitem_tr02_burusboots",
    "id": 457799
  },
  {
    "name": "Sun Stone",
    "internal_name": "questitem_sa_sunstone",
    "id": 461817
  },
  {
    "name": "Golden Statue",
    "internal_name": "questitem_tr21_goldstatue",
    "id": 462664
  },
  {
    "name": "Medical Supplies",
    "internal_name": "questitem_tr21_medicalsupplies",
    "id": 462665
  },
  {
    "name": "House of Ballads Ring",
    "internal_name": "questitem_hm01_signetring",
    "id": 464225
  },
  {
    "name": "Stinky Carrion",
    "internal_name": "questitem_tr02_stinkystuff",
    "id": 467162
  },
  {
    "name": "Ornate Box",
    "internal_name": "questitem_tr03_ornatebox",
    "id": 467742
  },
  {
    "name": "Heart of Sibun",
    "internal_name": "questitem_kv03_artifact",
    "id": 467827
  },
  {
    "name": "The Master's Pick",
    "internal_name": "questitem_tr03_masterspick",
    "id": 469017
  },
  {
    "name": "Bust of Odonata",
    "internal_name": "questitem_ffq01_watergoblinbust",
    "id": 470883
  },
  {
    "name": "Crystal",
    "internal_name": "object_hm04_mirrorfragment_1",
    "id": 472265
  },
  {
    "name": "Crystal",
    "internal_name": "object_hm04_mirrorfragment_2",
    "id": 472271
  },
  {
    "name": "Crystal",
    "internal_name": "object_hm04_mirrorfragment_3",
    "id": 472272
  },
  {
    "name": "A Barghest's Beating Heart",
    "internal_name": "questitem_sa04_barghestheart",
    "id": 472307
  },
  {
    "name": "Frost Stone",
    "internal_name": "questitem_sa_froststone",
    "id": 472442
  },
  {
    "name": "Tear of Mitharu",
    "internal_name": "questitem_tr05_mitharushard",
    "id": 474479
  },
  {
    "name": "Aethan Engar's Letter",
    "internal_name": "questitem_sa04_engarsnote",
    "id": 476662
  },
  {
    "name": "Storm Stone",
    "internal_name": "questitem_sa_stormstone",
    "id": 485283
  },
  {
    "name": "The Brutalizer",
    "internal_name": "questitem_sa03_thebrutalizer",
    "id": 488735
  },
  {
    "name": "Agony and Death",
    "internal_name": "questitem_sa03_agonyanddeath",
    "id": 488736
  },
  {
    "name": "Glass of Ambient",
    "internal_name": "questitem_tr06_jemsheeshard",
    "id": 494815
  },
  {
    "name": "Whistle",
    "internal_name": "questitem_hm06_prismere_fife",
    "id": 501505
  },
  {
    "name": "Missives of Sable (shrouded)",
    "internal_name": "questitem_tr07_shroudfull",
    "id": 501664
  },
  {
    "name": "Bag of Winds",
    "internal_name": "questitem_tr08_bagofwinds",
    "id": 504087
  },
  {
    "name": "Antelope Head",
    "internal_name": "questitem_ffq04_antelopetrophy",
    "id": 518143
  },
  {
    "name": "Silver Chain",
    "internal_name": "questitem_sq13_magicitem",
    "id": 521983
  },
  {
    "name": "Potion of Amplification",
    "internal_name": "questitem_sq19_potion",
    "id": 523295
  },
  {
    "name": "Canneroc Gossamer",
    "internal_name": "questitem_sq18_cannerocsilk_obsolete",
    "id": 529405
  },
  {
    "name": "Silkfarmer Remains",
    "internal_name": "questitem_ffq05_urn_1",
    "id": 531756
  },
  {
    "name": "A Shard of Nyralim",
    "internal_name": "questitem_sq22_nyralimshard",
    "id": 533428
  },
  {
    "name": "Slithersting",
    "internal_name": "questitem_sq22_sword",
    "id": 533490
  },
  {
    "name": "Flametongue",
    "internal_name": "questitem_sq22_staff",
    "id": 533492
  },
  {
    "name": "Wintergale",
    "internal_name": "questitem_sq22_bow",
    "id": 533497
  },
  {
    "name": "Processed Silver",
    "internal_name": "questitem_m0_sq06_processedsilver",
    "id": 543134
  },
  {
    "name": "Ratofer's Daggers",
    "internal_name": "questitem_sq24_ratoferdagger",
    "id": 543264
  },
  {
    "name": "Ratofer's Ring",
    "internal_name": "questitem_sq24_cleanring",
    "id": 543546
  },
  {
    "name": "Gem Lattice",
    "internal_name": "questitem_sq25_gears",
    "id": 544302
  },
  {
    "name": "Mana Pendulum",
    "internal_name": "questitem_sq25_tubing",
    "id": 544303
  },
  {
    "name": "Belt of Fluidity",
    "internal_name": "questitem_sq25_hidebelt",
    "id": 544304
  },
  {
    "name": "Rivener Tarsus",
    "internal_name": "hp02_staff_result",
    "id": 553149
  },
  {
    "name": "Dark Sliver",
    "internal_name": "hp02_staff_target_01",
    "id": 553173
  },
  {
    "name": "Crack of Dawn",
    "internal_name": "hp02_staff_target_02",
    "id": 553174
  },
  {
    "name": "The God Fang",
    "internal_name": "hp02_staff_target_03",
    "id": 553175
  },
  {
    "name": "Codex of Destiny",
    "internal_name": "questitem_mq03_codex",
    "id": 557529
  },
  {
    "name": "Purendal",
    "internal_name": "weapon_hp_purendal",
    "id": 570043
  },
  {
    "name": "Master's Tallow",
    "internal_name": "questitem_sq46_ore",
    "id": 576338
  },
  {
    "name": "Aurenda's Light",
    "internal_name": "questitem_sq44_macguffin",
    "id": 579088
  },
  {
    "name": "Erathi Windchime",
    "internal_name": "questitem_mq09_chime",
    "id": 590450
  },
  {
    "name": "Rose-of-Shadows",
    "internal_name": "questitem_sq62_poison",
    "id": 594245
  },
  {
    "name": "Ore sample",
    "internal_name": "questitem_sq53_ore",
    "id": 594801
  },
  {
    "name": "Notes of Octienne's Crimes",
    "internal_name": "book_mq08_journal",
    "id": 596100
  },
  {
    "name": "Deed of Purity",
    "internal_name": "questitem_sq53_deed",
    "id": 597152
  },
  {
    "name": "Missives of Sable",
    "internal_name": "questitem_tr01_artifact",
    "id": 612795
  },
  {
    "name": "Mysterious Cure",
    "internal_name": "questitem_sq66_cure",
    "id": 615974
  },
  {
    "name": "Storage case",
    "internal_name": "questitem_hm04_crystalcase",
    "id": 621325
  },
  {
    "name": "Crystal",
    "internal_name": "questitem_hm04_finalcrystal",
    "id": 622755
  },
  {
    "name": "Two Knights and a Troll, Part II",
    "internal_name": "object_hm02_book_songofsirsagrell",
    "id": 624483
  },
  {
    "name": "Two Knights and a Troll, Part I",
    "internal_name": "object_hm02_book_balladofbloodybones",
    "id": 624484
  },
  {
    "name": "Two Knights and a Troll, Part V",
    "internal_name": "object_hm02_book_twoknightsandtroll",
    "id": 624528
  },
  {
    "name": "Two Knights and a Troll, Part IV",
    "internal_name": "object_hm02_book_cursedkingdom",
    "id": 624673
  },
  {
    "name": "Two Knights and a Troll, Part III",
    "internal_name": "object_hm02_book_oleyncureseeker",
    "id": 624674
  },
  {
    "name": "Age of Enchantment",
    "internal_name": "object_hm02_book_ageofenchantment",
    "id": 624675
  },
  {
    "name": "Hero and the Maid",
    "internal_name": "object_hm02_book_heroandthemaid",
    "id": 624676
  },
  {
    "name": "The Great Inheritance",
    "internal_name": "object_hm02_book_thegreatinheritance",
    "id": 624677
  },
  {
    "name": "Ordination Rites",
    "internal_name": "item_gorhart_ordinationtome",
    "id": 640107
  },
  {
    "name": "Til's Collection I",
    "internal_name": "book_gorhart_tilscollection_1",
    "id": 640138
  },
  {
    "name": "Til's Collection II",
    "internal_name": "book_gorhart_tilscollection_2",
    "id": 640139
  },
  {
    "name": "Til's Collection III",
    "internal_name": "book_gorhart_tilscollection_3",
    "id": 640140
  },
  {
    "name": "Til's Collection IV",
    "internal_name": "book_gorhart_tilscollection_4",
    "id": 640142
  },
  {
    "name": "Til's Collection V",
    "internal_name": "book_gorhart_tilscollection_5",
    "id": 640143
  },
  {
    "name": "Til's Collection VI",
    "internal_name": "book_gorhart_tilscollection_6",
    "id": 640144
  },
  {
    "name": "Til's Collection VII",
    "internal_name": "book_gorhart_tilscollection_7",
    "id": 640148
  },
  {
    "name": "Til's Collection VIII",
    "internal_name": "book_gorhart_tilscollection_8",
    "id": 640151
  },
  {
    "name": "Til's Collection X",
    "internal_name": "book_gorhart_tilscollection_10",
    "id": 640153
  },
  {
    "name": "Erathi Token",
    "internal_name": "questitem_kv07_coin",
    "id": 645024
  },
  {
    "name": "Wedding Ring",
    "internal_name": "item_gorhart_camdensring",
    "id": 645853
  },
  {
    "name": "Resurrection Potion",
    "internal_name": "questitem_hm05_prismereink",
    "id": 650315
  },
  {
    "name": "Rithen Amulet",
    "internal_name": "questitem_tr06_amulet",
    "id": 658454
  },
  {
    "name": "Buru's Boots",
    "internal_name": "questitem_tr06_burusboots",
    "id": 662464
  },
  {
    "name": "King's Token",
    "internal_name": "socketableitem_hm07_prismere",
    "id": 672385
  },
  {
    "name": "Shroud of Omission",
    "internal_name": "questitem_tr07_shroud",
    "id": 676530
  },
  {
    "name": "Missives of Sable (shrouded)",
    "internal_name": "questitem_tr08_shroudfull",
    "id": 679808
  },
  {
    "name": "Red Legion dagger",
    "internal_name": "questitem_sq23_dagger",
    "id": 692490
  },
  {
    "name": "Red Legion dagger",
    "internal_name": "questitem_sq23_dagger_2",
    "id": 692884
  },
  {
    "name": "Red Legion dagger",
    "internal_name": "questitem_sq23_dagger_3",
    "id": 692885
  },
  {
    "name": "Donnel Cutty's Ring",
    "internal_name": "questitem_sa04_donnelcuttysring",
    "id": 699902
  },
  {
    "name": "Honey-Berry mash",
    "internal_name": "questitem_sq12_carrot",
    "id": 702355
  },
  {
    "name": "Aewald's Notes",
    "internal_name": "questitem_ffq15_page_1",
    "id": 711419
  },
  {
    "name": "Dulstan's Notes",
    "internal_name": "questitem_ffq15_page_2",
    "id": 711485
  },
  {
    "name": "Kallas' Notes",
    "internal_name": "questitem_ffq15_page_3",
    "id": 711486
  },
  {
    "name": "Odi's Notes",
    "internal_name": "questitem_ffq15_page_4",
    "id": 711487
  },
  {
    "name": "Wildfrold's Notes",
    "internal_name": "questitem_ffq15_page_5",
    "id": 711488
  },
  {
    "name": "Buru's Boots",
    "internal_name": "rogue_unique06_feet",
    "id": 712188
  },
  {
    "name": "Dusk Shard",
    "internal_name": "envquestitem_sq36_duskshard",
    "id": 721187
  },
  {
    "name": "Ratofer's Ring",
    "internal_name": "questitem_ffq18_ring",
    "id": 734559
  },
  {
    "name": "Invoice from Sigra Thorin",
    "internal_name": "questitem_ffq22_invoice_1",
    "id": 735990
  },
  {
    "name": "Bodan's Amulet",
    "internal_name": "questitem_ffq20_bodancirclet",
    "id": 747690
  },
  {
    "name": "Heric's Amulet",
    "internal_name": "questitem_ffq20_hericcirclet",
    "id": 747748
  },
  {
    "name": "Motus Mining (Days 1-12)",
    "internal_name": "questitem_ffq25_gnomenote",
    "id": 749131
  },
  {
    "name": "Culminite deposit",
    "internal_name": "questitem_ffq26_ore_deposit",
    "id": 750221
  },
  {
    "name": "The Everburning Candle",
    "internal_name": "questitem_sa06_candle",
    "id": 754591
  },
  {
    "name": "Motus Mining (Days 1-24)",
    "internal_name": "questitem_ffq25_gnomenote_2",
    "id": 755286
  },
  {
    "name": "Motus Mining (Days 25-44)",
    "internal_name": "questitem_ffq25_gnomenote_3",
    "id": 755287
  },
  {
    "name": "Motus Mining (Days 45-50)",
    "internal_name": "questitem_ffq25_gnomenote_4",
    "id": 755288
  },
  {
    "name": "Motus Mining (Day 51)",
    "internal_name": "questitem_ffq25_gnomenote_5",
    "id": 755289
  },
  {
    "name": "Deed to Skoria Mine",
    "internal_name": "questitem_sq52_deed",
    "id": 757089
  },
  {
    "name": "The Dark Empyrean",
    "internal_name": "questitem_sa06_puzzlebook",
    "id": 757500
  },
  {
    "name": "Imelda's Charm",
    "internal_name": "questitem_ffq32_imeldacharm",
    "id": 760360
  },
  {
    "name": "Death Notice: Frea Almar",
    "internal_name": "questitem_ffq24_deathnotice_1",
    "id": 760703
  },
  {
    "name": "Death Notice: Erran Brant",
    "internal_name": "questitem_ffq24_deathnotice_2",
    "id": 760705
  },
  {
    "name": "Death Notice: Mal Dydyn",
    "internal_name": "questitem_ffq24_deathnotice_3",
    "id": 760706
  },
  {
    "name": "Skoria Family Ring",
    "internal_name": "questitem_sq53_skoriaring",
    "id": 815199
  },
  {
    "name": "Darkvari Treasure Map",
    "internal_name": "questitem_sq54_darkvarimap",
    "id": 854510
  },
  {
    "name": "Mysterious Parchment",
    "internal_name": "questitem_sq54_mysteriousparchment",
    "id": 854861
  },
  {
    "name": "Warsworn Ledger",
    "internal_name": "questitem_ffq31_warswornledger",
    "id": 999278
  },
  {
    "name": "Jayck's Knife",
    "internal_name": "questitem_ffq35_jayckdagger",
    "id": 1164003
  },
  {
    "name": "Poison Gland",
    "internal_name": "questitem_ffq36_poisongland",
    "id": 1164419
  },
  {
    "name": "Vernt Sword",
    "internal_name": "questitem_ffq37_verntsword",
    "id": 1164976
  },
  {
    "name": "Silkfarmer Remains",
    "internal_name": "questitem_ffq05_urn_2",
    "id": 1240811
  },
  {
    "name": "Silkfarmer Remains",
    "internal_name": "questitem_ffq05_urn_3",
    "id": 1240812
  },
  {
    "name": "Silkfarmer Remains",
    "internal_name": "questitem_ffq05_urn_4",
    "id": 1240813
  },
  {
    "name": "Silkfarmer Remains",
    "internal_name": "questitem_ffq05_urn_5",
    "id": 1240814
  },
  {
    "name": "Silkfarmer Remains",
    "internal_name": "questitem_ffq05_urn_6",
    "id": 1240818
  },
  {
    "name": "Paling Wand",
    "internal_name": "questitem_sq50_palingwand",
    "id": 1253121
  },
  {
    "name": "Boggart Mask",
    "internal_name": "questitem_sq83_boggartmask",
    "id": 1254915
  },
  {
    "name": "Troll Skull",
    "internal_name": "questitem_sq83_trollskull",
    "id": 1254916
  },
  {
    "name": "Barghest Skin",
    "internal_name": "questitem_sq83_barghestskin",
    "id": 1254930
  },
  {
    "name": "Spider Egg",
    "internal_name": "questitem_sq83_spideregg",
    "id": 1254931
  },
  {
    "name": "Leanashe Tentacle",
    "internal_name": "questitem_sq83_leanashetentacle",
    "id": 1254932
  },
  {
    "name": "A Paragon Thresh Claw",
    "internal_name": "questitem_sq19_threshclaw",
    "id": 1256965
  },
  {
    "name": "Plagueshield",
    "internal_name": "questitem_sq86_plagueshield1",
    "id": 1270942
  },
  {
    "name": "Letter for Esklad",
    "internal_name": "questitem_sq87_letter",
    "id": 1273016
  },
  {
    "name": "Courdan's Letter",
    "internal_name": "questitem_sq58_letter",
    "id": 1274287
  },
  {
    "name": "Parwen's Orders",
    "internal_name": "questitem_sq58_orders",
    "id": 1274288
  },
  {
    "name": "Rialte Brocaire",
    "internal_name": "questitem_sq02_rialtebrocaire",
    "id": 1274855
  },
  {
    "name": "Zephyranth",
    "internal_name": "questitem_sq02_zephyranth",
    "id": 1274857
  },
  {
    "name": "Letter to Mattix Dace",
    "internal_name": "questitem_sq02_letter",
    "id": 1274858
  },
  {
    "name": "Bloodstone",
    "internal_name": "questitem_sq02_gem",
    "id": 1275079
  },
  {
    "name": "Threadbare Circlet",
    "internal_name": "questitem_sq02_circlet",
    "id": 1275080
  },
  {
    "name": "Rose of Kandrian",
    "internal_name": "questitem_sq02_rose",
    "id": 1275081
  },
  {
    "name": "Plagueshield",
    "internal_name": "questitem_sq86_plagueshield2",
    "id": 1275350
  },
  {
    "name": "Feride's Report",
    "internal_name": "questitem_sq59_report",
    "id": 1278654
  },
  {
    "name": "Painting of Galafor",
    "internal_name": "questitem_sq11_painting",
    "id": 1282403
  },
  {
    "name": "Sunspar Box",
    "internal_name": "questitem_sq11_box",
    "id": 1282406
  },
  {
    "name": "Ancient Volume",
    "internal_name": "questitem_sq11_book",
    "id": 1282409
  },
  {
    "name": "Jade Urn",
    "internal_name": "questitem_sq11_urn",
    "id": 1282415
  },
  {
    "name": "Tyrenium Ring",
    "internal_name": "questitem_sq11_ring",
    "id": 1282462
  },
  {
    "name": "Winter Court Necklace",
    "internal_name": "questitem_sq11_necklace",
    "id": 1282501
  },
  {
    "name": "Reddle's Invitiation",
    "internal_name": "questitem_sq57_reddleinvitation",
    "id": 1292138
  },
  {
    "name": "Azo's Wish",
    "internal_name": "questitem_sq78_azoring_1",
    "id": 1296375
  },
  {
    "name": "Azo's Wealth",
    "internal_name": "questitem_sq78_azoring_2",
    "id": 1296376
  },
  {
    "name": "Azo's Wisdom",
    "internal_name": "questitem_sq78_azoring_3",
    "id": 1296377
  },
  {
    "name": "Essence of Valor",
    "internal_name": "questitem_mq15_essence",
    "id": 1302629
  },
  {
    "name": "Amrynthian Band",
    "internal_name": "questitem_sq02_amrynthianband",
    "id": 1304065
  },
  {
    "name": "Adessa II",
    "internal_name": "questitem_ffq49_book2",
    "id": 1304781
  },
  {
    "name": "Adessa III",
    "internal_name": "questitem_ffq49_book3",
    "id": 1304782
  },
  {
    "name": "Adessa IV",
    "internal_name": "questitem_ffq49_book4",
    "id": 1304783
  },
  {
    "name": "Adessa V",
    "internal_name": "questitem_ffq49_book5",
    "id": 1304784
  },
  {
    "name": "Adessa VI",
    "internal_name": "questitem_ffq49_book6",
    "id": 1304785
  },
  {
    "name": "Adessa VII",
    "internal_name": "questitem_ffq49_book7",
    "id": 1304786
  },
  {
    "name": "Adessa VIII",
    "internal_name": "questitem_ffq49_book8",
    "id": 1304787
  },
  {
    "name": "Heartstone",
    "internal_name": "questitem_fp01_heartstone_empty",
    "id": 1307630
  },
  {
    "name": "Uror",
    "internal_name": "questitem_sq97_statuea",
    "id": 1310146
  },
  {
    "name": "Veshani",
    "internal_name": "questitem_sq97_statueb",
    "id": 1310147
  },
  {
    "name": "Atropos",
    "internal_name": "questitem_sq97_statuec",
    "id": 1310148
  },
  {
    "name": "Cookie",
    "internal_name": "questitem_qa01_cookie",
    "id": 1313733
  },
  {
    "name": "Capstan's Knife",
    "internal_name": "questitem_sq95_capstansknife",
    "id": 1321654
  },
  {
    "name": null,
    "internal_name": "questitem_qa01_drink",
    "id": 1332352
  },
  {
    "name": "A Maiden' s Ring",
    "internal_name": "questitem_ffq04_maidensring",
    "id": 1332646
  },
  {
    "name": "Antelope Head",
    "internal_name": "questitem_ffq04_antelopetrophy2",
    "id": 1333110
  },
  {
    "name": "Antelope Head",
    "internal_name": "questitem_ffq04_antelopetrophy3",
    "id": 1333111
  },
  {
    "name": "Antelope Head",
    "internal_name": "questitem_ffq04_antelopetrophy4",
    "id": 1333112
  },
  {
    "name": "Kobold Clan Totem",
    "internal_name": "envquestitem_sq108_banner",
    "id": 1336234
  },
  {
    "name": "Petrichor",
    "internal_name": "questitem_ffq53_petrichor",
    "id": 1343845
  },
  {
    "name": "Map piece",
    "internal_name": "questitem_ffq58_mappiece1",
    "id": 1348745
  },
  {
    "name": "Map piece",
    "internal_name": "questitem_ffq58_mappiece2",
    "id": 1349189
  },
  {
    "name": "Map piece",
    "internal_name": "questitem_ffq58_mappiece3",
    "id": 1349190
  },
  {
    "name": "Map piece",
    "internal_name": "questitem_ffq58_mappiece4",
    "id": 1349191
  },
  {
    "name": null,
    "internal_name": "questitem_ffq58_mapcomplete",
    "id": 1349288
  },
  {
    "name": null,
    "internal_name": "questitem_sq111_pendant",
    "id": 1352903
  },
  {
    "name": "Ost's Commendation",
    "internal_name": "questitem_kv01_commendation",
    "id": 1354843
  },
  {
    "name": "Heart of Sibun",
    "internal_name": "envquestitem_kv03_heartofsibun",
    "id": 1361191
  },
  {
    "name": "Aster Map",
    "internal_name": "questitem_ffq20_astermap",
    "id": 1367411
  },
  {
    "name": "Seed",
    "internal_name": "questitem_sq04_seed",
    "id": 1367928
  },
  {
    "name": "Osgar Krast's Blade",
    "internal_name": "questitem_kv01_dagger_osgarkrast",
    "id": 1379014
  },
  {
    "name": "Medgar Krast's Blade",
    "internal_name": "questitem_kv01_dagger_medgarkrast",
    "id": 1379015
  },
  {
    "name": "Invoice from Sigra Thorin",
    "internal_name": "questitem_ffq22_invoice_2",
    "id": 1382003
  },
  {
    "name": "Invoice from Sigra Thorin",
    "internal_name": "questitem_ffq22_invoice_3",
    "id": 1382004
  },
  {
    "name": "Invoice from Sigra Thorin",
    "internal_name": "questitem_ffq22_invoice_4",
    "id": 1382005
  },
  {
    "name": "Invoice from Sigra Thorin",
    "internal_name": "questitem_ffq22_invoice_5",
    "id": 1382007
  },
  {
    "name": "Contract (Seal Broken)",
    "internal_name": "questitem_sq14_scroll_readable",
    "id": 1382480
  },
  {
    "name": "Contract (Sealed)",
    "internal_name": "questitem_sq14_scroll_sealed",
    "id": 1382482
  },
  {
    "name": "Bolgan eye",
    "internal_name": "questitem_sq115_bolganeye",
    "id": 1386561
  },
  {
    "name": "Verdant Blades",
    "internal_name": "questitem_sq116_verdantblade",
    "id": 1388394
  },
  {
    "name": "Royal Seal of Ansilla",
    "internal_name": "questitem_sq116_houseseal",
    "id": 1388396
  },
  {
    "name": "Drewn's Ring",
    "internal_name": "questitem_sq116_drewnsring",
    "id": 1388821
  },
  {
    "name": "Vernis' Report",
    "internal_name": "questitem_sq118_venrisorders",
    "id": 1391869
  },
  {
    "name": "Arduath Totem",
    "internal_name": "questitem_tr02_arduathtotem",
    "id": 1428116
  },
  {
    "name": "Ruby Gemstone",
    "internal_name": "questitem_sq68_rubygemstone",
    "id": 1432331
  },
  {
    "name": "Amphora (Empty)",
    "internal_name": "questitem_sq120_vessel_0",
    "id": 1440650
  },
  {
    "name": "Amphora (Partly Filled)",
    "internal_name": "questitem_sq120_vessel_1",
    "id": 1440755
  },
  {
    "name": "Amphora (Partly Filled)",
    "internal_name": "questitem_sq120_vessel_2",
    "id": 1440756
  },
  {
    "name": "Amphora (Full)",
    "internal_name": "questitem_sq120_vessel_3",
    "id": 1440757
  },
  {
    "name": "Silver Phial",
    "internal_name": "questitem_sq67_silverphial",
    "id": 1444706
  },
  {
    "name": "Ceremonial Figurine",
    "internal_name": "questitem_sq120_ceremonialitem",
    "id": 1446207
  },
  {
    "name": "Poisoned Wine",
    "internal_name": "questitem_sq63_poisonwine",
    "id": 1449510
  },
  {
    "name": "Lapidus Root",
    "internal_name": "envquestitem_sq63_lapidus",
    "id": 1452836
  },
  {
    "name": "Old Red Ledger",
    "internal_name": "questitem_sq123_macguffin",
    "id": 1453939
  },
  {
    "name": "Notice of Duty",
    "internal_name": "questitem_sq122_notice_1",
    "id": 1459407
  },
  {
    "name": "Notice of Duty",
    "internal_name": "questitem_sq122_notice_2",
    "id": 1459414
  },
  {
    "name": "Notice of Duty",
    "internal_name": "questitem_sq122_notice_3",
    "id": 1459415
  },
  {
    "name": "Notice of Duty",
    "internal_name": "questitem_sq122_notice_4",
    "id": 1459416
  },
  {
    "name": "Maybryn Wine",
    "internal_name": "questitem_sq149_wine",
    "id": 1476583
  },
  {
    "name": "Engraved Varani Daggers",
    "internal_name": "questitem_sq126_daggers",
    "id": 1485791
  },
  {
    "name": "Letter from Varani ambassador",
    "internal_name": "questitem_sq126_letter",
    "id": 1485794
  },
  {
    "name": "Ysa Honor Brand Blades",
    "internal_name": "questitem_ffq60_curvedblade",
    "id": 1492458
  },
  {
    "name": "Ysa Honor Brand fulcrum",
    "internal_name": "questitem_ffq60_fulcrum",
    "id": 1492864
  },
  {
    "name": "Ysa Honor Brand bindings",
    "internal_name": "questitem_ffq60_bindings",
    "id": 1492930
  },
  {
    "name": "Ysa Honor Brand grip",
    "internal_name": "questitem_ffq60_grip",
    "id": 1492989
  },
  {
    "name": "Bristletongue Seeds",
    "internal_name": "questitem_sq84_seeds",
    "id": 1500541
  },
  {
    "name": "Mysterious Note",
    "internal_name": "questitem_sq84_note",
    "id": 1501052
  },
  {
    "name": "Strange Leaf",
    "internal_name": "questitem_ffq61_grass01",
    "id": 1508105
  },
  {
    "name": "St. Hadwyn's Beads",
    "internal_name": "amulet_unique34_01",
    "id": 1509130
  },
  {
    "name": "Water Vessel",
    "internal_name": "questitem_sq93_vial",
    "id": 1521383
  },
  {
    "name": "Crumpled Note",
    "internal_name": "hv02_note",
    "id": 1527277
  },
  {
    "name": "Heart of Sibun",
    "internal_name": "questitem_kvsq02_heartofsibun",
    "id": 1527353
  },
  {
    "name": "Small, White VIal",
    "internal_name": "questitem_hv02_vial",
    "id": 1527447
  },
  {
    "name": "The Book of Gentle Beasts",
    "internal_name": "envquestitem_kvsq03_book",
    "id": 1533569
  },
  {
    "name": "Marriage Band",
    "internal_name": "questitem_kvsq04_weddingband",
    "id": 1536982
  },
  {
    "name": "Grinning Vane's Armband",
    "internal_name": "questitem_kvsq06_vanesarmband",
    "id": 1539185
  },
  {
    "name": "Eldric's Staff",
    "internal_name": "questitem_kvsq07_staff",
    "id": 1540183
  },
  {
    "name": "Sacred Tract",
    "internal_name": "questitem_kvsq08_scroll",
    "id": 1540662
  },
  {
    "name": "Surgeon's Blades",
    "internal_name": "questitem_kvsq09_scalpels",
    "id": 1541274
  },
  {
    "name": "Spider Stingers",
    "internal_name": "questitem_kvsq10_spiderbit",
    "id": 1541341
  },
  {
    "name": "Sylvanite Blade Shipment",
    "internal_name": "item_hv04_sylvanite",
    "id": 1554182
  },
  {
    "name": "Summer Court Imperial",
    "internal_name": "sq133_item_summercourtimperial",
    "id": 1556597
  },
  {
    "name": "Fae Stone",
    "internal_name": "sq125_stone",
    "id": 1556683
  },
  {
    "name": "Breath of Arba",
    "internal_name": "questitem_sq82_staff",
    "id": 1568558
  },
  {
    "name": "Sorrogweth Fungus",
    "internal_name": "envquestitem_sq139_fungus",
    "id": 1571989
  },
  {
    "name": "Prepared Raw Prismere",
    "internal_name": "questitem_ffq68_prismere_raw",
    "id": 1574046
  },
  {
    "name": "Torch",
    "internal_name": "questitem_sq94_torch",
    "id": 1577694
  },
  {
    "name": null,
    "internal_name": "questitem_sq67_shard_01",
    "id": 1590000
  },
  {
    "name": "A Bloodsoaked Journal",
    "internal_name": "questitem_sq128_journal",
    "id": 1602813
  },
  {
    "name": "Dead Man's Journal",
    "internal_name": "questitem_ffq61_journal",
    "id": 1605143
  },
  {
    "name": "Collections Purse",
    "internal_name": "questitem_sq147_collectionspurse",
    "id": 1611856
  },
  {
    "name": "Engraved Hammer",
    "internal_name": "questitem_ffq73_gregor_hammer",
    "id": 1612017
  },
  {
    "name": "Jillian's Amulet",
    "internal_name": "questitem_ffq74_jillian_amulet",
    "id": 1612044
  },
  {
    "name": "Fae Flower",
    "internal_name": "questitem_ffq75_asela_flower",
    "id": 1612051
  },
  {
    "name": "Unique Sword",
    "internal_name": "questitem_ffq76_saresa_sword",
    "id": 1612052
  },
  {
    "name": "Proper Trading Practices",
    "internal_name": "questitem_ffq77_cadeth_bookoftrade",
    "id": 1612065
  },
  {
    "name": "Slightly Worn Book",
    "internal_name": "questitem_ffq78_zohvari_bookofrhymes",
    "id": 1612066
  },
  {
    "name": "Crystal Shard Fragment",
    "internal_name": "questitem_ffq79_worick_crystalshard",
    "id": 1612067
  },
  {
    "name": "Grilricas' Medallion",
    "internal_name": "questitem_trsq01_grilriacsmedallion",
    "id": 1621194
  },
  {
    "name": "St. Eadric's Pall",
    "internal_name": "questitem_trsq01_eadricsremains",
    "id": 1621195
  },
  {
    "name": "Draug's Toothpicks",
    "internal_name": "questitem_trsq01_draugstoothpicks",
    "id": 1621199
  },
  {
    "name": "Carasta's Contract",
    "internal_name": "questitem_sq149_contract",
    "id": 1632173
  },
  {
    "name": "Carasta's Contract - Signed",
    "internal_name": "questitem_sq149_contract_signed",
    "id": 1632174
  },
  {
    "name": "Wyvyrn-Gifre Signet",
    "internal_name": "questitem_trsq02_wgsignet",
    "id": 1632575
  },
  {
    "name": "Chalice of Forced Vintage",
    "internal_name": "questitem_trsq02_vintagemaker",
    "id": 1632745
  },
  {
    "name": "Cowl of the Maiden",
    "internal_name": "questitem_trsq02_matroncirclet",
    "id": 1632750
  },
  {
    "name": "Death Notice: Tak Edstar",
    "internal_name": "questitem_ffq24_deathnotice_4",
    "id": 1634819
  },
  {
    "name": "Death Notice: Ina Sawerth",
    "internal_name": "questitem_ffq24_deathnotice_5",
    "id": 1634849
  },
  {
    "name": "Death Notice: Astley Golgoti",
    "internal_name": "questitem_ffq24_deathnotice_6",
    "id": 1634859
  },
  {
    "name": "Death Notice: Joanne Gortan",
    "internal_name": "questitem_ffq24_deathnotice_7",
    "id": 1634862
  },
  {
    "name": "Death Notice: Ram Leodwald",
    "internal_name": "questitem_ffq24_deathnotice_8",
    "id": 1634863
  },
  {
    "name": "Key to Mayor's Cottage",
    "internal_name": "questitem_sq150_mayorscottage",
    "id": 1637990
  },
  {
    "name": "Confession of Mayor Taklari",
    "internal_name": "questitem_sq150_travelersdocument",
    "id": 1638706
  },
  {
    "name": "Glass of Ambient",
    "internal_name": "obj_tr06_glassofambient",
    "id": 1643316
  },
  {
    "name": "Notice of Seizure",
    "internal_name": "questitem_tr03_contrabandnotice",
    "id": 1646539
  },
  {
    "name": "Eloren's Note to Guian",
    "internal_name": "questitem_tr03_stebicnote",
    "id": 1646540
  },
  {
    "name": "Maun's Note",
    "internal_name": "questitem_trsq03_maunsnote",
    "id": 1646878
  },
  {
    "name": "Slavers Contract",
    "internal_name": "questitem_sq61_contract",
    "id": 1651336
  },
  {
    "name": "Ansilla Doll",
    "internal_name": "questitem_ffq84_doll_1",
    "id": 1652925
  },
  {
    "name": "Ansilla Doll",
    "internal_name": "questitem_ffq84_doll_2",
    "id": 1652934
  },
  {
    "name": "Ansilla Doll",
    "internal_name": "questitem_ffq84_doll_3",
    "id": 1652937
  },
  {
    "name": "Ansilla Doll",
    "internal_name": "questitem_ffq84_doll_4",
    "id": 1652938
  },
  {
    "name": "Ansilla Doll",
    "internal_name": "questitem_ffq84_doll_5",
    "id": 1652939
  },
  {
    "name": "Letter from Lord Erran Gastyr",
    "internal_name": "questitem_sq114_brunletter",
    "id": 1664320
  },
  {
    "name": "Tuatha Dagger",
    "internal_name": "questitem_sq151_dagger",
    "id": 1666165
  },
  {
    "name": "Gloamfrost",
    "internal_name": "hp02_staff_result_2",
    "id": 1684120
  },
  {
    "name": "Ender's Fire",
    "internal_name": "hp02_staff_result_3",
    "id": 1684122
  },
  {
    "name": "Relic",
    "internal_name": "questitem_sq121_relic",
    "id": 1684309
  },
  {
    "name": "Note from Reddle Mane",
    "internal_name": "questitem_sq57_reddlenote",
    "id": 1686169
  },
  {
    "name": "Note from Courdan Passant",
    "internal_name": "questitem_sq57_courdannote",
    "id": 1686170
  },
  {
    "name": "Letter from Feride Ouet",
    "internal_name": "questitem_sq57_feridenote",
    "id": 1686174
  },
  {
    "name": "The Flame of Rhyderk",
    "internal_name": "questitem_ballads_lore_1",
    "id": 1694724
  },
  {
    "name": "Shadow of Enfamanir",
    "internal_name": "questitem_ballads_lore_2",
    "id": 1694743
  },
  {
    "name": "Treasures of Meropis",
    "internal_name": "questitem_ballads_lore_3",
    "id": 1694748
  },
  {
    "name": "Cureseeker",
    "internal_name": "questitem_ballads_lore_4",
    "id": 1694749
  },
  {
    "name": "Signet Ring of Lord Kandrian",
    "internal_name": "questitem_sq97_kandriansring",
    "id": 1700692
  },
  {
    "name": "Farewell Note",
    "internal_name": "mq17_alyn_note",
    "id": 1702718
  },
  {
    "name": "Motus Handbook",
    "internal_name": "questitem_sq153_motushandbook",
    "id": 1704223
  },
  {
    "name": "Blade of Rhyderk",
    "internal_name": "questitem_hmsq01_blade",
    "id": 1707669
  },
  {
    "name": "Adessa I",
    "internal_name": "questitem_ffq49_startbook",
    "id": 1707674
  },
  {
    "name": "Finding the Aster Inheritance",
    "internal_name": "questitem_ffq20_letter",
    "id": 1718930
  },
  {
    "name": "Kobold Vial",
    "internal_name": "questitem_ffq21_koboldvial",
    "id": 1726826
  },
  {
    "name": "Crudok Vial",
    "internal_name": "questitem_ffq21_crudokvial",
    "id": 1726827
  },
  {
    "name": "Ettin Vial",
    "internal_name": "questitem_ffq21_ettinvial",
    "id": 1726828
  },
  {
    "name": "Jottun Vial",
    "internal_name": "questitem_ffq21_jottunvial",
    "id": 1726829
  },
  {
    "name": "Kobold Vial",
    "internal_name": "questitem_ffq21_koboldvialfull",
    "id": 1729518
  },
  {
    "name": "Crudok Vial",
    "internal_name": "questitem_ffq21_crudokvialfull",
    "id": 1729519
  },
  {
    "name": "Ettin Vial",
    "internal_name": "questitem_ffq21_ettinvialfull",
    "id": 1729522
  },
  {
    "name": "Jottun Vial",
    "internal_name": "questitem_ffq21_jottunvialfull",
    "id": 1729523
  },
  {
    "name": "Murghan Charm",
    "internal_name": "questitem_sq103_murghancharm",
    "id": 1731039
  },
  {
    "name": "Calovar's Relic",
    "internal_name": "questitem_sq96_edgarstone",
    "id": 1745482
  },
  {
    "name": "Buru's Boots",
    "internal_name": "rogue_unique07_feet_a",
    "id": 1754856
  },
  {
    "name": "Selkie Veil",
    "internal_name": "mage_unique07_head_a",
    "id": 1756168
  },
  {
    "name": "Selkie Veil",
    "internal_name": "mage_unique07_head_b",
    "id": 1756182
  },
  {
    "name": "Selkie Veil",
    "internal_name": "mage_unique07_head_c",
    "id": 1756183
  },
  {
    "name": "Selkie Veil",
    "internal_name": "mage_unique07_head_d",
    "id": 1756184
  },
  {
    "name": "Selkie Veil",
    "internal_name": "mage_unique07_head_e",
    "id": 1756185
  },
  {
    "name": "Selkie Veil",
    "internal_name": "mage_unique07_head_f",
    "id": 1756186
  },
  {
    "name": "Selkie Veil",
    "internal_name": "mage_unique07_head_g",
    "id": 1756187
  },
  {
    "name": "Selkie Veil",
    "internal_name": "mage_unique07_head_h",
    "id": 1756188
  },
  {
    "name": "Buru's Boots",
    "internal_name": "rogue_unique07_feet_b",
    "id": 1756375
  },
  {
    "name": "Buru's Boots",
    "internal_name": "rogue_unique07_feet_c",
    "id": 1756376
  },
  {
    "name": "Buru's Boots",
    "internal_name": "rogue_unique07_feet_d",
    "id": 1756377
  },
  {
    "name": "Buru's Boots",
    "internal_name": "rogue_unique07_feet_e",
    "id": 1756378
  },
  {
    "name": "Buru's Boots",
    "internal_name": "rogue_unique07_feet_f",
    "id": 1756379
  },
  {
    "name": "Alleia's Ring",
    "internal_name": "questitem_sq68_alleiasring",
    "id": 1769757
  },
  {
    "name": "Ceremonial Faeblades",
    "internal_name": "questitem_sq56_faeblades",
    "id": 1774451
  },
  {
    "name": "Staff of the Sun",
    "internal_name": "questitem_sq56_staff",
    "id": 1775720
  },
  {
    "name": "Robes of Elona",
    "internal_name": "questitem_sq56_robes",
    "id": 1775730
  },
  {
    "name": "Mystic Hammer Remains",
    "internal_name": "questitem_kv07_mystichammer_ruined",
    "id": 1775954
  },
  {
    "name": "Antelope Head",
    "internal_name": "questitem_ffq04_antelopetrophy5",
    "id": 1778587
  },
  {
    "name": "Antelope Head",
    "internal_name": "questitem_ffq04_antelopetrophy6",
    "id": 1778588
  },
  {
    "name": "Antelope Head",
    "internal_name": "questitem_ffq04_antelopetrophy7",
    "id": 1778598
  },
  {
    "name": "Antelope Head",
    "internal_name": "questitem_ffq04_antelopetrophy8",
    "id": 1778599
  },
  {
    "name": "Amulet of Rithen",
    "internal_name": "amulet_unique35",
    "id": 1783849
  },
  {
    "name": "Ballads Signet Ring",
    "internal_name": "ring_unique43",
    "id": 1783980
  },
  {
    "name": "Maiden's Ring",
    "internal_name": "ring_unique38",
    "id": 1784385
  },
  {
    "name": "Deed to Sandstone Villa",
    "internal_name": "questitem_sq152_housedeed",
    "id": 1790916
  },
  {
    "name": "Hellbane",
    "internal_name": "questitem_sq02_hellbane",
    "id": 1799102
  },
  {
    "name": "Omnibus Arcana",
    "internal_name": "questitem_sasq01_emptytome1",
    "id": 1800393
  },
  {
    "name": "Omnibus Arcana",
    "internal_name": "questitem_sasq01_emptytome2",
    "id": 1800394
  },
  {
    "name": "Omnibus Arcana",
    "internal_name": "questitem_sasq01_emptytome3",
    "id": 1800395
  },
  {
    "name": "Omnibus Arcana",
    "internal_name": "questitem_sasq01_emptytome4",
    "id": 1800396
  },
  {
    "name": "Omnibus Arcana",
    "internal_name": "questitem_sasq01_emptytome5",
    "id": 1800397
  },
  {
    "name": "Bogstaunch",
    "internal_name": "questitem_ffq29_bogstaunch",
    "id": 1800820
  },
  {
    "name": "Cassera's Journal",
    "internal_name": "questitem_sasq03_casserajournal",
    "id": 1802329
  },
  {
    "name": "Aloren's Journal",
    "internal_name": "questitem_sasq03_alorenjournal",
    "id": 1802466
  },
  {
    "name": "Bertran's Journal",
    "internal_name": "questitem_sasq03_bertranjournal",
    "id": 1802468
  },
  {
    "name": "Belne's Sword of Ire",
    "internal_name": "sword1h_unique18a",
    "id": 1806710
  },
  {
    "name": "Belne's Sword of Ire",
    "internal_name": "sword1h_unique18b",
    "id": 1806711
  },
  {
    "name": "Belne's Sword of Ire",
    "internal_name": "sword1h_unique18c",
    "id": 1806712
  },
  {
    "name": "Belne's Sword of Ire",
    "internal_name": "sword1h_unique18d",
    "id": 1806713
  },
  {
    "name": "Belne's Sword of Ire",
    "internal_name": "sword1h_unique18e",
    "id": 1806714
  },
  {
    "name": "Belne's Sword of Ire",
    "internal_name": "sword1h_unique18f",
    "id": 1806715
  },
  {
    "name": "Belne's Sword of Ire",
    "internal_name": "sword1h_unique18g",
    "id": 1806716
  },
  {
    "name": "Belne's Sword of Ire",
    "internal_name": "sword1h_unique18h",
    "id": 1806717
  },
  {
    "name": "Belne's Staff of Ire",
    "internal_name": "staff_unique15a",
    "id": 1806797
  },
  {
    "name": "Belne's Staff of Ire",
    "internal_name": "staff_unique15b",
    "id": 1806798
  },
  {
    "name": "Belne's Staff of Ire",
    "internal_name": "staff_unique15c",
    "id": 1806799
  },
  {
    "name": "Belne's Staff of Ire",
    "internal_name": "staff_unique15d",
    "id": 1806800
  },
  {
    "name": "Belne's Staff of Ire",
    "internal_name": "staff_unique15e",
    "id": 1806801
  },
  {
    "name": "Belne's Staff of Ire",
    "internal_name": "staff_unique15f",
    "id": 1806802
  },
  {
    "name": "Belne's Staff of Ire",
    "internal_name": "staff_unique15g",
    "id": 1806803
  },
  {
    "name": "Belne's Staff of Ire",
    "internal_name": "staff_unique15h",
    "id": 1806804
  },
  {
    "name": "Belne's Daggers of Ire",
    "internal_name": "daggers_unique09a",
    "id": 1806826
  },
  {
    "name": "Belne's Daggers of Ire",
    "internal_name": "daggers_unique09b",
    "id": 1806827
  },
  {
    "name": "Belne's Daggers of Ire",
    "internal_name": "daggers_unique09c",
    "id": 1806828
  },
  {
    "name": "Belne's Daggers of Ire",
    "internal_name": "daggers_unique09d",
    "id": 1806829
  },
  {
    "name": "Belne's Daggers of Ire",
    "internal_name": "daggers_unique09e",
    "id": 1806830
  },
  {
    "name": "Belne's Daggers of Ire",
    "internal_name": "daggers_unique09f",
    "id": 1806831
  },
  {
    "name": "Belne's Daggers of Ire",
    "internal_name": "daggers_unique09g",
    "id": 1806833
  },
  {
    "name": "Belne's Daggers of Ire",
    "internal_name": "daggers_unique09h",
    "id": 1806834
  },
  {
    "name": "Spidersac Ichor",
    "internal_name": "questitem_sq109_spidergland",
    "id": 1817309
  },
  {
    "name": "Jottun Stew Grist",
    "internal_name": "questitem_sq109_jottungrist",
    "id": 1817456
  },
  {
    "name": "Fennwrac Flower",
    "internal_name": "envquestitem_sq109_herb",
    "id": 1817463
  },
  {
    "name": "Ariel's Pack",
    "internal_name": "questitem_sq36_arielspack",
    "id": 1818240
  },
  {
    "name": "Ancient Artifact",
    "internal_name": "questitem_sq36_ancientartifact",
    "id": 1818241
  },
  {
    "name": "Speakstone",
    "internal_name": "sq56_speakstone",
    "id": 1823095
  },
  {
    "name": "Kiftal's Elixer",
    "internal_name": "questitem_sq139_kiftalselixer",
    "id": 1825740
  },
  {
    "name": "Fellfire Bloom",
    "internal_name": "sq133_centuryblossom",
    "id": 1825874
  },
  {
    "name": "Kora Petal",
    "internal_name": "sq124_millenniumpetal",
    "id": 1829200
  },
  {
    "name": "Fae Potion",
    "internal_name": "sq124_poultice",
    "id": 1829907
  },
  {
    "name": "Amulet of the Sun",
    "internal_name": "questitem_sq55_amulet",
    "id": 1831690
  },
  {
    "name": "Shattered Tuatha Weapon",
    "internal_name": "questitem_sq137_component",
    "id": 1857728
  },
  {
    "name": "Brother Padric's Travel Notes",
    "internal_name": "questitem_sq155_journal",
    "id": 1862537
  },
  {
    "name": "Strange Red Stone",
    "internal_name": "questitem_ffq69_thing_a",
    "id": 1874462
  },
  {
    "name": "Strange Blue Stone",
    "internal_name": "questitem_ffq69_thing_b",
    "id": 1874469
  },
  {
    "name": "Strange Purple Stone",
    "internal_name": "questitem_ffq69_thing_c",
    "id": 1874518
  },
  {
    "name": "Strange Green Stone",
    "internal_name": "questitem_ffq69_thing_d",
    "id": 1874519
  },
  {
    "name": "Cipher of Ethene",
    "internal_name": "dlc2_questitem_mq_cipher",
    "id": 1937604
  },
  {
    "name": "Heart of Sibun",
    "internal_name": "questitem_kv03_heartofsibun",
    "id": 1939312
  },
  {
    "name": "Kobold Clan Totem",
    "internal_name": "questitem_sq108_totem",
    "id": 1939340
  },
  {
    "name": "Explosive",
    "internal_name": "dlc1_mq01_explosive",
    "id": 1940498
  },
  {
    "name": "Astrolabe",
    "internal_name": "dlc1_mq02_astrolabe",
    "id": 1941817
  },
  {
    "name": "Bundle of Emberwood",
    "internal_name": "dlc1_material_wood",
    "id": 1941985
  },
  {
    "name": "Bundle of Seasteel",
    "internal_name": "dlc1_material_metal",
    "id": 1942003
  },
  {
    "name": "Bundle of Sailcloth",
    "internal_name": "dlc1_material_cloth",
    "id": 1942014
  },
  {
    "name": "Bundle of Beachstone",
    "internal_name": "dlc1_material_clay",
    "id": 1942015
  },
  {
    "name": "Bundle of Bearhide",
    "internal_name": "dlc1_material_leather",
    "id": 1942016
  },
  {
    "name": "Plagueshield",
    "internal_name": "questitem_sq86_plagueshield3",
    "id": 1946119
  },
  {
    "name": "Kollossae Litany",
    "internal_name": "dlc2_questitem_sq05_scroll1",
    "id": 1947526
  },
  {
    "name": "Kollossae Litany",
    "internal_name": "dlc2_questitem_sq05_scroll2",
    "id": 1947527
  },
  {
    "name": "Kollossae Litany",
    "internal_name": "dlc2_questitem_sq05_scroll3",
    "id": 1947528
  },
  {
    "name": "Kollossae Litany",
    "internal_name": "dlc2_questitem_sq05_scroll4",
    "id": 1947529
  },
  {
    "name": "Kollossae Litany",
    "internal_name": "dlc2_questitem_sq05_scroll5",
    "id": 1947530
  },
  {
    "name": "Pteryx Vanes",
    "internal_name": "dlc2_questitem_mq03_pteryxfeathers",
    "id": 1947780
  },
  {
    "name": "Lykos' Rat Bait",
    "internal_name": "dlc2_sq01_questitem_bait",
    "id": 1948785
  },
  {
    "name": "Amphora",
    "internal_name": "dlc2_questitem_sq07_amphora",
    "id": 1948796
  },
  {
    "name": "The Tome of Contrition",
    "internal_name": "dlc1_object_sq04_ancienttome",
    "id": 1957958
  },
  {
    "name": "Map fragment - Northern Coast",
    "internal_name": "dlc1_questitem_ffq01_piece1_map1",
    "id": 1963541
  },
  {
    "name": "Map fragment - Northern Coast",
    "internal_name": "dlc1_questitem_ffq01_piece2_map1",
    "id": 1963542
  },
  {
    "name": "Map fragment - Northern Coast",
    "internal_name": "dlc1_questitem_ffq01_piece3_map1",
    "id": 1963543
  },
  {
    "name": "Map fragment - Scuttle Beach",
    "internal_name": "dlc1_questitem_ffq01_piece1_map2",
    "id": 1963544
  },
  {
    "name": "Map fragment - Scuttle Beach",
    "internal_name": "dlc1_questitem_ffq01_piece2_map2",
    "id": 1963545
  },
  {
    "name": "Map fragment - Scuttle Beach",
    "internal_name": "dlc1_questitem_ffq01_piece3_map2",
    "id": 1963546
  },
  {
    "name": "Map fragment - The Jawbone",
    "internal_name": "dlc1_questitem_ffq01_piece1_map3",
    "id": 1963547
  },
  {
    "name": "Map fragment - The Jawbone",
    "internal_name": "dlc1_questitem_ffq01_piece2_map3",
    "id": 1963548
  },
  {
    "name": "Map fragment - The Jawbone",
    "internal_name": "dlc1_questitem_ffq01_piece3_map3",
    "id": 1963549
  },
  {
    "name": "Map fragment - Cape Solace",
    "internal_name": "dlc1_questitem_ffq01_piece1_map4",
    "id": 1963550
  },
  {
    "name": "Map fragment - Cape Solace",
    "internal_name": "dlc1_questitem_ffq01_piece2_map4",
    "id": 1963551
  },
  {
    "name": "Map fragment - Cape Solace",
    "internal_name": "dlc1_questitem_ffq01_piece3_map4",
    "id": 1963552
  },
  {
    "name": "Dvergan map - Northern Coast",
    "internal_name": "dlc1_questitem_ffq01_map1",
    "id": 1963553
  },
  {
    "name": "Dvergan map - Scuttle Beach",
    "internal_name": "dlc1_questitem_ffq01_map2",
    "id": 1963554
  },
  {
    "name": "Dvergan map - The Jawbone",
    "internal_name": "dlc1_questitem_ffq01_map3",
    "id": 1963555
  },
  {
    "name": "Dvergan map - Cape Solace",
    "internal_name": "dlc1_questitem_ffq01_map4",
    "id": 1963556
  },
  {
    "name": "Letter to Heliodorus",
    "internal_name": "dlc2_questitem_sq09_heliodorusletter",
    "id": 1966608
  },
  {
    "name": "Letter to Dareios",
    "internal_name": "dlc2_questitem_sq09_dareiosletter",
    "id": 1966612
  },
  {
    "name": "Letter to Korrinna",
    "internal_name": "dlc2_questitem_sq09_korrinnaletter",
    "id": 1966615
  },
  {
    "name": "Opened Ansilla Doll",
    "internal_name": "questitem_ffq84_useddoll_5",
    "id": 1969392
  },
  {
    "name": "Opened Ansilla Doll",
    "internal_name": "questitem_ffq84_useddoll_4",
    "id": 1969393
  },
  {
    "name": "Opened Ansilla Doll",
    "internal_name": "questitem_ffq84_useddoll_3",
    "id": 1969394
  },
  {
    "name": "Opened Ansilla Doll",
    "internal_name": "questitem_ffq84_useddoll_2",
    "id": 1969395
  },
  {
    "name": "Opened Ansilla Doll",
    "internal_name": "questitem_ffq84_useddoll_1",
    "id": 1969396
  },
  {
    "name": "Marauder Totem",
    "internal_name": "dlc2_questitem_ffq03_pteryxtalon",
    "id": 1973920
  },
  {
    "name": "Denric's Journal, I",
    "internal_name": "dlc2_book_denricjournal_1",
    "id": 1984838
  },
  {
    "name": "Denric's Journal, II",
    "internal_name": "dlc2_book_denricjournal_2",
    "id": 1984839
  },
  {
    "name": "Denric's Journal, III",
    "internal_name": "dlc2_book_denricjournal_3",
    "id": 1984840
  },
  {
    "name": "Arkes' Circlet",
    "internal_name": "dlc2_questitem_mq03_arkescirclet",
    "id": 1985912
  },
  {
    "name": "Foundation Report",
    "internal_name": "dlc2_sq12_report",
    "id": 1991412
  },
  {
    "name": "Brooch Heirloom",
    "internal_name": "dlc2_questitem_sq14_brooch",
    "id": 1991479
  },
  {
    "name": "Idol",
    "internal_name": "dlc2_questitem_sq14_flute",
    "id": 1991494
  },
  {
    "name": "Mason's Hammer",
    "internal_name": "dlc2_questitem_sq14_masonhammer",
    "id": 1991495
  },
  {
    "name": "Family Ring",
    "internal_name": "dlc2_questitem_sq09_ring",
    "id": 1992137
  },
  {
    "name": "Hystis' Journal",
    "internal_name": "dlc2_questitem_sq09_journal",
    "id": 1992138
  },
  {
    "name": "Broken Cipher of Ethene",
    "internal_name": "dlc2_questitem_mq_cipher_broken",
    "id": 1992774
  },
  {
    "name": "Akara's Heart",
    "internal_name": "dlc1_questitem_sq08_amulet",
    "id": 1994222
  },
  {
    "name": "Cage Key",
    "internal_name": "dlc1_questitem_sq08_potion",
    "id": 1994765
  },
  {
    "name": "Kollossae History, I",
    "internal_name": "dlc2_book_kollossaehistory_1",
    "id": 1998629
  },
  {
    "name": "Kollossae History, II",
    "internal_name": "dlc2_book_kollossaehistory_2",
    "id": 1998630
  },
  {
    "name": "Kollossae History, III",
    "internal_name": "dlc2_book_kollossaehistory_3",
    "id": 1998631
  },
  {
    "name": "Voyage of the Barufakir",
    "internal_name": "dlc1_book_voyageofthebarufakir_translated",
    "id": 2004943
  },
  {
    "name": "Ancient Dvergan Text",
    "internal_name": "dlc1_book_voyageofthebarufakir_untranslated",
    "id": 2004944
  },
  {
    "name": "Scav Vial",
    "internal_name": "dlc1_questitem_ph05b_scavvialfull",
    "id": 2009113
  },
  {
    "name": "Scav Vial",
    "internal_name": "dlc1_questitem_ph05b_scavvial",
    "id": 2009114
  },
  {
    "name": "Boggart Vial",
    "internal_name": "dlc1_questitem_ph05b_boggartvialfull",
    "id": 2009115
  },
  {
    "name": "Boggart Vial",
    "internal_name": "dlc1_questitem_ph05b_boggartvial",
    "id": 2009116
  },
  {
    "name": "Faer Gorta Vial",
    "internal_name": "dlc1_questitem_ph05b_faergortavialfull",
    "id": 2009117
  },
  {
    "name": "Faer Gorta Vial",
    "internal_name": "dlc1_questitem_ph05b_faergortavial",
    "id": 2009118
  },
  {
    "name": "Murghan Vial",
    "internal_name": "dlc1_questitem_ph05b_murghanvialfull",
    "id": 2009119
  },
  {
    "name": "Murghan Vial",
    "internal_name": "dlc1_questitem_ph05b_murghanvial",
    "id": 2009120
  },
  {
    "name": "Root Golem Vial",
    "internal_name": "dlc1_questitem_ph05b_rootgolemvial",
    "id": 2009121
  },
  {
    "name": "Root Golem Vial",
    "internal_name": "dlc1_questitem_ph05b_rootgolemvialfull",
    "id": 2009122
  },
  {
    "name": "Oath of Fealty",
    "internal_name": "dlc2_book_ratking_fealtyoath",
    "id": 2012801
  },
  {
    "name": "Ancient Dvergan Text",
    "internal_name": "dlc1_book_princekalevasjournal_untranslated",
    "id": 2031069
  },
  {
    "name": "Prince Kaleva's Journal",
    "internal_name": "dlc1_book_princekalevasjournal_translated",
    "id": 2031070
  },
  {
    "name": "The Two-Faced Troll",
    "internal_name": "dlc1_book_thetwofacedtroll_translated",
    "id": 2031071
  },
  {
    "name": "Ancient Varani Text",
    "internal_name": "dlc1_book_thetwofacedtroll_untranslated",
    "id": 2031072
  },
  {
    "name": "Ancient Almain Text",
    "internal_name": "dlc1_book_bloodyjournal_untranslated",
    "id": 2031073
  },
  {
    "name": "Bloody Journal",
    "internal_name": "dlc1_book_bloodyjournal_translated",
    "id": 2031074
  },
  {
    "name": "Ancient Dvergan Text",
    "internal_name": "dlc1_book_thebarelegssisters_untranslated",
    "id": 2031078
  },
  {
    "name": "The Barelegs Sisters",
    "internal_name": "dlc1_book_thebarelegssisters_translated",
    "id": 2031079
  },
  {
    "name": "On Creating Demand",
    "internal_name": "dlc1_book_ondemand_translated",
    "id": 2031080
  },
  {
    "name": "Ancient Varani Text",
    "internal_name": "dlc1_book_ondemand_untranslated",
    "id": 2031081
  },
  {
    "name": "Ancient Gnomish Text",
    "internal_name": "dlc1_book_thecrymbil_untranslated",
    "id": 2031102
  },
  {
    "name": "The Crymbil",
    "internal_name": "dlc1_book_thecrymbil_translated",
    "id": 2031103
  },
  {
    "name": "The Bashful Peregrine",
    "internal_name": "dlc1_book_bashfulperegrine_translated",
    "id": 2031104
  },
  {
    "name": "Ancient Alfar Text",
    "internal_name": "dlc1_book_bashfulperegrine_untranslated",
    "id": 2031105
  },
  {
    "name": "Ancient Almain Text",
    "internal_name": "dlc1_book_aislingtwelvefingers_untranslated",
    "id": 2031106
  },
  {
    "name": "Ancient Dvergan Text",
    "internal_name": "dlc1_book_thevirtuesofseasteel_untranslated",
    "id": 2031107
  },
  {
    "name": "Aisling Twelve Fingers",
    "internal_name": "dlc1_book_aislingtwelvefingers_translated",
    "id": 2031108
  },
  {
    "name": "The Virtues of Seasteel",
    "internal_name": "dlc1_book_thevirtuesofseasteel_translated",
    "id": 2031109
  },
  {
    "name": "Ancient Alfar Text",
    "internal_name": "dlc1_book_theringmaker_untranslated",
    "id": 2031110
  },
  {
    "name": "Ancient Dvergan Text",
    "internal_name": "dlc1_book_theseasteelgolems_untranslated",
    "id": 2031111
  },
  {
    "name": "The Ring Maker",
    "internal_name": "dlc1_book_theringmaker_translated",
    "id": 2031112
  },
  {
    "name": "The Seasteel Golems",
    "internal_name": "dlc1_book_theseasteelgolems_translated",
    "id": 2031113
  },
  {
    "name": "Mysterious Cure",
    "internal_name": "questitem_sq66_cure_unusable",
    "id": 2032973
  },
  {
    "name": "Primal Magic",
    "internal_name": "dlc2_book_primalmagic",
    "id": 2034658
  },
  {
    "name": "Sister Ceanna's Note",
    "internal_name": "dlc1_ph01b_sisterceannnote",
    "id": 2034750
  },
  {
    "name": "Epistle I",
    "internal_name": "dlc2_book_ettinepistle",
    "id": 2034766
  },
  {
    "name": "Idylla Rising",
    "internal_name": "dlc2_book_idyllaascent",
    "id": 2034770
  },
  {
    "name": "The Mairu, I",
    "internal_name": "dlc2_book_mairu_1",
    "id": 2034774
  },
  {
    "name": "The Mairu, II",
    "internal_name": "dlc2_book_mairu_2",
    "id": 2034775
  },
  {
    "name": "Anokatos' Miracle",
    "internal_name": "dlc2_book_anokatosmiracles",
    "id": 2034865
  },
  {
    "name": "Gallow's Bloom",
    "internal_name": "dlc1_questitem_ph01b_gallowsbloom",
    "id": 2035087
  },
  {
    "name": "Scion's Amulet",
    "internal_name": "dlc1_questitem_mq03_amulet",
    "id": 2035166
  },
  {
    "name": "Gallows End Beastiary",
    "internal_name": "dlc1_book_gallowsendbestiary",
    "id": 2067428
  },
  {
    "name": "Survey of Gallows End",
    "internal_name": "dlc1_book_surveyofgallowsend",
    "id": 2067431
  },
  {
    "name": "Zefwyn's Log",
    "internal_name": "dlc1_book_zefwynslog",
    "id": 2067730
  },
  {
    "name": "Diary of Myfa Rhonwen",
    "internal_name": "dlc1_book_myfadiary",
    "id": 2067787
  },
  {
    "name": "Alfar Navy Recruitment Letter",
    "internal_name": "dlc1_book_recruitmentletter",
    "id": 2071122
  },
  {
    "name": "Naros Chronicle",
    "internal_name": "dlc2_book_mqstory_1_1",
    "id": 2079570
  },
  {
    "name": "Naros Chronicle",
    "internal_name": "dlc2_book_mqstory_2",
    "id": 2079571
  },
  {
    "name": "Naros Chronicle",
    "internal_name": "dlc2_book_mqstory_3_1",
    "id": 2079572
  },
  {
    "name": "Naros Chronicle",
    "internal_name": "dlc2_book_mqstory_4",
    "id": 2079573
  },
  {
    "name": "Ambrose's Goods",
    "internal_name": "dlc1_questitem_ph01b_ambrosegoods",
    "id": 2085923
  },
  {
    "name": "The Pteryx",
    "internal_name": "dlc2_book_pteryx",
    "id": 2089165
  },
  {
    "name": "Oath of the Primos",
    "internal_name": "dlc2_book_primoshistory",
    "id": 2089482
  },
  {
    "name": "Explorer's Journal, I",
    "internal_name": "dlc2_book_nerotelos_1",
    "id": 2089753
  },
  {
    "name": "Explorer's Journal, II",
    "internal_name": "dlc2_book_nerotelos_2",
    "id": 2089756
  },
  {
    "name": "Explorer's Journal, III",
    "internal_name": "dlc2_book_nerotelos_3",
    "id": 2089761
  },
  {
    "name": "Explorer's Journal, IV",
    "internal_name": "dlc2_book_nerotelos_4",
    "id": 2089762
  },
  {
    "name": "Explorer's Journal, V",
    "internal_name": "dlc2_book_nerotelos_5",
    "id": 2089767
  },
  {
    "name": "Explorer's Journal, VI",
    "internal_name": "dlc2_book_nerotelos_6",
    "id": 2089773
  },
  {
    "name": "Explorer's Journal, VII",
    "internal_name": "dlc2_book_nerotelos_7",
    "id": 2089779
  },
  {
    "name": "Explorer's Journal, VIII",
    "internal_name": "dlc2_book_nerotelos_8",
    "id": 2089785
  },
  {
    "name": "Explorer's Journal, IX",
    "internal_name": "dlc2_book_nerotelos_9",
    "id": 2089786
  },
  {
    "name": "Akara Essence Vial",
    "internal_name": "dlc1_questitem_ph01b_akaravialfull",
    "id": 2090033
  },
  {
    "name": "Akara Essence Vial",
    "internal_name": "dlc1_questitem_ph01b_akaravial",
    "id": 2090034
  },
  {
    "name": "Helyc's Journal",
    "internal_name": "dlc2_book_helycjournal",
    "id": 2090251
  },
  {
    "name": "Scout Report",
    "internal_name": "dlc2_book_jottunscout",
    "id": 2090278
  },
  {
    "name": "Epistle II",
    "internal_name": "dlc2_book_epistle_2",
    "id": 2091129
  },
  {
    "name": "Epistle III",
    "internal_name": "dlc2_book_epistle_3",
    "id": 2091130
  },
  {
    "name": "Liturgy of the Word",
    "internal_name": "dlc2_book_liturgy",
    "id": 2091361
  },
  {
    "name": "Psalms III",
    "internal_name": "dlc2_book_psalms",
    "id": 2091861
  },
  {
    "name": "Psalms I",
    "internal_name": "dlc2_book_psalms_2",
    "id": 2091863
  },
  {
    "name": "Psalms II",
    "internal_name": "dlc2_book_psalms_3",
    "id": 2091869
  },
  {
    "name": "Titans I",
    "internal_name": "dlc2_book_titans_1",
    "id": 2092023
  },
  {
    "name": "Letter to Galataea",
    "internal_name": "dlc2_book_pacetorletter_01",
    "id": 2092053
  },
  {
    "name": "Naros Chronicle",
    "internal_name": "dlc2_book_mqstory_1_2",
    "id": 2094053
  },
  {
    "name": "Naros Chronicle",
    "internal_name": "dlc2_book_mqstory_1_3",
    "id": 2094054
  },
  {
    "name": "Naros Chronicle",
    "internal_name": "dlc2_book_mqstory_1_4",
    "id": 2094055
  },
  {
    "name": "Naros Chronicle",
    "internal_name": "dlc2_book_mqstory_3_2",
    "id": 2094505
  },
  {
    "name": "Naros Chronicle",
    "internal_name": "dlc2_book_mqstory_5_1",
    "id": 2094577
  },
  {
    "name": "Naros Chronicle",
    "internal_name": "dlc2_book_mqstory_5_2",
    "id": 2094578
  },
  {
    "name": "Naros Chronicle",
    "internal_name": "dlc2_book_mqstory_6_1",
    "id": 2094588
  },
  {
    "name": "Naros Chronicle",
    "internal_name": "dlc2_book_mqstory_7_1",
    "id": 2094592
  },
  {
    "name": "Titans II",
    "internal_name": "dlc2_book_titans_2",
    "id": 2094772
  },
  {
    "name": "Titans III",
    "internal_name": "dlc2_book_titans_3",
    "id": 2094773
  },
  {
    "name": "Titans IV",
    "internal_name": "dlc2_book_titans_4",
    "id": 2094774
  },
  {
    "name": "Titans V",
    "internal_name": "dlc2_book_titans_5",
    "id": 2094775
  },
  {
    "name": "Titans VI",
    "internal_name": "dlc2_book_titans_6",
    "id": 2094776
  },
  {
    "name": "Titans VII",
    "internal_name": "dlc2_book_titans_7",
    "id": 2094777
  },
  {
    "name": "Titans VIII",
    "internal_name": "dlc2_book_titans_8",
    "id": 2094778
  },
  {
    "name": "Titans IX",
    "internal_name": "dlc2_book_titans_9",
    "id": 2094780
  },
  {
    "name": "Naros Chronicle",
    "internal_name": "dlc2_book_mqstory_7_2",
    "id": 2100000
  },
  {
    "name": "Naros Chronicle",
    "internal_name": "dlc2_book_mqstory_8_1",
    "id": 2100002
  },
  {
    "name": "Amphora",
    "internal_name": "dlc2_questitem_sq07_filledamphora",
    "id": 2102632
  },
  {
    "name": "Naros Chronicle",
    "internal_name": "dlc2_book_mqstory_8_2",
    "id": 2104175
  },
  {
    "name": "Naros Chronicle",
    "internal_name": "dlc2_book_mqstory_9_1",
    "id": 2104381
  },
  {
    "name": "Naros Chronicle",
    "internal_name": "dlc2_book_mqstory_9_1_01",
    "id": 2106202
  },
  {
    "name": "Naros Chronicle",
    "internal_name": "dlc2_book_mqstory_8_2_01",
    "id": 2106203
  },
  {
    "name": "Naros Chronicle",
    "internal_name": "dlc2_book_mqstory_8_1_01",
    "id": 2106204
  },
  {
    "name": "Naros Chronicle",
    "internal_name": "dlc2_book_mqstory_7_2_01",
    "id": 2106205
  },
  {
    "name": "Naros Chronicle",
    "internal_name": "dlc2_book_mqstory_7_1_01",
    "id": 2106206
  },
  {
    "name": "Naros Chronicle",
    "internal_name": "dlc2_book_mqstory_6_1_01",
    "id": 2106207
  },
  {
    "name": "Naros Chronicle",
    "internal_name": "dlc2_book_mqstory_5_2_01",
    "id": 2106208
  },
  {
    "name": "Naros Chronicle",
    "internal_name": "dlc2_book_mqstory_5_1_01",
    "id": 2106209
  },
  {
    "name": "Naros Chronicle",
    "internal_name": "dlc2_book_mqstory_4_01",
    "id": 2106210
  },
  {
    "name": "Naros Chronicle",
    "internal_name": "dlc2_book_mqstory_3_2_01",
    "id": 2106211
  },
  {
    "name": "Naros Chronicle",
    "internal_name": "dlc2_book_mqstory_3_1_01",
    "id": 2106212
  },
  {
    "name": "Naros Chronicle",
    "internal_name": "dlc2_book_mqstory_2_01",
    "id": 2106213
  },
  {
    "name": "Naros Chronicle",
    "internal_name": "dlc2_book_mqstory_1_4_01",
    "id": 2106214
  },
  {
    "name": "Naros Chronicle",
    "internal_name": "dlc2_book_mqstory_1_3_01",
    "id": 2106215
  },
  {
    "name": "Naros Chronicle",
    "internal_name": "dlc2_book_mqstory_1_2_01",
    "id": 2106216
  },
  {
    "name": "Naros Chronicle",
    "internal_name": "dlc2_book_mqstory_1_1_01",
    "id": 2106217
  },
  {
    "name": "The Black Atoll",
    "internal_name": "dlc1_questitem_ph01b_painting",
    "id": 2114132
  },
  {
    "name": null,
    "internal_name": "dlc3_questitem_sq05_pestal",
    "id": 2117387
  },
  {
    "name": null,
    "internal_name": "dlc3_questitem_sq05_grain",
    "id": 2117438
  },
  {
    "name": null,
    "internal_name": "dlc3_questitem_sq05_hammer",
    "id": 2117452
  },
  {
    "name": null,
    "internal_name": "dlc3_questitem_sq05_pot",
    "id": 2117454
  },
  {
    "name": null,
    "internal_name": "dlc3_questitem_sq05_keg",
    "id": 2117466
  },
  {
    "name": null,
    "internal_name": "dlc3_questitem_sq05_boggartdoll",
    "id": 2117475
  },
  {
    "name": null,
    "internal_name": "dlc3_questitem_sq01_erathicure",
    "id": 2118780
  },
  {
    "name": null,
    "internal_name": "dlc3_questitem_sq03_stone_of_foresight",
    "id": 2119524
  },
  {
    "name": null,
    "internal_name": "dlc3_questitem_sq07_deadguyarmor",
    "id": 2120234
  },
  {
    "name": null,
    "internal_name": "dlc3_sq09_hymnal",
    "id": 2137245
  },
  {
    "name": null,
    "internal_name": "dlc3_sq09_hymnal_reward",
    "id": 2138239
  }
]