id,value
0202F4,KnockedDown
0203AE,Strafing
025ACC,Dodging
02DDF2,Unattackable
02F4E0,Injured
02F631,NotAttackableViaRanged
038B27,Vaulting
03B054,Berserking
03B6E7,HasInteractTarget
03B7BF,StatusEffect_Fire
03B7C0,StatusEffect_Ice
03B7C1,StatusEffect_Poison
03B7C8,StatusEffect_Lightning
03B7CD,StatusEffect_Bleeding
03B7CE,StatusEffect_Petrify
03B7DA,StatusEffect_Charm
03B7DE,InCombat
03F108,Effect_Loot
040A5D,Ghost
04225D,Idle
0422AE,PreventAmbientDialogFixup
042AB4,Haste
057529,Stealth
057B39,Race_Almain_M
057B3A,Race_Almain_F
05912A,Aggressive
05C83B,Stealth_Curious
05C83C,Stealth_Aware
062AB5,InJail
067968,SuperArmored
06801E,Hidden
06B141,Running
06B1AB,Sprinting
06B6EB,DEV_ConvertingShield01
06BE5F,Staff_Charged
06C33C,UsesRunStartAndStop
06C4EE,ManaShield
06CE75,ButtonStatus_Block
06D699,SkillUnlock_Teleport
06EA9A,DEV_UnarmedBlock
06F86B,Invisible
070342,DEV_ConvertingShield02
070343,DEV_ConvertingShield03
0703AC,Silent
07065C,Passive_AdrenalineSurge
07065F,Passive_Bloodlust
0707FD,HidingInAmbush
0721A5,RunningHome
075165,Walk
0755B9,Counter
0756AA,CounterSuccess
075BC8,Prototype_MattB
076832,Parried
076CBB,Scared
078186,Rig_Jottun
079748,Rig_HumanElf
07AE42,target_backfacing
07BA2A,Crumple
07BCEE,Strafing_Required_Bow
07D2A6,Trap_Active
07D2B2,Trap_Activate
07D665,Brownie_Cute
07DB4F,Trap_Destroy
07F0D6,Trap_Trigger
07F6B6,StatusEffect_Stun
07F6FB,Combat_DelayedHit
07F6FC,Combat_JustFrame
08237E,GrapplingHook_TargetToPlayer
0831B8,Strafing_NoMovement
0831F2,Healing
083203,Healing_Ally
083274,Blocking
0834EC,Shield_Buckler
0834ED,Shield_KiteShield
0834EE,Shield_Talisman
0835CA,Warded
083B02,ShoulderCamera
083E59,Shield
084B24,Swimming
087BC9,ACT_Drunken
087BCA,ACT_Gaming
087C10,ACT_Eating
087CA7,ACT_PlayingFlute
087CB0,ACT_Bartending
087DBC,ACT_PlayingGuitar
088242,HoldCombatThreat
088D98,Boggart
088DD3,ACT_AtFire
089041,Bow_Aim
08B662,Stealth_Walk_01
08B663,Stealth_Walk_02
08B664,Stealth_Walk_03
08B665,Stealth_Walk_04
08B666,Stealth_Walk_05
08B76C,ACT_GuardingCeremonially
08BA1B,Rig_Niskaru
08BD76,Enraged
08C04B,ACT_Smashing
08CEAF,UnEnraged
08D969,EAVS_DEMO_NISKARU
08DAE3,Idle_Lock
08DB4D,UI_Sync_X
08DB4E,UI_Sync_Y
08F17E,No_Interacts
09074D,Sceptre_Aim
091505,HitReact_NoIgnoreLight
091506,HitReact_NoIgnoreMedium
091507,HitReact_NoIgnoreHeavy
091508,HitReact_NoIgnoreAll
0923B1,Stealth_Movement
09295C,Sprite_Boost_Flame
09295D,Sprite_Boost_Frost
09295E,Sprite_Boost_Storm
09344E,Strafing_Cast_Required
09418A,Sprite_Retalitory_Frost
09457C,FALSE
094E69,CollisionSize_Large
094E6B,CollisionSize_Medium
094E96,Rig_Troll
096BD2,Arrow_Struck
096BD3,Arrow_Fired
096E21,Rune_Cast
096E22,Rune_Active
096E23,Rune_Destroy
097561,Sprite_Champion_Flame
097563,Sprite_Champion_Frost
097564,Sprite_Champion_Storm
0987F5,ReckoningMode
0991BE,Run_Lean_Left
09924C,HasAggro
09989C,Lock_On
099BE4,DiseaseChanceWindow
099C23,Run_Lean_Right
099D12,Running_Turn
09A63C,Sprint_Lean_Right
09A63D,Sprint_Lean_Left
09A770,Bow
09A771,Sceptre
09A7ED,Rig_Sprite
09A7EE,Rig_Banshaen
09A7EF,Rig_Barghest
09A7F0,Rig_Gnome
09A7F2,Rig_Bogeyman
09A7F3,Rig_Brownie
09A7F5,Rig_GiantSpider
09A7F6,Rig_GiantRat
09A7F7,Rig_Antelope
09A7F8,Rig_Bear
09A7F9,Rig_Chicken
09A7FA,Rig_MurghanKobold
09A7FB,Rig_Wolf
09A801,Rig_Boggart
09A81C,StatusEffect_Incapacitated
09A97E,Combat_MashSequence
09A9B3,Combat_Mashing
09AFF2,ReckoningMode_CannotExit
09B394,EnvenomedEdge
09B437,React_FX_Node
09B534,Stopping
09BC92,Fate_Mash
09C10D,ACT_Urinating
09C10E,ACT_Observing
09C141,ReckoningBuff_PropogateHitReacts
09C17D,fate_shift_right_arm_stage1
09C17E,fate_shift_right_arm_stage2
09C17F,fate_shift_right_arm_stage3
09C180,fate_shift_right_arm_stage4
09C267,Interrupted
09C269,Staggered
09C3F6,ACT_Leaning
09C486,ACT_SleepingOnGround
09C52C,ReckoningBuff_UnlimitedArrows
09C832,DetectHidden
09C8E1,Fate_Full
09CA52,DetectHidden_Hidden
09D07F,ReckoningBuff_ExplodingProjectiles
09D865,ReckoningBuff_AoEonEnemyDeath
09D868,ReckoningBuff_AoEonEnemyDoT
09D9D4,fate_shift_both_arms_stage1
09D9D5,fate_shift_both_arms_stage2
09D9D6,fate_shift_both_arms_stage3
09D9D7,fate_shift_both_arms_stage4
09DA12,fate_shift_both_arms
09DA13,fate_shift_right_arm
09E917,Rig_BolganEttin
09E91E,Rig_Cow
09E91F,Rig_Leanashe
09E920,Rig_NiskaruHunter
09E97E,Run_Lean_Slope
09EE02,Sprint_Lean_Slope
09F7A0,Player
09F7C0,Smashable
09F98C,ACT_TargetPracticing
09FA89,ACT_TrainingOnDummy
0A0977,Dead
0A1367,Run_Start
0A1566,ReckoningBuff_EnemyArmorDebuff
0A16DF,LuminanceShift
0A1A8C,NPCInCombat
0A1D90,Sheath_SingleWeapon
0A1F91,ReckoningBuff_GoldIncrease
0A25E4,ACT_Shopkeeping
0A27B0,ForceIdle
0A27B1,ReckoningBuff_BonusXP
0A42F8,Reckoning_NPC
0A482E,fate_shift_hammer_stage1
0A482F,fate_shift_hammer_stage2
0A4830,fate_shift_hammer_stage3
0A4831,fate_shift_hammer_stage4
0A4832,fate_shift_hammer
0A4E03,Block_All_Interacts
0A53CA,Force_Hidden
0A84D5,Near_Death
0A879F,IsGuard
0A8AC5,Spawned_Guard
0A96D1,Crime_IgnoreAssault
0A96D2,Crime_IgnoreMurder
0AB202,SA04_FrostProtection
0AEA9B,ACT_Prayer_Standing
0AEA9C,ACT_Prayer_Kneeling
0AF4F2,ACT_Tavern_Standing
0AFD68,ACT_Tavern_Sitting_Drunk
0AFD6B,ACT_Tavern_Sitting_Normal
0AFD6D,ACT_Tavern_Sitting_Cards
0AFD6E,ACT_Tavern_PassedOut
0B00DE,Sync_Action
0B04AC,LastManStanding
0B13C9,FreeCamera
0B2A03,Panicking
0B3577,Escort
0B3578,Patrol
0B438B,ACT_DoingSquats
0B45AF,ACT_Dancing
0B45D3,ACT_Tavern_Standing_Drunk
0B4831,ACT_Waitressing
0B4B04,ACT_WatchingEntertainment
0B4B8C,ACT_Camp_Cooking
0B52FF,ACT_Blacksmithing
0B5300,ACT_Alchemy
0B5343,ACT_SharpeningSword
0B57C2,DEV_LOOP_AGGRO
0B7003,Altered_Combat_State
0B752D,BladeHoning
0B9077,Launchable
0B98FF,SkillUnlock_Tempest_01
0D602A,FateBonus_Dagger_Combo
0D6056,FateBonus_Hammer_Combo
0EDDB8,FateBonus_Faeblades_Combo
0EDDB9,FateBonus_1HSword_Combo
0EDDBA,FateBonus_2HSword_Combo
0EDDCC,FateBonus_Chakram_Combo
0EDDCD,FateBonus_Ability_Combo
0EDDCE,FateBonus_Bow_Combo
0EDDD1,FateBonus_Sceptre_Combo
0EE6BE,FateBonus_1HSword_BlockSpecial
0EE6BF,FateBonus_Ability_Harpoon
0EE6C0,FateBonus_Ability_Lunge
0EE6C1,FateBonus_Ability_Quake
0EE6C2,FateBonus_Dagger_ParryCounter
0EE6C3,FateBonus_Hammer_BlockSpecial
12847B,SkillUnlock_PoisonBomb
12941E,SkillUnlock_Tempest_02
12941F,SkillUnlock_Tempest_03
12E63B,Lock_On_Charge1
12E63C,Lock_On_Charge2
12EFDF,Skill_Alchemy_Fate
12EFE0,Skill_Blacksmithing_1
12EFE1,Skill_Blacksmithing_2
12EFE2,Skill_Blacksmithing_3
12EFE3,Skill_Blacksmithing_4
12EFE4,Skill_Blacksmithing_5
12EFEC,Skill_DetectHidden_1
12EFEE,Skill_DetectHidden_2
12EFEF,Skill_DetectHidden_3
12EFF0,Skill_DetectHidden_4
12EFF1,Skill_DetectHidden_5
12EFF2,Skill_Dispelling_1
12EFF3,Skill_Dispelling_2
12EFF4,Skill_Dispelling_3
12EFF5,Skill_Dispelling_4
12EFF6,Skill_Dispelling_5
12EFF8,Skill_Lockpicking_1
12EFFA,Skill_Lockpicking_2
12EFFB,Skill_Lockpicking_3
12EFFC,Skill_Lockpicking_4
12EFFD,Skill_Lockpicking_5
12EFFE,Skill_Mercantile_1
12EFFF,Skill_Mercantile_2
12F000,Skill_Mercantile_3
12F004,Skill_Persuasion_1
12F005,Skill_Persuasion_2
12F006,Skill_Persuasion_3
12F007,Skill_Persuasion_4
12F008,Skill_Persuasion_5
12F009,Skill_Sagecraft_1
12F00A,Skill_Sagecraft_2
12F00B,Skill_Sagecraft_3
12F00C,Skill_Sagecraft_4
12F00D,Skill_Sagecraft_5
12F00E,Skill_Stealth_1
12F010,Skill_Stealth_2
12F012,Skill_Stealth_3
12F013,Skill_Stealth_4
12F014,Skill_Stealth_5
135A1B,ACT_Locomotion_Drunken
135A1C,ACT_Locomotion_Carrying
135A1D,ACT_Locomotion_Reading
1374AB,Boggart_Ambient
1380BF,Wounded
139D1D,Invisible_Shader_Effect
13A381,FrozenInPlace
13A3AE,No_Clothes
13A724,Rig_SonsOfLaz
13B4D3,Utility_Shield
13B4D4,Utility_Ranged
13B4D5,Utility_Empty
13B8DB,Boggart_PlagueBearer_Ambient
13B95D,ImmunityCurse
13B95E,ImmunityDisease
13BBDB,Strafing_Required_Blocking
13DC08,Quadruped_Slope_Lean
13FB27,HasPowerwalk
140EC9,Jumping_To_Water
141048,SkillUnlock_Chakram_Delay_01
141049,SkillUnlock_Chakram_Delay_02
1412FD,SkillUnlock_WintersEmbrace_01
1415E1,IsSorcerer
1415E2,Sorcerer_Ambient
14265D,Combat_Charge1
14265E,Combat_Charge2
143B98,XPBonus_3Percent
143B99,XPBonus_6Percent
143B9A,XPBonus_12Percent
1450A5,Balor_Eye_Tracking
147747,Archer
147748,Archer_Cowering
1496F0,Spawn_MelSenshir_LadderClimb
149E73,Balor_Head_Down
149E74,Balor_LeftArm_Down
149E75,Balor_RightArm_Down
14A006,Ladder_Kickable
14A4B4,DisablePhysicsWaterSplashFX
14AA86,BuffedEquipRequirements
14B585,KnockedOut
14B79F,Murghan
14B8D7,KnockedOut_Enable
14CD29,WeaponUnsheathed
14D1D8,Malwyn_Calling_Balor
14D79F,KnockedOut_Ready
14DB06,Balor_Stage2
14DB07,Balor_Stage4
14FC16,Balor_Incapacitated
1507B5,Unique_MelSenshir
151627,Sorcery_FlashingBlades
151F8A,Sorcery_FlashingBlade_01
152F7D,Balor_Stage4_PreFight
15387B,Sprinting_Enabled
154950,ACT_Farming_Shoveling
154951,ACT_Farming_Raking
154F0D,Running_Enabled
155E7A,Balor_DoubleSmash_Tracking
156762,NPC_IsWeaponSheathed
156763,NPC_CanSheathWeapon
156764,NPC_IsWeaponHidden
156866,NPC_HasIdleTurns_Combat
1568FC,Sorcery_SeekingProjectile_1
1568FE,Sorcery_SeekingProjectile_2
1568FF,Sorcery_SeekingProjectile_3
156900,Sorcery_SeekingProjectile_4
156EBA,Rig_Balor
15705E,WarCry
1570D6,Terror
157D38,Sorcery_Has_SeekingBlades_Lvl01
157D39,Sorcery_Has_SeekingBlades_Lvl02
157D3A,Sorcery_Has_SeekingBlades_Lvl03
157D3B,Sorcery_Has_SeekingBlades_Lvl04
157D3C,Sorcery_Has_SeekingBlades_Lvl05
157D3D,Sorcery_Has_SeekingBlades_Lvl06
1581DE,Lever_Used
158975,WarCryTerror
159069,Balor_Stage3
15A37B,SkillUnlock_ShadowBlades_01
15B114,DestinyBuff_LastStand
15B830,DestinyBuff_AbsorbMana01
15B831,DestinyBuff_AbsorbMana02
15B832,DestinyBuff_AbsorbMana03
15B833,DestinyBuff_AbsorbMana04
15B834,DestinyBuff_AbsorbMana05
15BC33,NPC_IsCurrentlyUnsheathing
15BF03,Skill_Alchemy_1
15BF04,Skill_Alchemy_2
15BF05,Skill_Alchemy_3
15BF06,Skill_Alchemy_4
15C3D5,Weapon_Flaming_RightHand
15C3DB,Wrath_Hit
15F02D,Sorcery_SummonFamiliar_IsFamiliar
15FBBD,Combat_Charge3
1606E6,Boggart_Tainted_Ambient
160B9E,Balor_Incapacitated_2
16196F,Thresh_Ambient
16213E,Strafe_Levitate
16622B,Player_IgnoreHitReacts
1663EC,Might_RelentlessAssault
166E41,BattleFrenzy
16768F,Strafe_LevitateForward
167E73,MarkOfFlame_Target
1684B2,Levitate_Lean
1684EF,Levitate_Move
169DCC,CollisionSize_Small
16BF95,ACT_Reading
16C1B2,Jottun_IceHammer_Ambient
16C6CF,Crime_Vigilante
16C6D1,Crime_Pacifist
16D61C,ACT_Prisoner_AtBars
16DAE2,NiskaruHunter_Ambient
16E032,ACT_Farming_Weeding
16E033,ACT_Farming_Hoing
16E034,ACT_Farming_Planting
16E5F1,Tirnoch_Stage1
16E5F2,Tirnoch_Stage2
16E5F3,Tirnoch_Stage3
16EB45,IsCoward
16EF24,Boss_PlayerLocation_A
16EF25,Boss_PlayerLocation_B
16EF26,Boss_PlayerLocation_C
16F006,Boss_PlayerLocation_D
170F1C,MarkOfFlame_Prime
170F1D,MarkOfFlame_Execute
172FA8,Player_Has_Dash_Target
172FAA,StatusEffect_Dagger_FX
1734E9,Player_Can_Dagger_Hold_Chain
17365A,Impact_1_VeryLight
17365B,Impact_2_Light
17365D,Impact_3_Normal
17365E,Impact_4_Heavy
173660,Impact_5_VeryHeavy
175F89,Rig_Thresh
176BA5,Tirnoch_Incapacitated
177DB9,FateBonus_Staff_Combo
177E4D,Sorcery_SummonFamiliar_BuffAura
1796AC,Tirnoch_PlayerProtected
17AB73,ACT_SittingOnBench
17B24A,fate_shift_human_01
17B24C,fate_shift_human_02
17B25F,fate_shift_human_03
17B260,fate_shift_human_04
17BA8A,fate_shift_human_05
17C400,ACT_Sick
17D6C9,Harpoon
17D7DC,Idle_Lock_Vignette
17E5B0,ACT_Sagecrafting
17E5B1,ACT_Training_SpellCasting_InPlace
17E5B3,Might_Vengeance
17E5C0,ACT_Training_SpellCasting
17EEA5,DisableFastTravel
17FAA0,Impact_4_Heavy_SlowMo
17FAA3,Harpoon_Sliding
181767,ACT_BanditPlanning
18192A,DestinyChange
181BCA,EtherealGuard
181C94,Celerity_ACTIVE
18401F,Explodapod
18425A,Murghan_CallTheStorm_Activate
185874,Quest_TR05_Frozen
186F99,GettingUp
18702A,Trap_Sequencer_Is_Running
187BAF,FaerGorta_Ambient
187D7F,Sceptre_BlockSpecial_Execute_Ice
1881EE,Banshaen_Ambient
18A327,2HSword_ParryChain_Success
18BD06,Trainer_ProvidedTraining
18BF82,Niskaru_Tyrant_Ambient
18BF83,Niskaru_Horrinox_Ambient
18CCBA,BalladsEnchantment
18F05B,Player_Run_Continued
18F2F2,Sceptre_BlockSpecial_Execute_Lightning
18F2F3,Sceptre_BlockSpecial_Execute_Fire
18FC7F,Webbed_BreakFree
19120C,SkillUnlock_MysteriousToxins_1
19120D,SkillUnlock_MysteriousToxins_2
19120E,SkillUnlock_MysteriousToxins_3
19120F,SkillUnlock_MysteriousToxins_4
191210,SkillUnlock_MysteriousToxins_5
191211,SkillUnlock_MysteriousToxins_6
191212,SkillUnlock_MysteriousToxins_7
191264,MysteriousToxins
1918F7,ACT_Investigation
1918F9,ACT_Crouching
191D6C,ACT_PerformingPlay
192F88,ACT_Kneeling
1932BA,ACT_FeedingTheChickens
19385C,Combat_Charge4
19385D,Combat_Charge5
19385E,Combat_Charge6
19390C,IgnoresAggressiveMode
193919,Quest_HouseOfBallads_WindemereDoor
193C83,Tirnoch_Ambient
194818,ACT_SpellDrawing
197004,ACT_Restless
1980B7,StatusEffect_Frozen
198C36,Splinter_Weapon_Rogue
198C37,Splinter_Weapon_Warrior
198C39,Splinter_Weapon_Mage
19A935,Bolgan
19AB0A,ACT_Fateweaving
19AB35,Quest_HouseOfBallads_MaidOfWindemere
19AC80,SplinterOfFate
19B12D,StatusEffect_Invincibility
19BC9B,SkillUnlock_Teleport_Ice
19BC9C,SkillUnlock_Teleport_Poison
19D3B5,HarmonicOverload
19DBD2,HoV_Arena_Defeat
19DBD3,HoV_Arena_Victory
19DE9B,SkillUnlock_EchoesOfFate
19E3C9,NPC_SummonedFaerGorta_HealingAttack
19EB01,Stealth_Exiting
19EF89,SkillUnlock_Annihilation
19F768,Schedule_Changed
19FBAC,DestinyBuff_Merciless
19FE0F,Scouting
1A0222,Curse_BloodSacrifice
1A0229,ACT_Training_SpellCasting_AOE
1A13A6,Ambient_DaughterOfLaz
1A1A64,Ambient_Gadflow_Projection
1A205E,DEV_Player_Has_Merciless
1A223C,NPC_StartHidden
1A2398,NPC_HasCombatRun
1A2B7C,SkillUnlock_Terror
1A2D4A,Quest_SQ61_Bleeding_Ambient
1A327E,EchoOfFate
1A3A0F,Balor_Pinned_Left
1A3A10,Balor_Pinned_Right
1A3A11,Balor_Pinned_Both
1A3A58,EchoesOfFate
1A3A59,SkillUnlock_HarmonicOverload
1A3F7D,ACT_ExaminingMap
1A4161,ACT_Observation_NiceView
1A4162,ACT_Observation_AdmireArt
1A4168,SkillUnlock_DrainMana
1A4285,DrainMana
1A469D,Fate_Shift
1A61BA,NPC_DisableHeadTracking
1A6262,NPC_EatsCorpses
1A6EDC,ACT_CarcassEating
1A70ED,NPC_OffPathingGrid
1A7332,Tilera_Protected
1A7FE4,SkillUnlock_Teleport_Poison_2
1A7FE6,SkillUnlock_Teleport_Ice_2
1A7FE7,SkillUnlock_Teleport_Ice_3
1A802C,SkillUnlock_Teleport_Ice_1
1A802D,SkillUnlock_Teleport_Poison_1
1A8216,ACT_Fishing
1AA1B9,ACT_Butchering
1AA5D1,SkillUnlock_MysteriousToxins
1ABECB,WeaponActive
1ABF2B,NPC_Tilera_BlindingLightSpear_HasSpear
1ABF2C,NPC_Tilera_BlindingLightSpear_IsEquipped
1ABF2D,NPC_Tilera_BlindingLightSpear_IsCurrentlyEquipping
1ABFFF,NPC_Tilera_IsTilera
1AC000,NPC_Tilera_IsSecondSpearShown
1AC306,Player_Wearing_Big_Torso_Armor
1AC31D,Player_Allow_Armor_Additive
1AC379,Player_Has_Armor_Additive
1AC536,ACT_CarryingOnHead
1AC5E7,NPC_ForceCombatLocomotion
1AC848,ACT_Possessed
1AC9BC,Balor_Stage3_Ledge
1AE15C,Execution
1AE762,DestinyBuff_Merciless_Impact
1AE8A2,React_StaffDelay_Ice
1AE8A3,React_StaffDelay_Fire
1AE8A4,React_StaffDelay_Lightning
1AE8F3,Execution_Large
1AE9A6,RenderFateFabs
1AE9F5,ACT_Shopping
1B3692,DisablePhysicsChains
1B37DF,ChangeSlotEvent_Loop
1B381E,SuperArmor_Broken
1B38D6,Execution_Small
1B38DC,Execution_Medium
1B3A1B,TimeSlow_Exempt
1B3B82,Reckoning_Incapacitation_Chance
1B4D05,NPC_DisableStrafing
1B5024,NPC_Gadflow_Invisible
1B5BC6,Player_Fate_Rewarded
1B714F,NPC_DisableStealthKill
1B7FA3,NPC_BulwarkStunned
1BAA63,NPC_Vignette_Ambush
1BADAD,NPC_BulwarkStunned_Large
1BB9CA,Disease_BrowniePestilence
1BBCFF,Sorcery_Has_SeekingBlades_Lvl07
1BCDF0,Skill_Alchemy_5
1BD07B,Skill_Blacksmithing_6
1BD2F6,Skill_DetectHidden_6
1BD2F7,Skill_DetectHidden_7
1BD2F8,Skill_DetectHidden_8
1BD31F,Dispel_Tries_1
1BD320,Dispel_Tries_2
1BD321,Dispel_Tries_3
1BD331,Trap_PlayerFrostTrap
1BD332,Trap_PlayerGambitTrap
1BDBA9,Block_Disarm
1BE032,Is_Bandit
1BEC6A,KV03_NiskaruTyrant
1BFE4F,stealth_kill_human_01
1BFE50,stealth_kill_human_02
1BFE5F,stealth_kill_human_03
1BFE62,stealth_kill_gnome_01
1BFE63,stealth_kill_gnome_02
1C0DB9,Ambient_NPC_FX_Remove_On_Death
1C27DC,Stealth_Disabled
1C369B,Skill_Blacksmithing_7
1C3828,fate_shift_gnome_01
1C3829,fate_shift_gnome_02
1C39F9,Player_SecondaryWeapon
1C55BF,PROTO_Fate_and_Reckoning_Affixes
1C59A7,buff_fate_killbonus1
1C59A8,buff_fate_killbonus2
1C59A9,buff_fate_killbonus3
1C59AD,buff_fate_percentbonus1
1C59AE,buff_fate_percentbonus2
1C59AF,buff_fate_percentbonus3
1C59B0,buff_fate_damaged1
1C59B1,buff_fate_damaged2
1C59B2,buff_fate_damaged3
1C59B3,buff_fate_reckduration1
1C59B4,buff_fate_reckduration2
1C59B5,buff_fate_reckduration3
1C5AF1,ReckoningDeath
1C6B51,ReckoningMode_InfiniteMeter
1C6C61,Skill_Stealth_6
1C9B3D,ACT_Cheering
1CABA3,Spider_Giant_Ambient_FX
1CAC82,LeftFootDown
1CAC83,RightFootDown
1CB4C1,HitBy_StaffChainPrimary
1CBC0B,Ettin
1CBDBD,Rig_FaerGorta
1CD0E0,ACT_PlayGuitar_Gypsy
1CD0E1,ACT_PlayGuitar_AdessaHospitalInn
1CD0E2,ACT_PlayGuitar_ArchsageDreamworldInn
1CD0E3,ACT_PlayGuitar_AytenInn
1CD0E4,ACT_PlayGuitar_CannerocInn
1CD0E5,ACT_PlayGuitar_EmaireInn
1CD0E6,ACT_PlayGuitar_GorhartInn
1CD0E7,ACT_PlayGuitar_LittleDidenHillInn
1CD0E8,ACT_PlayGuitar_MelAglirInn
1CD0E9,ACT_PlayGuitar_MelSenshirTavern
1CD0EA,ACT_PlayGuitar_RathirTavern
1CD0EB,ACT_PlayGuitar_TirinsrestTavern
1CD0EC,ACT_PlayGuitar_VaprendTavern
1CD0ED,ACT_PlayGuitar_WhitestoneInn
1CD0EE,ACT_PlayGuitar_WhitestoneShadowInn
1CD0EF,ACT_PlayGuitar_YsaInn
1CD0F0,NPC_Cowering
1CD0F1,ACT_PlayGuitar_Party
1CDF22,BlockSaves
1CEE42,Sorcery_FlashingBlade_1
1CEE43,Sorcery_FlashingBlade_2
1CEE44,Sorcery_FlashingBlade_3
1CEE45,Sorcery_FlashingBlade_4
1CF013,Fate_Splinter_Ambient_FX
1CF62E,BossMusic_LargeHumanoid
1CF637,BossMusic_Gadflow
1CF897,NPC_DisableBarks
1CFB22,Player_Allow_Idle_Cancel
1D0CB9,BumperStrafe
1D1003,BumperStrafe_Bow
1D1004,BumperStrafe_Sceptre
1D10DC,IsTrap
1D15D3,NPC_HitReact_ForceBlended
1D1F24,HideQuestBillboard
1D2213,Player_Dodging
1D2580,Quest_MQ06_DestinyStone_Attached
1D2E8C,Lorestone_Used
1D3654,LockTargetUI
1D38CF,Durability_Broken
1D38D8,buff_fate_shrine_lyria
1D38D9,buff_fate_patron_lyria
1D38F3,Durability_AlmostBroken
1D3E6A,Skill_Sagecraft_6
1D3E6B,Skill_Sagecraft_7
1D49B9,MarkOfFlame_Player
1D4D8B,Ambient_Target
1D508E,CanSeeReagentsInMinimap
1D5E00,NPC_HasIdleTurns_NonCombat
1D5E3E,NPC_InvestigatingSensoryInput
1D6230,NPC_OneHand_Swordwielder
1D639C,Sorcery_SeekingBlade_Target
1D63B2,SprintControl_Toggle_A
1D64DB,SprintControl_Toggle_LS
1D64EA,NPC_QuestEssential_Dead
1D64EB,SprintControl_Hold_A
1D6753,StatusEffect_IncapFSK
1D6BF4,Leanashe_FailedLeech
1D6CC3,NPC_Bolgan_Brute
1D6D11,item_radial_eligible
1D746D,Dialog_CameraChanged
1D7857,Player_DisableFateShifts
1D78D7,fate_shift_incap_stage1
1D78D8,fate_shift_incap_stage2
1D78D9,fate_shift_incap_stage3
1D78DA,fate_shift_incap_stage4
1D78DB,fate_shift_incap_stage5
1D7BB5,fate_shift_incap_projectile_release
1D7BF4,NPC_TooHardEnemyLevel
1D7C91,Strafe_LFD
1D7C92,Strafe_RFD
1D7DCB,Idle_Lock_Strafe
1D7DCD,Strafe_MixStep
1D7DF4,HoV_Arena_DisableAbilities
1D808E,HideCrimeUI
1D82A7,Activate_Impact_1_VeryLight
1D82A8,Activate_Impact_2_Light
1D82A9,Activate_Impact_3_Normal
1D82AA,Activate_Impact_4_Heavy
1D82AB,Activate_Impact_5_VeryHeavy
1D909A,Rig_Kollossae
1D97B2,Rig_RootGolem
1D97B3,Rig_Scarab
1D9CD3,ACT_MQ_Encel_Door
1DAA05,SkillUnlock_WeaponSpecials
1DAE6A,DLC2_Scarab_Blocking
1DB8D7,DLC1_WashedAshore
1DB8D8,DLC1_FoundAshore
1DCCAD,MarkOfFlame_Chain
1DCDF4,Stealth_DodgeExit
1DDB20,player_action_vignette
1DDE48,Quest_Possessed_FX
1DDF40,WeaponOut_Sceptre
1DE8FE,IsRecipe
1DEAB3,StatusEffect_Scourge
1DF201,stealth_kill_kollossae_01
1DF202,stealth_kill_kollossae_02
1DF203,DLC1_NPC_Golem
1DF2AA,DLC1_NPC_Golem_ShowBoggart
1DFE27,DLC2_Scav_PoisonSacJiggling
1E080C,NPC_Vignette_Ambush_AltCam01
1E0C2B,NPC_Sheathing_PreventChange
1E0FBC,NPC_Cowering_Actively
1E252D,Lever_OneShot_DisableifClosed
1E2534,Lever_OneShot_DisableifOpen
1E2541,Door_IsGateway
1E29C8,QuestBillboard_Low
1E29C9,QuestBillboard_Mid
1E29CC,QuestBillboard_High
1E4AB1,Frozen_BreakFree
1E4DBE,Rig_Pteryx
1E52C1,ButtonStatus_MagicModeActive
1E577F,Launched
1E5900,BossMusic_Spooky
1E5C82,StatusEffect_Incapacitated_MotionIsActive
1E5E63,BossMusic_Balor
1E61AC,BossMusic_Tirnoch
1E6997,NPC_DisableTalkInteraction
1E6B3F,Hide_Ranged_Targeting_Reticule
1E6D9D,Sceptre_BaseChain
1E9AA3,NPC_Sleeping
1EA302,Pickupable_Apply_Generic_FX
1EA3CA,PlayerSpawnedObject
1EA4D8,NPC_Sheathing_HideDuringActivity
1EC0B3,SoundEvent_VeryLoud
1EC0B5,SoundEvent_Loud
1EC0B7,SoundEvent_Medium
1EC0B9,SoundEvent_Quiet
1ECA28,Player_NonSyncBackstab
1ED043,DLC1_NPC_DeadKel
1EE149,Camera_Avoid_NPC
1EE929,BattleFrenzy_Active
1EEBE1,RemoveFromInventoryInJail
1EECBF,IsJunk
1EED18,Player_Swimming_Idle
1EF0B9,EtherealGuard_Frame
1EF0D8,AchievementCombat07Override
1EF563,Book_HasBeenRead
1EF7A4,NPCSpawnedObject
1EFA5D,EvasionTriggered
1EFA7D,DestinyBuff_Assassination
1F017A,Ambient_Maiden_Windemere
1F028D,HasBeenDiscovered
1F0552,Generate_Zero_Awareness
1F0B71,SkillUnlock_EnduringAgony_1
1F0B72,SkillUnlock_EnduringAgony_2
1F0B73,SkillUnlock_EnduringAgony_3
1F0B74,SkillUnlock_EnduringAgony_4
1F0B75,SkillUnlock_EnduringAgony_5
1F0B76,SkillUnlock_EnduringAgony_6
1F0B78,SkillUnlock_EnduringAgony_7
1F0DEF,NPC_Gadflow_IsCombatCopy
1F0E80,DisableCombatThreat
1F1584,StepsDetectHiddenAchievement
1F1BAD,DisableCombatCameraFraming
1F1C20,EnteringJail
1F1C74,NPC_Props_HideDuringContextReact
1F339B,Book_SkillBook
1F39B2,WasKilledInReckoningMode
1F46D3,Potion_ArmorIncrease
1F4909,NPC_ACT_TileraSpearRetrieval
1F56AC,StatusEffect_ManaDrain
1F57A9,Potion_AllDamage
1F57AA,Potion_DamageResistance
1F57AB,Potion_BleedingDamage
1F57AC,Potion_BleedingResistance
1F57AD,Potion_CriticalChance
1F57AE,Potion_CriticalChanceMagic
1F57AF,Potion_FireDamage
1F57B0,Potion_FireResistance
1F57B1,Potion_FireRetaliatory
1F57B2,Potion_Lifesteal
1F57C1,Potion_HealthMaxIncrease
1F57C2,Potion_HealthRegeneration
1F57C3,Potion_IceDamage
1F57C4,Potion_IceResistance
1F57C5,Potion_IceRetaliatory
1F57C6,Potion_Invisibility
1F57C7,Potion_LightningDamage
1F57C8,Potion_LightningResistance
1F57C9,Potion_LightningRetaliatory
1F57CA,Potion_MagicDamage
1F57CB,Potion_MagicResistance
1F57CC,Potion_ManaSteal
1F57CD,Potion_ManaMaxIncrease
1F57CE,Potion_ManaRegeneration
1F57CF,Potion_PhysicalDamage
1F57D0,Potion_PoisonDamage
1F57D1,Potion_PoisonResistance
1F57D2,Potion_XPIncrease
1F57D3,Potion_AllDamageResistance
1F57D4,Potion_Invincibility
1F57D8,Potion_PhysicalResistance
1F57DA,Potion_PiercingDamage
1F57DD,Potion_SkillAlchemy
1F57DE,Potion_SkillBlacksmithing
1F57DF,Potion_SkillDetectHidden
1F57E0,Potion_SkillDispelling
1F57E1,Potion_SkillLockpicking
1F57E2,Potion_SkillMercantile
1F57E3,Potion_SkillPersuasion
1F57E4,Potion_SkillSagecrafting
1F57E5,Potion_SkillStealth
1F57E7,Potion_Wild
1F6AD4,DLC2_NPC_Primos
1F782D,Player_DisableAbilities
1F8015,Sceptre_BlockSpecial_Execute_Primal
1F802A,TrackingActorState_1
1F802B,TrackingActorState_2
1F802C,TrackingActorState_3
1F802D,TrackingActorState_4
1F8BD9,DLC1_BossMusic_HangedMan
1F8BDA,DLC1_BossMusic_DeadKel
1F9832,Player_DisableWeaponAttacks
1F984B,MelSenshir_Ladder_Attackable
1F9E16,DLC1_NPC_Vignette_Ambush
1FA188,ACT_PilgrimWalk
1FA51D,ACT_KOL_Merchant
1FA51E,ACT_Training_MartialArts
1FA7F3,DLC2_BossMusic_Anokatos
1FAEA9,DoesNotStepUniqueWeaponAchievement
1FB2A1,MelSenshir_LadderSummon
1FB85E,DLC1_MagicStun_Forced
1FC5C3,Book_NoteOrLetter
1FCAB4,DLC1_NPC_Bloodgrin_Berserk
1FCC47,DLC1_Baronett_Image
1FD1B6,DLC1_NPC_Bloodgrin_HasGorta
1FE283,DLC2_Sprite_Champion_Primal
1FE7BC,DoesNotStepCombat14Achievement
1FE95F,DLC2_Sprite_Insubstantial
1FF0F7,DLC1_Ally_Against_Baronett
1FFE29,DLC1_Baronett_StunAllies
200161,DLC2_Primos_AbleToParryReturn
200670,DLC2_Primos_ShouldUnsheathSpear
201E65,StatusEffect_Primal
2023BF,DLC1_Player_SeatedOnThrone
203572,DLC2_NPC_ChainedPrisoner
2036A2,DLC2_NPC_ChainedPrisoner_Dead
20421C,DLC1_Golem_Scarab_Insubstantial
204DA9,DLC2_Kollossae_Spearman
2051DB,DLC2_Primos_QueueTransToPlatform
205927,DLC2_Kahrunk_Effects_A
205928,DLC2_Kahrunk_Effects_B
2059D4,DLC2_Kahrunk_AttendantChannel
2063D1,DLC2_Kahrunk
206AD6,DLC2_MQ_FateDebuff
207590,DLC2_SQ02_FighterDefeated
207C16,DLC2_Sprite_Boost_Primal
207F8E,DLC2_Kahrunk_Attendant_A
207F8F,DLC2_Kahrunk_Attendant_B
207FBF,DLC2_Primos_Curse_Triggered_FX
2080B0,DLC2_Secandra_Freeze
