id,value
160D56,alchemy_01
160EF0,alchemy_02
160EF2,alchemy_04
160EF3,blacksmithing_01
160EF4,blacksmithing_02
160EF5,blacksmithing_03
160F54,combat_01
160F55,combat_02
1612FC,combat_07
1612FD,combat_08
1612FE,combat_09
161300,combat_11
161303,combat_14
161304,combat_15
161305,combat_16
161306,combat_17
161307,combat_18
161384,crime_01
161385,crime_02
1613D6,destiny_04
1613D7,exploration_01
1613D8,exploration_04
1613D9,money_01
1613DB,other_02
1613DC,other_03
1613DD,quest_13
165E34,quest_15
165E36,quest_17
165E37,quest_18
165E38,quest_19
165E3A,quest_21
165E3B,quest_22
165E3C,quest_23
165E3D,quest_24
165E43,sagecraft_01
16C4CC,exploration_05
17088D,destiny_02
17095F,destiny_05
1BDE44,crime_03
1BDE78,other_05
1BDE7C,other_04
1BDEAC,sagecraft_02
1BDEAF,stealth_01
1BDEBD,exploration_06
1BE0A7,crime_04
1BE0BB,crime_05
1BE4C4,quest_25
1BE4C5,silly_06
1BE9E6,quest_26
1E914B,combat_19
1FA443,DLC2_quest_01
1FA444,DLC2_quest_02
1FA445,DLC2_quest_03
1FA446,DLC2_quest_04
1FA447,DLC2_combat_01
201BBF,DLC1_combat_01
201BC0,DLC1_quest_01
201BC1,DLC1_quest_02
201BC2,DLC1_quest_03
201BC3,DLC1_quest_04
203D42,DLC2_silly_01
