id,value
002344,chant_artset
002349,fireball_artset
00234D,heal_artset
00234F,no_ammo_effect
002352,sweetspot
029E7C,projectile_bow_arrow
032BE6,Bow-Atck_Basic
037BE2,projectile_bow_arrow_charged
03A992,Projectile_Spell_Lightning
05CF41,Quill_Plant_Ammo
06BFE7,NiskaruRangedAttackAmmo
06C166,Hero_Meteor_Projectile
078579,Almain_Bandit_Archer_AmmoArtset
07858A,Almain_FireMage_AmmoArtset
07F254,projectile_lightning_trap
08466E,projectile_grapplinghook
08F808,projectile_sceptre_ice
0925EA,projectile_sceptre_spread
092A17,projectile_bow_arrow_charged_Ice
092A1A,projectile_bow_arrow_charged_Fire
092A1B,projectile_bow_arrow_charged_Lightning
092A45,projectile_bow_arrow_charged_Poison
092A4A,projectile_bow_arrow_Ice
092A4B,projectile_bow_arrow_Fire
092A4C,projectile_bow_arrow_Lightning
092A4D,projectile_bow_arrow_poison
092FFE,NPC_Sprite_Ice_Ammo
0988F4,NPC_Kobold_Javelin_projectile
09D50D,projectile_bow_arrow_impactAoE
09D52E,projectile_bow_arrow_charged_impactAoE
0A9E5F,Trap_Arrow_Ammo
0AB215,Trap_Arrow_Ammo_2
0AE37D,FateShiftThread
0B061E,NPC_Summoner_HealOrb_projectile
0B8342,projectile_sceptre_small_ice
0BA665,projectile_sceptre_small_fire
0BA666,projectile_sceptre_small_lightning
0BA7EE,projectile_sceptre_fire
0BA7EF,projectile_sceptre_lightning
100CEE,projectile_bow_arrow_short
100CEF,projectile_bow_arrow_short_Fire
100CF0,projectile_bow_arrow_short_Ice
100CF1,projectile_bow_arrow_short_Lightning
100CF2,projectile_bow_arrow_short_poison
135860,NPC_Ettin_ThorsHammer_projectile
13E65A,NPC_Balor_eye_pulse
13FBB7,Projectile_Spell_IceBarrage
141BB8,NPC_Crudok_BugBreath_projectile
1430D7,TRP_SpinningBlades01
1454CE,NPC_Sorcerer_Tornado_Projectile
147E9D,NPC_Archer_Arrow_Regular
149FF3,NPC_Summoner_EnergyDisc_projectile
14A49F,NPC_Sorcerer_ManaDrain_Projectile
14A97F,NPC_Sorcerer_Fire_projectile_01
14AD4F,NPC_Sorcerer_IceAttack_projectile
14D3D5,NPC_Sorcerer_ManaDrain_Projectile_01
14D974,NPC_Sorcerer_Triple_Projectile_Fire
14E1F4,NPC_Archer_Arrow_Flaming
1509A7,NPC_Banshaen_FriendlyBolt_projectile
151083,NPC_Leanashe_ScreamBlast
1510A3,NPC_Crudok_BeamGaze_projectile
152983,NPC_Banshaen_Egg_Sac_Projectile
152A38,projectile_flashing_blade
15687C,projectile_seeking_blade
1583F3,NPC_Kobold_Bomb_projectile
15A5A0,projectile_shadowblades
15C244,NPC_Thresh_RapidShot_projectile
160703,Thresh_Taint_toBoggart_projectile
160705,Thresh_Taint_fromBoggart_projectile
167E4E,MarkOfFlame_Projectile
173166,NPC_Banshaen_DongleBolt_projectile
1755CD,NPC_Thresh_Root_Wave
17AFFA,NPC_FaerGorta_HealingOrb_projectile
17B094,NPC_Troll_Ranged
17D91F,Tirnoch_Projectile_AmmoArtset
182F10,NPC_Murghan_AOEburst_projectile
189046,projectile_sceptre_ground_lightning
189F3E,projectile_sceptre_ground_fire
189F3F,projectile_sceptre_ground_ice
18AC15,NPC_GiantSpider_WebShoot_Ammo
18F11F,projectile_bow_raining_arrows
1A15F9,PlayerDestiny_ManaDrain_Projectile
1A448C,Player_DrainMana_projectile
1A7331,projectile_EchoOfFateLarge
1A7E34,projectile_EchoOfFateSmall
1B8460,HarmonicOverload_Fire_Proj_01
1B8466,HarmonicOverload_Ice_Proj_01
1B8468,HarmonicOverload_Storm_Proj_01
1CBACC,Player_Gambit_Projectile
1CF122,NPC_Thresh_ChargeShot_projectile
1CF264,Chicken_Egg_Ammo_Artset
1D7A17,Incap_FSK_Projectile
1DC05E,DLC1_Scarab_SporeLaunch
1DCF9D,DLC1_Boggart_Ammo
1E0573,projectile_sceptre_large_ice
1E0574,projectile_sceptre_large_lightning
1E0575,projectile_sceptre_large_fire
1E39F2,DLC2_Kollossae_IceFissure_projectile
1EA194,ArrowStorm_01_ArtsetAmmo
1EA195,ArrowStorm_02_ArtsetAmmo
1EA196,ArrowStorm_03_ArtsetAmmo
1EA197,ArrowStorm_04_ArtsetAmmo
1EE953,Niskaru_HO_RangedAttackAmmo
1F0D28,DLC2_Pteryx_Flap_Attack_Proj_01
1F6CAC,DLC2_Projectile_Sceptre_Primal
1F6CAD,DLC2_projectile_sceptre_ground_Primal
1F6CB0,DLC2_projectile_sceptre_large_Primal
1F8005,DLC2_Projectile_Sceptre_Small_Primal
1F8919,DLC1_DeadKel_ProjectileAmmo
1F9785,projectile_bow_arrow_charged_Primal
1F9786,projectile_bow_arrow_Primal
1F9787,projectile_bow_arrow_short_Primal
1FF0EB,DLC2_Kollosae_Wave_Projectile
