id,value
003BE3,root
01ABF5,combat_behavior
01ABF6,noncombat_behavior
01ABF7,idle_behavior
01ABF8,combat_idle_behavior
01AC0F,melee_combat_behavior
01AC15,melee_combat_approach_behavior
01AC2E,melee_attack_behavior
01B163,wander_behavior
026639,ranged_combat_behavior
02663B,ranged_special_attack
026703,melee_combat_stepback_behavior
026E2E,circle_to_assigned_slot
027773,check_for_better_slot
028884,follow_basic
028A4D,follow_combat
028C3A,ranged_maintain_range
03A02C,activity_behavior
03A0BE,activity_goto_behavior
03A0C0,activity_interact_behavior
03A560,protector_behavior
03A562,move_to_protect_behavior
03AAAB,ranged_dodge_attack
03B03B,berserk_behavior
03D814,celebrate_behavior
03DA20,knockback_behavior
04FF56,script_strict_behavior
04FF58,script_loose_behavior
0591E6,goto_location_behavior
059771,move_along_waypoints_behavior
05E68C,find_and_use_bed_behavior
064190,activity_patrol_behavior
065484,chicken_behavior
065B77,flee_behavior
0664C3,coward_behavior
070B74,investigate_sensory_input
07636D,stealth_reaction_behavior
082645,teleport_behavior
082AA6,summoning_behavior
082AA8,summon_ally_behavior
082AAA,heal_summoned_ally_behavior
0959B3,trespass_behavior
0959B5,trespass_warn_behavior
096FB1,trespass_announce_crime_behavior
09EDBC,escort_behavior
09F30A,niskaru_hunter_respond_to_bleeding_behavior
09F34D,niskaru_hunter_respond_to_noise_behavior
09F34F,niksaru_hunter_respond_to_peripheral_sense_behavior
0A5CD0,guard_despawn_behavior
0A5CE8,guard_defeat_player_behavior
0A5CF5,guard_seek_wanted_player_behavior
0A5CFA,guard_goto_crime_location_behavior
0A5CFC,guard_investigate_crime_location_behavior
0A5F7D,guard_approach_to_arrest_behavior
0A8C9B,citizen_report_crime_behavior
0A8C9D,citizen_shout_to_report_crime_behavior
0A8C9F,citizen_goto_report_crime_behavior
0B299C,panic_behavior
13DB59,bogeyman_combat_behavior
13DB5F,bogeyman_ranged_combat_behavior
145277,banshaen_combat_behavior
145279,banshaen_ranged_combat_behavior
146F59,activity_cleanup_behavior
147394,combat_investigate_sensory_input
147790,archer_cower_behavior
1477F9,archer_volley_behavior
147C9E,archer_solo_behavior
14CB8C,tilera_combat_behavior
14CB8D,tilera_special_attack_ranged_behavior
14CB8E,tilera_special_attack_shield_behavior
14CD7C,malwyn_combat_behavior
14D1C6,malwyn_ranged_combat_behavior
1528F6,banshaen_relocate_behavior
15C10C,aggro_behavior
160A99,thresh_consume_boggart_behavior
16F6CC,tirnoch_stage1_behavior
16F6D0,tirnoch_stage2_behavior
16F6D1,tirnoch_stage3_behavior
17107B,tirnoch_transition_behavior
18B6E6,cow_behavior
18CF51,beastmaster_behavior
18F659,tirnoch_spawn_minion_behavior
19B08A,crab_behavior
19CF44,balor_combat_behavior
19FDCF,balor_normal_combat_behavior
19FDED,balor_low_health_combat_behavior
19FEFC,nonhostile_sensory_decay_behavior
1A2FBB,loanshark_defeat_player_behavior
1A2FCC,loanshark_seek_wanted_player_behavior
1A2FD0,loanshark_approach_to_collect_behavior
1A32F5,loanshark_despawn_behavior
1A625C,archer_combat_behavior
1A6F89,activity_dropoff_behavior
1B4CEB,archer_flee_behavior
1B840E,script_idle_behavior
1B8413,script_escort_player_behavior
1B8414,script_approach_actor_behavior
1B8416,script_goto_waypoints_behavior
1CB4F4,wintersembrace_behavior
1D681C,sorcerer_goto_shield_behavior
1D681E,sorcerer_stay_within_shield_behavior
1DD590,activity_idle_behavior
1E4DC9,follow_fleeing_player_behavior
1E6973,return_to_idle_location_behavior
