id,value
018AAB,Empty
018AAC,Idle_Only
039DEA,Base_Enemy
05C9AE,Base_Guard
066BC5,Chicken
078BDC,Boggart
078BDE,Niskaru_Type1
07E748,Brownie
082646,Sorcerer
082AA4,Summoner
08B19C,Jottun
09F30B,NiskaruHunter
0B7AEB,QA_RayM_Chicken_BehaviorTree
131A1C,Sprite
131D93,Bolgan
13D9F2,Bogeyman
14527A,Banshaen
1474AA,Archer
14CB04,Tilera
14CCB3,Malwyn
160A9A,Thresh
16ED14,Tirnoch
18B6E7,Cow
18CF4C,Ettin
191E72,Splinter
19B088,Crab
19BC9F,Balor
19DDB3,Echoe_of_Fate
1A2FD1,Loanshark
1CB4F5,WintersEmbrace
1F2044,DLC1_DeadKel
1FFDCB,DLC1_Crab
