id,value
071740,default_boom_camera_controller
071AE8,exploration_normal
0737D8,exploration_indoor
0737D9,combat_normal
076D05,stealth_normal
07E288,exploration_normal_idle
083760,shoulder_normal
0AD827,shoulder_screenshot
0B00BD,sync_normal
1497F3,fixed_normal
150B2C,combat_tilt_override
15DB5B,combat_wrath
15DC88,exploration_wrath
15F0E9,boss_balor_normal
16F957,boss_tirnoch_stage1
17971B,boss_tirnoch_stage2
179799,boss_tirnoch_stage3
17C897,combat_mirrorblade_parry
17C898,exploration_mirrorblade_parry
180C10,combat_meteor
180C11,exploration_meteor
18DB39,combat_chakram_juggle
18DB41,exploration_chakram_juggle
199906,boss_tirnoch_stage1_attack1
19AE93,boss_tirnoch_stage1_minions
19AE94,boss_tirnoch_stage2_minions
19AE95,boss_tirnoch_stage3_minions
19B2B1,combat_2hsword_jumpattack
19B2B2,exploration_2hsword_jumpattack
19B532,boss_tirnoch_stage3_attack1
19B5F3,boss_tirnoch_stage1_intro
19D364,boss_tirnoch_stage1_reckoning
19D3F5,boss_tirnoch_stage2_reckoning
19D3F6,boss_tirnoch_stage3_reckoning
19D828,boss_tirnoch_stage2_attack1
1A495D,boss_balor_attack1
1A4A22,boss_balor_attack2
1A70EC,boss_malwyn_eyebeam
1A722B,boss_malwyn_eyebeam_02
1A9B97,boss_tirnoch_stage3_incapacitated
1AFB06,exploration_interior
1AFB07,exploration_interior_idle
1AFB08,exploration_swimming
1AFB09,exploration_swimming_idle
1B03E2,shoulder_jumping
1B5969,boss_balor_incapacitate
1CFDF5,shoulder_lookat_wellofsouls
1D7FF9,boss_gadflow_reign_of_fire_loc_04
1D8951,boss_gadflow_reign_of_fire_loc_02
1D8953,boss_gadflow_reign_of_fire_loc_01
1D8954,boss_gadflow_reign_of_fire_loc_03
1E00AC,stealth_interior
1F0D41,combat_noframng
200658,DLC1_boss_whisperingwitch_ledge
2009BF,DLC2_boss_primos
204C1A,DLC2_primos_statue
