id,value
0A63E7,TMP_Cinematic
15C53A,TMP_CIN_03_02_010
15EDCC,TMP_CIN_02_01_010
17C8A4,TMP_CIN_00_00_010
18C199,TMP_CIN_00_00_030_AM
18C19A,TMP_CIN_00_00_030_AF
18C19B,TMP_CIN_00_00_030_VM
18C19C,TMP_CIN_00_00_030_VF
18C1A3,TMP_CIN_00_00_030_LM
18C1A4,TMP_CIN_00_00_030_LF
18C1A5,TMP_CIN_00_00_030_DM
18C1A6,TMP_CIN_00_00_030_DF
18CF92,TMP_CIN_00_00_050
1900F6,TMP_CIN_JoshRef_00_00_010
190A64,TMP_CIN_01_00_030
190FDD,TMP_CIN_00_00_050_M
190FDE,TMP_CIN_00_00_050_F
192AA6,TMP_CIN_00_00_050_T
193EFC,Cinematic_00_00_Part1
193F17,Cinematic_00_00_Part2_AM
193F1E,Cinematic_00_00_Part2_AF
193F1F,Cinematic_00_00_Part2_DM
193F20,Cinematic_00_00_Part2_DF
193F21,Cinematic_00_00_Part2_LM
193F22,Cinematic_00_00_Part2_LF
193F23,Cinematic_00_00_Part2_VM
193F24,Cinematic_00_00_Part2_VF
193F25,Cinematic_00_00_Part3_M
193F26,Cinematic_00_00_Part3_F
195C38,TMP_Cinematic_01_00_Part1
195DBB,TMP_Cinematic_01_00_Part2
195DBC,TMP_Cinematic_01_00_Part3
196BB1,TMP_Cinematic_01_00_Part4
19929C,CIN_01_00_Part1
19A3DC,CIN_01_00_part2
19AB47,CIN_01_00_Part3
19E071,CIN_01_01
1A4ABE,CIN_01_00_Part4
1A4AEA,TMP_CIN_03_03
1AC029,CIN_03_01_Part1
1AC02C,CIN_03_01_Part2
1AC0B3,CIN_03_05
1AC545,CIN_06_01
1B8CD2,CIN_03_04
1B987A,CIN_02_01
1C311C,Cinematic_01_01
1C601D,CIN_03_02
1C6C53,CIN_02_01_Part2
1C71A2,CIN_02_01_Part3
1C74D2,CIN_02_01_Part4
1CA184,Cinematic_03_03
1CAEDF,Cinematic_01_00
1CB39D,Temp_03_04_060
1CBDFF,Cinematic_03_04
1CBEB8,Cinematic_03_05
1CC12A,Cinematic_06_01
1CE2B2,Cinematic_02_01
1CEE2D,Cinematic_03_02
1CF145,Cinematic_03_01
1D161C,CIN_03_03_Part1_RunTime
1D161E,CIN_03_03_Part2_PreRender
1D161F,CIN_03_03_Part3_RunTime
1D18F5,CIN_06_03
1D20C2,CIN_01_00_Letter
1D21AD,Cinematic_06_03
1D2201,CIN_01_00_FlyThrough
1D3B86,Vignette_WellOfSouls_Tuatha_PlaceBomb
1D58B7,CIN_03_02_Shot100_Runtime
1D5ABE,Vignette_OUT_DAL_West_01_AgarthIntro
1D5BC2,CIN_06_01_Shot170_BlackBox
1D5F5C,Vignette_OUT_DAL_West_01_AgarthAmbush
1D6E24,Vignette_OUT_DAL_West_01_AgarthAmbush_Rogue
1D85DE,Vignette_TheaterOfFates_AlynShir_Intro
1D8900,Vignette_WellOfSouls_Hughes_Lab
1E9AC8,CIN_01_02
1EA2F5,DLC1_WhisperingWitch_Intro_Vignette
1ECA31,DLC1_Altar_Magic_Infuse
1ECAFA,DLC1_Player_Shipwrecked
1ECB36,DLC1_Dead_Kel_Intro
1ECD49,Balor_Stage_4_Entrance
1ECE39,DLC1_Sit_In_Throne_Enter_Lvl_2
1ECE9A,DLC1_Sit_In_Throne_Exit_Lvl_2
1EDE20,CIN_01_00_030_GrassPopFix
1EDE21,CIN_01_00_040_GrassPopFix
1EDE22,CIN_01_00_050_GrassPopFix
1EDE23,CIN_01_00_060_GrassPopFix
1EDE24,CIN_01_00_070_GrassPopFix
1EDE25,CIN_01_00_080_GrassPopFix
1EDEAE,DLC1_Sit_In_Throne_Enter_Lvl_1
1EDEAF,DLC1_Sit_In_Throne_Enter_Lvl_3
1EDEB1,DLC1_Sit_In_Throne_Enter_Lvl_4
1EDF0F,DLC1_Sit_In_Throne_Exit_Lvl_1
1EDF16,DLC1_Sit_In_Throne_Exit_Lvl_3
1EDF19,DLC1_Sit_In_Throne_Exit_Lvl_4
1F0177,Vignette_WellOfSouls_Troll_Death
1F2579,DLC2_NPC_Rogue_Trap_Death
1F257E,DLC1_Grimjaw_Intro_Vignette
1F316F,DLC1_Baronet_Intro_Vignette
1F48AA,DLC2_Secandra_Intro
1F4F4C,DLC2_Anokatos_Intro
1FDAF1,DLC2_Opening
1FDAFE,DLC1_Opening
1FFD61,DLC1_DeadKel_BossFight_Intro
200D15,DLC2_Hyperion_Rising
201C89,DLC2_Hyperion_Rising_Exterior
204CE1,DLC2_CIN_Hyperion_Antechamber_Door
206E36,DLC2_Primos_Secandra_Trap
207350,DLC2_Secandra_Trap_Exit
