id,value
0AB1D1,Scene_060101
15C2E9,03_02_010
15C617,03_02_020
15C6B6,03_02_040
15C99D,03_02_050
15C9F2,03_02_060
15D1FE,03_02_070
15D36E,03_02_080
15D380,03_02_090
15D400,03_02_110
15D45D,03_02_140
15D4F6,03_02_150
15D641,03_02_130
15DFA3,03_02_160
15EDA2,02_01_010
15EEA6,02_01_030
15EEEC,02_01_050
15EEFD,02_01_060
15F066,02_01_080
15F06B,02_01_090
15F081,02_01_110
17CA20,00_00_010
17CA2A,00_00_020
17CA34,00_00_040
17CA44,00_00_050
17CA54,00_00_060
17CA5B,00_00_070
17CA62,00_00_080
17CBC9,00_00_090
17CC82,00_00_030
190A72,01_00_030
190D27,01_00_040
190DEF,01_00_050
191049,01_00_060
1966A9,01_00_110
198B1F,01_00_120
198C04,01_00_130
1990D9,01_00_140
1991FE,01_00_170
19A296,01_00_070
19A2AB,01_00_080
19AA8B,01_00_090
19AB61,01_00_100
19DC7C,01_01_030
19DE01,01_01_020
19DE23,01_01_040
19DE42,01_01_050
19DE6A,01_01_060
19DE97,01_01_070
19DF07,01_01_080
19DF34,01_01_090
19DF7F,01_01_095
19DFA8,01_01_100
19DFBB,01_01_110
19DFF9,01_01_120
19E03C,01_01_130
19F37F,00_00_030_AF
19F488,00_00_030_AM
19F500,01_01_010
19F5AF,00_00_030_DM
19F5DC,00_00_030_DF
19F633,00_00_030_LM
19F654,00_00_030_LF
19F66A,00_00_030_VF
19F680,00_00_030_VM
1A0010,00_00_050_F
1A0047,00_00_050_M
1A3DEF,03_03_010
1A3EC7,03_03_020
1A429C,03_03_030
1A4683,03_03_040
1A469A,03_03_050
1A491F,03_03_060
1A4923,03_03_070
1A492A,03_03_080
1A4931,03_03_090
1A4B25,03_03_100
1A4B53,03_03_110
1A4B62,03_03_120
1A4B7A,03_03_130
1A4BD5,03_03_140
1A4CFF,03_03_150
1A4D33,03_03_160
1A4DAC,03_03_170
1A4DE0,03_03_180
1A4DF6,03_03_200
1A4E3A,03_03_210
1A5097,03_03_220
1A50A1,03_03_230
1A50A8,03_03_240
1A50B9,03_03_250
1A51EB,03_03_260
1A51F2,03_03_270
1A5249,03_03_310
1A525C,03_03_300
1A5260,03_03_290
1A54AD,03_03_280
1AB4BD,03_05_005
1AB6F2,03_05_010
1AB716,03_05_020
1AB75E,03_05_030
1AB782,03_05_040
1AB7A4,06_01_010
1AB812,03_01_020
1AB86F,06_01_020
1AB892,06_01_030
1AB89B,06_01_040
1AB8C8,06_01_050
1AB8EF,06_01_060
1AB9AE,03_01_030
1ABA5F,06_01_070
1ABA75,06_01_080
1ABC54,03_05_050
1ABC64,03_05_070
1ABCA8,03_05_080
1ABED8,06_01_090
1ABF0D,06_01_100
1ABF42,06_01_110
1ABF60,06_01_120
1ABF8C,06_01_130
1ABFA7,06_01_140
1ABFBE,06_01_150
1ABFD7,03_05_090
1ABFF9,03_05_110
1ABFFE,06_01_160
1AC026,03_05_120
1AC045,06_01_170
1AC060,03_05_130
1AC073,06_01_180
1AC0B0,06_01_190
1AC104,06_01_200
1AC133,06_01_210
1AC149,06_01_220
1AC181,06_01_230
1B7F86,03_04_010
1B8B46,03_03_190
1B9526,03_04_020
1B995D,02_01_020
1B9A67,02_01_040
1BA6E8,03_04_020B
1BA9AE,03_04_030
1BAD97,03_04_040
1BB07E,03_04_050
1BB43E,03_04_060
1C6514,03_02_010_B
1C6935,03_02_010_Final
1C6C0C,02_01_070
1C6C93,03_02_030
1C72E6,03_02_050.cinematic_A_scene
1C7381,03_02_050.cinematic_B_scene
1C73DB,03_02_050_Final
1C74D7,02_01_100
1C7ADC,03_02_060_A
1C7D69,03_02_060_C
1C8003,03_02_060_D
1C819F,03_02_060_B
1C837D,03_02_060_FINAL
1C9C19,03_02_070_A
1C9C77,03_02_100
1C9C9B,03_02_120
1C9D88,03_02_070_B
1C9E01,03_02_070_C
1C9E6F,03_02_070_D
1C9F66,03_02_070_Final
1CA287,03_02_080_A
1CA31D,03_02_080_B
1CA37A,03_02_080_D
1CA421,03_02_080_Final
1CADA1,03_02_130_A
1CAFE5,03_02_130_Final
1CB015,03_02_130_B
1CBA9B,03_02_140_Final
1CBB8F,03_02_150_B
1CBCF5,03_02_150_A
1CBD03,03_02_150_C
1CBE95,03_02_150_Final
1CCE13,03_02_160_B
1CCEEE,03_02_160_A
1CCF5A,03_02_160_Final
1CD371,03_04_020_A
1CDFAC,03_04_020_B
1CE293,03_04_020_Final
1CE4E5,03_01_010_B
1CE539,03_01_010_C
1CE6D6,03_01_010_Final
1D18F7,06_03_010
1D209D,01_00_010
1D2134,01_00_020
1D3B78,Vignette_WellOfSouls_Tuatha_PlaceBomb_Shot01
1D3B85,Vignette_WellOfSouls_Tuatha_PlaceBomb_Shot02
1D3BBD,Vignette_WellOfSouls_Tuatha_PlaceBomb
1D5AAE,Vignette_OUT_DAL_West_01_AgarthIntro
1D5F57,Vignette_OUT_DAL_West_01_AgarthAmbush
1D6E31,Vignette_OUT_DAL_West_01_AgarthAmbush_Rogue
1D8600,Vignette_TheaterOfFates_AlynShir_Intro
1D8918,Vignette_WellOfSouls_Hughes_Lab_Shot_01
1D8923,Vignette_WellOfSouls_Hughes_Lab_Shot_02
1DC676,Vignette_WellOfSouls_Hughes_Lab_Shot_01_B
1E9B40,01_02_010
1E9E53,01_02_020
1EA25A,01_02_030
1EA2FF,DLC1_WhisperingWitch_Intro_Vignette
1EA342,01_02_040
1ECA2F,DLC1_Altar_Magic_Infuse_010
1ECAF9,CA_DLC1_DeadKel_Intro
1ECB07,DLC1_Player_Shipwrecked_010
1ECC91,Balor_Stage_4_Entrance_010
1ECD1E,Balor_Stage_4_Entrance_020
1ECE23,DLC1_Player_Sit_In_Throne_Enter
1ECE99,DLC1_Player_Sit_In_Throne_Exit
1EDE8B,DLC1_Player_Sit_In_Throne_Enter_Lvl_1
1EDE9C,DLC1_Player_Sit_In_Throne_Enter_Lvl_3
1EDEAA,DLC1_Player_Sit_In_Throne_Enter_Lvl_4
1EDEB6,DLC1_Player_Sit_In_Throne_Enter_Lvl_2
1EDEEC,DLC1_Player_Sit_In_Throne_Exit_Lvl_1
1EDEF4,DLC1_Player_Sit_In_Throne_Exit_Lvl_2
1EDEF9,DLC1_Player_Sit_In_Throne_Exit_Lvl_3
1EDF00,DLC1_Player_Sit_In_Throne_Exit_Lvl_4
1F0165,Vignette_WellOfSouls_Troll_Death
1F256B,DLC1_Grimjaw_Intro_Vignette
1F256E,DLC2_NPC_Rogue_Trap_Death_01
1F2572,DLC2_NPC_Rogue_Trap_Death_02
1F2578,DLC2_NPC_Rogue_Trap_Death_03
1F27F9,DLC1_Baronet_Intro_Vignette
1F48B0,DLC2_Secandra_Intro
1F4ED6,DLC2_Anokatos_Intro_01
1F4F26,DLC2_Anokatos_Intro_02
1FF0F6,DLC1_DeadKel_BossFight_Intro
2015E9,DLC2_Hyperion_Rising_01
201C88,DLC2_Hyperion_Rising_Exterior
204CE5,DLC2_Hyperion_Antechamber_Door
206E3D,Vignette_DLC2_Primos_Secandra_Trap
207354,Vignette_DLC2_Secandra_Trap_Exit
