id,value
001274,Alars_Haste_pop_01
001275,Alars_Haste_pop_02
001277,ambient_dust_02
001279,ambient_dust_04
00127A,Ambient_Fog_01
001280,Ambient_Fog_02
001281,Ambient_Dust_Motes_01
001282,Ambient_Dust_Motes_02
001283,Ambient_Moth_01
001284,Ambient_Dust_Motes_03
001292,Ancestral_Runes_01
001295,Bow_Default_Arrow_Trail_01
001297,Hero-Battle_Frenzy_Start
00129C,Status-Blood_Player_01
00129E,Blood_Status_01
0012A7,Env-BurningAsh_01
0012A8,Ambient_candle_flame_cluster
0012B0,Human-Dazed_Idle
0012B3,TRL-Hero_Sword_Distort
0012BF,Dust-CircularImpact
0012C1,Dust-HandTrail
0012C2,Dust-Impact_Lrg01
0012C7,Dust-Footstep_Human_01
0012C8,Dust-Novar_Step
0012D2,Dust-Footstep_Barghest
0012E1,Fire_Large_01_NoSmoke
0012E2,Fire_Large_01_Magic_Green
0012E3,Fire_Large_01_Magic_Purple
0012E4,Fire_Medium_01_DUPE01
0012E5,Fire_Large_01_DUPE02
0012E6,Fire_Large_02
0012E7,Fire_Large_01_DUPE03
0012E8,Fire_Large_01
0012E9,Fire_Medium_01
0012EB,Fire_Small_01_NoSmoke
0012EC,Fire_Small_01_DUPE01
0012EE,Fire_Small_01_DUPE02
0012F1,Ambient_Fog-Ground_Light
0012F2,Fog_SlowMoving
0012F3,Fog_SlowMoving_Orange
0012FA,Tirnoch_Fireball_01_Impact
0012FB,Tirnoch_Fireball_01_Tendril
0012FF,Gauntlet_glow_cluster_01
00130C,Ambient-GodRay-Large_02
00130D,Ambient-Godray_Medium_02
00130E,Ambient-Godray_Medium_03
001311,Heal_buff_cluster_01
001313,Hero-HealingSurge_Hands_02
001314,heal_helix_cluster_01
001315,Heal_rays_cluster_01
00131C,WOS_Flies_Swarm_01
00131D,WOS_Flies_Swarm_02
001324,Leaves-Falling01_Green
001325,Spell_Lightning_Tempest_Bolt_01
00134B,Smoke_LargeDark01
00134C,Smoke_LargeThin01
00134D,Smoke_Low_Distort
00134E,Smoke_SmallDark01
00134F,Smoke_SmallDark02
00136F,FXtest-energyball
001385,SQ55_Explosion
001386,TEMP_DGN_HOL_Gorguath
0013A1,Fire_Small_01_Torch
0013BD,TRL-Blood_01
0013C5,Ettin_Shaman_Charge_02
0041AD,SpiritWall-ShieldXtra
00454A,Mage_AOE_charge_01
00456F,Mage_AOE_charge_02
004576,Mage_AOE_charge_03
00459F,Meteor_charge_aura_01
0045F2,Meteor_Charge_aura_02
0045FF,Meteor_Charge_aura_03
0048BF,Mage-Teleport_FX_01
0049BB,Wisp-Red_Small
0049C3,Wisp-Red_Large
0049C8,Wisp-Green_Small
0049C9,Wisp-Green_Large
0049CE,Wisp-Gold_Small
0049DB,Wisp-Gold_Large
004A9B,Spell-Magnon_BeamCharge01_Orb
004ABD,Spell-Magnon_BeamCharge01_Core
004C85,Spell-Magnon_BeamCharge03_BW
00538E,test-DarkFlame
0060EE,Sorcerer_Fire_Attack_Plume
011E9E,test-DarkFlame_FlameAt01
011F95,test-DarkFlameAura_Arms
013749,TRL-Hero_Sword_Default
01380E,Magnon-BowShot_Release
01385F,Magnon-BowShot_Buildup
0155D0,test-DarkBeam_GroundFX
0155FC,test-DarkBeam_GrndFX_Emit
01564F,test-DarkBeam_ShockWve_01
015AD2,test-DarkBeam_Init
015AF0,test-DarkBeam_Impct
015B3D,test-DarkBeam_FrntFlm
016863,test-DarkBeam_AfterFX
019234,Hero-Sword_Impact_Default
01A6B2,test-Darkflame_02
01B157,FXTest_DarkFlame_Impact_01
01B291,test-DarkFlame_CurlyVert
01EAB9,test-DarkFlame_TopPoof
01EBA8,skyfire_impact_01
01EFEA,Trap_Magic_Mine_01_Expl
01F33D,test-Player_FootStomp
01F63F,Health_leech_orb_01
01F903,Spell_Quake_Charge_Body_01
01FA5D,Spell_Quake_Leg_Glow_01
01FC98,Spell_Quake_Impact_Ground_01
020204,Health_Leach_Impact_01
024DEF,FXTest_PillarOfLight
025867,FXTest_PillarOfLight_Main
025881,Lesion_Spore_Volume_Light_01
025E20,Wisp_cloud_01
02627D,TRL-Wisp_01
026D94,fxmesh-Spiraltest_01
026E17,Meteor_Charge_Base_01
026F16,TRL-Hero_Sword_Lightning_01
027062,Tempest-Lighting_01
0270BC,Hero-Sword_2H_Impact_Lightning
027397,Spell_Quake_Attack_01
02740D,Spell_Quake_Attack_02
027456,Tempest_Charge_01
0274A6,Spell_Quake_Spike_Flare_01
0274B5,Tempest-Lighting_02
027521,Spell_Quake_Spike_Flare_02
027575,Spell_Quake_Attack_03
0275DA,Tempest_Bolt_impact_01
02762A,Spell_Quake_Impact_Ground_02
02775B,Lesion_Cleanse_Rune
02778D,FXMesh-Wisp_Lightning
0279A5,Spell_Quake_Attack_03_Impact
02A247,Ambient-WaterFall_Sml01
02A483,Ambient-WaterDrip_LVol_Hvy
02A5A1,Ambient-WaterDrip_SVol
02A5B6,Ambient-WaterDrip_Impact
02BBA0,Ambient-WaterDrip_Single_WImpct
02BBB6,Ambient-WaterDrip_Single
02D2B5,Scott's test cluster
02D398,Loot-Sparkle_Gold_01
02D3A5,Ambient-GodRay_Medium
02D3E3,Ambient-Godray_Large
02D40E,Ambient-GodRays_Small
02D49F,Ambient-Dust_Falling_Sml
02D923,Ambient-WaterFall_Sml01_Impact
02ED22,Distort-Heat_Large
02F1B3,Fog-LowRising_Wide
02F1D2,Fog-LowRising_Small
02F1D6,Fog-LowHanging_Wide
02F1DD,Fog-LowFast_Wide
02F460,Env_Geyser_Lg_01
031A0C,FXFab-Block_Shield_Impct
031E8D,FXMesh_Block_Shield_Shatter
037300,Player-ForceAtck_Release_Flsh
0373CC,Fxtest_Player-ForceAtck_Release
0374DE,Spell_Lightning_Throw_Charge_01
037BE9,Bow_Default_Arrow_Trail_Charged
0381D3,FXTest_Blobs
038B2F,Spell_Lightning_Throw_Charge_Body
038B44,fxtest_regen
03A031,Green_Goo_01
03A30D,Ambient-WaterDrip_MVol
03A318,Ambient-WaterDrip_MVol_Hvy
03BFE6,Status-Fire_Idle_Body
03C073,Status-Fire_Idle_Arm
03C0A3,Status-Fire_Start_Body
03C1E9,Status-Fire_Off_Body
03CED1,Fire_Small_01
03CED2,Fire_Large_01_DUPE
03D609,Troll-Dust_Walk_Foot
03D698,Troll_Dust_Death
03D6B2,Dust-FootStep_Small
03D714,Troll-Dust_FootStomp
03DA49,Purple_Flower_Pop_01
03DA53,Purple_Flower_Pop_02
03DC2F,Flamethrower_Stream_01
03F209,Ambient_Fog-Ground_Light_Sanne
03FEBA,Troll_Proj_Impact
03FEEA,Weapon_Flame_Impact_01
03FF08,Sorcerer_Fire_Attack_Boss_Hands
04061C,Troll-Charge_Body
040660,Ambient-Godray_Small_02
0406C5,TRL-Troll_Attack_01
040B51,Troll_Weapon_Glow
040E21,Ghost_Aura_01
040E3C,Status-Gonguan_Fire_Idle_Body
040E3D,Ghost_Aura_Limbs_01
040E59,Ghost_Aura_Limbs_02
040F21,Status-Gonguan_Fire_Idle_BodyU
040F31,Status-Gonguan_Fire_Idle_Arm
04113C,Status-Gonguan_Fire_Start_Body
041474,Status-Gonguan_MagGlow_Idle_Arm
041476,Status-Gonguan_MagGlow_Idle_Body
04148A,Status-Gonguan_MagGlow_Idle_BodyU
041600,Status-Gonguan_MagGlow_Idle_Eyes
041897,Magic_Spore_Volume_Light_Red_01
04189B,Magic_Spore_Volume_Light_Blue_01
0418ED,Magic_Spore_Volume_Heavy_Blue_01
0418F0,Magic_Spore_Volume_Heavy_Red_01
0418F3,Magic_Spore_Volume_Light_White_01
0433B1,Status-Ice_Idle_Body
0433E5,Status-Ice_Idle_Arm
0433FC,Status-Ice_Idle_Leg
043411,Status-Ice_Idle_Foot
043467,Status-Ice_Start_Body
043623,Status-Ice_Idle_Swirl_C
04378E,Status-Ice_Start_Base
043879,Status-Lightning_Idle_L1
043C1E,Status-Lightning_Idle_Smoke
043D61,Status-Lightning_Start_Body
043E69,Status-Lightning_Off_Body
044115,Status-Ice_Off_Body
04467A,Status-Poison_Idle_Body_01
044741,Status-Poison_Start_Body
044754,Status-Poison_Off_Body
045129,Status-Taiba_Ice_Idle_Swirl_C
045AEA,Status-Gonguan_Ice_Idle_Body
045B14,Status-Gonguan_Ice_Idle_Arm
045B58,Status-Gonguan_Ice_Idle_Swirl_C
046762,Status-Gonguan_Ice_Off_Body
046ECE,Status-Gonguan_Ice_Start_Base
046F26,Status-Gonguan_Ice_Start_Body
046F2E,Status-Gonguan_Lightning_Idle_Smoke
0471BD,Status-Gonguan_Lightning_Idle_L1
047201,Status-Gonguan_Lightning_Start_Body
05837C,FOR_Lamp_light_01
059423,Moth_Glow_01
05968C,Jottun_Hammer_Impact_Special_01
0596B5,TRL-Weapn_JottunHammer
0596B7,TRL-Weapn_JottunHammer_Distort
05A0B6,Moth_Glow_Large_01
05A0C9,Moth_Large_trail_02
05C2F1,M0_Player_Stealth01
05CA63,M0_Stealth_Core_Big
05E686,M0_Player_Stealth_On03
064336,Meteor_Shower_Small_01
06449C,Meteor_Expl_Cluster_01
0644AE,Meteor_shower_small_explosions_01
06761E,SMBL_Wood_02
06770C,Waterfall_Spray_01
067748,Waterfall_bottom_01
067765,Waterfall_Mist_01
067970,Waterfall_Spray_Long_01
067DD6,TRL-Niskaru_Charge_01
067E10,Niskaru_Energy_01
068048,Mushroom_Gas_Blue_01
06AE11,Meteor_Smoke_01
06B0D0,Meteor_Impact_Large_01
06B6F9,Status-Slow_Time_Body_01
06BE26,Smoldering_Large_01
06C1AA,Niskaru_Projectile_01
06C25D,TRL-Niskaru_Charge
06C262,Niskaru_Flame_attack_01
06C590,Niskaru_Mouth_Glow_01
06CCD8,Niskaru_Body_Light_01
06CD0B,Niskaru_Projectile_Impact_01
06CE50,Niskaru_Hunt_Spawn_Portal_01
06D24B,Hero-Teleport_Pop_01
06D256,Hero-Teleport_Hand_trail
06D32D,Mana_Shield_Impact_fx_01
06D51D,FXMesh_Block_Shield_Mana
06D521,Mana_Block_Ball_01
06D983,Meteor_Trail_LG_01
06D9C2,Fire_Medium_02
06DA9B,FOR_ruins_torch_Light_start
06DA9C,FOR_Ruins_torch_light_on
06DDCF,Meteor_Hand_fire_01
06DF09,Meteor_Cast_Rising_Embers_01
06DFA4,Jottun_Hammer_Drag_Smoke_01
06E4DC,FOR_Chimney_Smoke
06EC5F,Reagent-Sparkle_Gold_Small
06F93E,Niskaru_Hit_React_Flames_01
070546,Niskaru_Impact_Ring
070583,Niskaru_Impact_Large_01
07064B,Meteor_Charge_Projectile_01
07065B,Meteor_Charge_Projectile_Mesh
070EC6,Meteor_Medium_Trail_01
0713FF,Meteor_Explosion_02
07159E,Meteor_Rock_Chunks_01
071AFC,TMP_LoreVignettePointFX02
071B81,TRL-Staff_Ice_Attack_01
071BB8,Ice_Shard_Trail_01
071CA3,Staff_Ice_Attack_03A
071D26,Ice_Shard_Debris_Trail_01
071D4D,Staff_Ice_Attack_Charge_Special_Burst
071D5E,Staff_Ice_Attack_Charge_Chunks_01
071E15,Staff_Ice_Attack_Charge_Chunks_02
0720E9,Staff_Ice_Chg_Special_AOE_03
0720ED,Staff_Ice_Attack_Charge_Special_Blast_01
072158,Staff_Ice_Attack_Charge_Conjure
0737DE,INT_broken_chair_02
074969,TRL-Hero_Sword_Fire_01
074E0C,TRL-Hero_Sword_Poison_01
0750A3,TRL-Hero_Sword_Ice_01
0754CB,Magic_Sparkle_Volume_Light_Yellow_01
075CC1,Leaves-Falling01_purple
0767B3,Weapon_Fire_Chain_Finish_01
0767D6,Weapon_Poison_Impact_01
0768B4,Weapon_Frost_Impact_01
077180,Jottun_impulse_land_Smoke_01
077190,Impulse_Streaks_01
078115,TRL-Hero_Dagger_Default
078861,Status-Ice_Start_Large_01
0788D3,Status-Charm_Idle_01
078A9D,Status-Poison_Start_Big_01
078A9F,Status-Petrify_Idle_Large_01
078B1B,Status-Petrify_Start_Large_01
078B66,Status-Charm_Start_Large_01
078CB0,Status-Petrify_Idle_Medium_01
078CB9,Status-Petrify_Start_Medium_01
078CC9,Status-Poison_Start_Medium_01
078CD1,Status-Charm_Start_Medium_01
0793D5,POI_Mesh_Core_01
079410,POI_Mesh_Beams_01
079843,TRL-Hero_Dagger_Poison_01
07984F,TRL-Hero_Dagger_Fire_01
0798DA,POI_Mesh_Interact_01
07A7DB,TRL-Hero_Dagger_Lightning_01
07A973,TRL-Hero_Dagger_Ice_01
07BBDA,Dagger_Default_Dodge_Special_Impact
07C052,Fire_Impact_Big_01
07C0A5,Fire_Explosion_Ring_01
07C0E8,Rogue_Fire_Trap_01
07C263,Poison_Impact_Big_01
07C468,Ice_Impact_Big_01
07C7C7,Hero-Dagger_Counter_Glint_01
07C7FE,Hero-Dagger_Counter_Success_01
07D98A,Dagger_Default_Wedge_01
07DB1E,Dagger_Fire_Wedge_01
07F1FC,Lightning_Impact_Big_01
07F23F,TRL-Rogue_Lightning_Projectile_01
07FF45,Boggart_Glow_Eyes_01
080010,Boggart_Glow_Body_01
0800E9,TRL-Boggart_Hand_Trail_01
082640,Fireball_Projectile_01
082665,Fireball_Impact_01
0826C3,OLD_Staff_Ice_Attack_02
082AAE,Staff_Ice_Attack_01
082D06,Staff_Fire_Attack_02A
082F75,Staff_Fireball_Projectile_01
083265,OLD_Staff_Fire_Attack_02
083277,OLD_Staff_Lightning_Attack_02
083563,Staff_FireBall_Impact_Big_02
0835E7,TRL-Hero_Staff_Fire
0835ED,TRL-Hero_staff_distortion_trail_01
0835F3,TRL-Hero_Staff_Lightning
083600,TRL-Hero_Staff_Ice
08360F,TRL-Hero_Staff_Default
083767,Staff_Fire_Attack_03A
083962,Staff_Fire_Attack_03_Fountain
083A5A,Staff_Storm_Attack_01
084182,Staff_Storm_Attack_03A
08441D,Vil_Lamp_Glow_01
084472,staff_lightning_Bolt_01
084AD2,Grapple_Charge_01
084AD9,Grapple_Charge_Release_01
084B13,FXtest_impact_flash
085085,Fire_Medium_01_Fireplace
08817D,Staff_Lightning_Attack_03_Impact
0887F2,FHO_DoorGlow_01
089592,Saguaro_Open_Spores_01
08AE1C,Boggart_Impact_01
08B488,Jottun_Impact_Flash_01
08B647,Niskaru_Warp_01
08BC2A,NCA_Flora_Mushroom_fxlight_01
08BC31,NCA_Flora_Mushroom_fxlight_01_on
08BC33,NCA_Flora_Mushroom_fxlight_01_off
08BDF9,Fire_small_02_Torch_fxlight_01
08C0BB,Niskaru_Glow_Distort_01
08C3DC,Magic_Spore_Volume_Light_Blue_02
08C853,Niskaru_Hit_Flash_01
08CB72,Hero-Shield_Parry_01
08CE27,Fire_Small_02_Torch
08D02B,Hammer_Body_Charge_01
08D5F8,Niskaru_Fire_Blast_01
08D752,ChestLoot-Sparkle_Gold_01
08D790,Summon_Niskaru_Projectile_01
08D7A5,Niskaru_Summon_Pop_02
08D7F2,Niskaru_Kill_Impact_Flash_01
08D80E,Niskaru_Hit_React_Flames_back_01
08D85C,Fire_Medium_02_DUPE01
08DAF4,Spell_Lightning_Tempest_Strike_01
08DAFB,Spell_Lightning_Tempest_Bolt_02
08DB45,Spell_Lightning_core_strike_01
08DB50,Staff_Lightning_chg_special_AOE_03_Bolt
08DB73,Spell_Lightning_Impact_01
08DB97,Spell_Lightning_Hand_01
08DC78,Lightning_Spell_small_strike_02
08DC7D,Ettin_Shaman_Charge_Bolt_01
08DCD6,Faeblade_Default_Delay_Special_02
08DCF5,FxTest_Impact_Large_01
08DD05,Niskaru_Charge_Up_AOE_01
08FCEF,Sceptre_Ice_Proj_02
0909F9,Critical-Hit_01
090AB3,Weapon_Default_Impact_Medium
090B4C,Sceptre_Ice_Proj_02_Impact
091E74,Sceptre_Ice_Cast_01
092957,Bow_Ice_Charge_01
092A5A,Bow_Ice_Arrow_trail
092AC5,Bow_Flame_Arrow_trail
092ACA,Bow_Storm_Arrow_trail
092ACD,Bow_Poison_Arrow_trail
092BD9,Bow_Ice_Arrow_Charged_Trail
092BE2,Bow_Flame_Arrow_Charged_Trail
092BEA,Bow_Storm_Arrow_Charged_Trail
092C0B,Bow_Poison_Arrow_Charged_trail
092C8A,Sceptre_Ice_Charge_01
092E36,Sceptre_Ice_Charge_03
092F19,Sceptre_Ice_Cast_03
092F68,TMP_M3_Magic_Rune_Green
09307E,Bow_Flame_Charge_01
093090,Bow_Storm_Charge_01
0930DB,Bow_Poison_Charge_01
0931DF,Bow_Storm_Charge_Char_01
093499,Bow_Poison_Charge_Char_01
0934CA,Bow_Flame_Charge_char_01
0934E2,Bow_Ice_Charge_Char_01
0935AF,TMP_M3_Magic_Rune_Red
0935B6,TMP_M3_Magic_Rune_Blue
0935BD,TMP_M3_Magic_Rune_LightBlue
09372E,Sceptre_Ice_Cast_Trail
093782,Magic_Sparkle_Volume_Light_blue_01
09395A,TRL-Hero_Lunge_01
093EDD,Bow_Poison_Arrow_Impact
094056,Bow_Storm_Arrow_Impact
09408A,Bow_Flame_Arrow_Impact
0940DB,Bow_Ice_Arrow_Impact
0943A8,Ambient-GodRay_Large_02_purple
094D15,Sceptre_Ice_Charge_Trans_02
094D5B,Sceptre_Ice_Charge_02
094E3C,QI_GEN_Crystal_Ball_Glow_01
094E4A,Boggart_Death_Expl
094EC2,QI_GEN_Crystal_Glow_01
0954C0,TRL-Sprite_Base_Handswipe_01
0954D4,TMP_M3_CombatChallenge
09550F,Sprite_DashAttack_Charge
095A26,Troll_Breath_Scream
095A91,Vil_Lamp_Glow_Blue
09659E,Sprite_Champ_Ice_Conjure_01
0968E1,Sprite_Champ_Flame_Trail
096B7C,Troll_Proj_Cast_01
096F91,Status-Ice_Off_Body_Small
096FD6,Status-Charm_Start_Small_01
097016,Boggart_PlagueBearer_Glow_Eyes
097023,Boggart_PlagueBearer_Glow_Body
0970AF,Sprite_Buff_Idle
097142,Sprite_Buff_Start
0971AB,TRL-Boggart_PlagueBearer_HandSwipe_01
09750A,Sprite_Champ_Frost_Idle_01
0977A2,Sprite_Champ_Ice_Charge
0977E1,Sprite_Champ_Ice_Cast
097C52,Troll_Club_Slam_01
097D53,Magic_Swamp_Spore_yellow_01
09819B,Troll_Proj_Trail
098525,Troll_eyes
098947,Human_Incapacitated
098FBD,Hero-Destiny_Strings
098FC6,Human_Incapacitated_intro
099E93,Crate_Smash_01
09A8D9,Well_Teleport_SQ01
09B9A6,Magic_Sparkle_Volume_Light_orange_01
09BBF5,TRL-Troll_Handswipe
09C918,FateShift_StreamTrail_01
09D871,FateShift_Weapon_01
09D89D,FateShift_Weapon_StreamTrail_01
09D994,FateShift_Charge_01
09D9A3,FateShift_Charge_03
09D9AA,FateShift_Charge_02
09DA10,FateShift_Pulse_01
09DB47,FateShift_WeaponTrail_01
09DBAA,FateShift_Impact_01
09E418,DVG_RedLight_start
09E41A,DVG_BlueLight_start
09E41C,DVG_RedLight_On
09E421,DVG_BlueLight_On
09E504,FateShift_Charge_04
09E535,FateShift_Weapon_Conjure_01
09E569,FateShift_StabTrail_01
09F7C7,Fateshift_Charge_Start_02
09F7D8,Fateshift_Charge_Start_03
09F84C,Fateshift_Charge_Start_04
09FA31,Fateshift_Stab_Impact_01
0A0B06,Fateshift_Absorb_01
0A11D2,Fate_Reckoning_Enter_01
0A11E6,Fateshift_Absorb_02
0A145C,Fate_Reckoning_Slam_Ground
0A1FFF,Fateshift_Absorb_03
0A249F,SCA_Sigil_01
0A3463,SCA_Sigil_Ice_01
0A34A5,SCA_Sigil_Lightning_01
0A34D4,SCA_Sigil_Fire_01
0A34E9,SCA_Sigil_Godrays_01
0A350A,Reckoning_Idle_Player_Hands
0A3927,Fate_Reckon_HandSlam_Trail
0A3B21,NCA_Door_Collapse_Debris_01
0A3B28,NCA_Door_Collapse_Debris_cloud_01
0A3BB6,NCA_Door_Collapse_Rock_Debris_01
0A3BEB,NCA_HiddenDoor_Debris_cloud_01
0A421B,Reckoning_Idle_NPC_Body
0A422F,ERU_Door_Symbols_01
0A42C8,ERU_Door_Symbols_01_back
0A4CA3,Reckoning_Enter_Hands_01
0A4CD5,Reckoning_Enter_01
0A4E37,Fate_Reckon_Conjure_Hands
0A5485,TRL-Hero_FaeBlades_Default
0A5576,TRL-Hero_FaeBlades_Distort
0A57C5,Blood_Fateshift_Flow_Large
0A6470,Fateshift_Hammer_Jottun
0A66B4,FateShift_Boggart_Kick
0A6706,TRL-FateShift_Hammer_01
0A6771,FateShift_Boggart_Leap
0A6B8D,Fateshift_NIskaru_Groundslam
0A75AB,Niskaru_Breath_Scream
0A7921,Fateshift_Boggart_Groundslam
0A7ED8,Fateshift_Hammer_Glow_01
0A84C6,TRL-Murghan_Melee
0A84D4,Murghan_Melee_Body
0A8520,Murghan_Weapon_Impact
0A8562,Murghan_Melee_Start_01
0A87D1,Murghan_Buff_Start
0A87DC,Murghan_Buff_Lightning
0A8B3A,Fateshift_Absorb_Strings
0A8B6C,FateShift_Absorb_Strings_Trail
0A9270,Fateshift_Boggart_Light
0A928A,Fateshift_FinalStrike
0A980C,FateShift_Boggart_Expl
0A9B98,Fateshift_Jottun_HammerStrike_01
0AC94E,Fateshift_Absorb_Strings_Impact
0ACFD8,Fateshift_Absorb_Aura
0AD5B8,Sprite_Champ_Flame_Idle_01
0AD743,Sprite_Champ_Flame_Charge
0AD777,Sprite_Champ_Flame_Release
0AD7B3,Sprite_Champ_Flame_Impact
0ADA60,Magic_Sparkle_Volume_Light_Green_01
0ADA96,Magic_Sparkle_Volume_Light_purple_01
0AE1BE,Sprite_Champ_Storm_Idle_Arcing
0AE3D4,TRL-Hero_FaeBlades_Poison
0AE417,TRL-Hero_FaeBlades_Fire_01
0AE687,TRL-Hero_FaeBlades_Lightning_01
0AE696,TRL-Hero_FaeBlades_Ice_01
0AE703,Bow_Default_Charge
0AEEB5,TRL-Sprite_Champ_Storm_Tail
0AEF6F,Sprite_Champ_Storm_Melee_Impact
0AF2FD,TMP_M4_Magic_Sigil_Blue
0AF306,TMP_M4_Magic_Sigil_Red
0AF318,TMP_M4_Magic_Sigil_Yellow
0AF324,TMP_M4_Magic_Sigil_Orange
0AF32C,TMP_M4_Magic_Sigil_Purple
0AF364,TMP_M4_Magic_Sigil_LightGreen
0AF3AB,TMP_M4_Magic_Sigil_LightBlue
0AF3B6,TMP_M4_Magic_Sigil_White
0AFA63,Fateshift_Blade_Pierce_Human_01
0B011A,Fate_Reckon_Teleport_Streams
0B10C3,Fate_Reckon_Teleport_Finish
0B1F85,FHO_DoorGlow_02
0B2998,Bow_Arrow_Drawn
0B2AB1,FateShift_Weapon_Trail
0B2F15,Fateshift_Spear_Troll
0B2F31,TRL-FateShift_Spear_01
0B2FA4,Fateshift_Spear_Glow_01
0B44C7,TRL-Hero_Sword_2H_Default
0B4894,TRL-Hero_Sword_2H_Distort
0B4CD7,TRL-Hero_Sword_2H_Ice_01
0B4CD9,TRL-Hero_Sword_2H_Fire_01
0B4CFD,TRL-Hero_Sword_2H_Lightning_01
0B4CFF,TRL-Hero_Sword_2H_Poison_01
0B4ED5,Hero-Sword_2H_Lightning_Attack
0B548B,Fateshift_Hammer_Boggart
0B5D57,Hammer_Impact_Lightning
0B6821,Sceptre_Flame_Charge_01
0B682E,Sceptre_Flame_Cast_01
0B683F,Sceptre_Flame_Cast_03
0B6895,Sceptre_Flame_Charge_02
0B68C1,Sceptre_Flame_Charge_03
0B690A,Sceptre_Flame_Proj_01_Impact
0B6F85,Sceptre_Storm_Cast_01
0B7149,Sceptre_Storm_Cast_03
0B767F,Sceptre_Storm_Charge_01
0B7701,Sceptre_Storm_Charge_02
0B7777,Sceptre_Storm_Charge_03
0B7ADE,Sceptre_Storm_Proj_02_Impact
0B7D51,Boggart_Death_Gas
0B81D2,FateShift_Barghest_NeckSnap
0B86DB,Sceptre_Flame_Charge_Trans
0B86EE,Sceptre_Storm_Charge_Trans
0B8BDB,Sceptre_Flame_Cast_Trail
0B8C61,Sceptre_Storm_Cast_Trail
0B9B3F,Sceptre_Flame_Proj_01
0B9B4F,Sceptre_Ice_Proj_01
0B9B57,Sceptre_Storm_Proj_01
0B9B5D,Sceptre_Flame_Proj_02
0B9C57,Bow_Default_Charge_char_01
0B9D0A,Bow_Flame_Arrow_Charge_01
0B9D64,Bow_Ice_Arrow_Charge_01
0B9D8A,Bow_Poison_Arrow_Charge_01
0B9DA6,Bow_Storm_Arrow_Charge_01
0C023B,Sceptre_Storm_Proj_01_Impact
0C029D,Sceptre_Flame_Proj_02_Impact
0C02B0,Sceptre_Ice_Proj_01_Impact
0CDCDE,Sceptre_Storm_Proj_02
0CF231,QA_Double_Rainbow_KH
11CD38,Fateshift_Gauntlet_barghest_L
11DED0,Fateshift_Gauntlet_Barghest_R
129929,Craft_Shard_Crystal_Large_01
12E6B5,Craft_Shard_Crystal_Small_01
12E8E6,Fateshift_Thread_release_01
12EDD8,Craft_Shard_Crystal_Medium_01
12EF3B,Magic_Sparkle_Volume_Light_red_01
12EFDA,Weapon_Storm_Impact_01
12F254,Craft_Alchemy_Smoke_Large_01
12F909,Fire_Blacksmith_01
12FF8F,Sceptre_Flame_Charge_Trans_01
12FFE0,Sceptre_Ice_Charge_Trans_01
13002F,Sceptre_Storm_Charge_Trans_01
130EC9,Weapon_Flame_Idle_01
130EFD,Weapon_Ice_Idle_01
130F33,Weapon_Storm_Idle_01
131119,Weapon_Default_Impact_Large
13114D,TRL-Bolgan_Sword
131172,TRL-Bolgan_Shield
1318F2,Bolgan_Sword_Slam_01
131A68,TRL-Leanashe_Attack_01
131A93,Leanashe_Smoke_Hair_01
13207B,Spell_Lightning_Charge_Hand_02
1320A2,Spell_Lightning_Arcing
13220D,Spell_Lightning_Hand_02
1322B8,Spell_Lightning_Slam_Ground
132360,Spell_Lightning_Hands_Conjure
13271B,Spell_Lightning_Proj_01
132BB8,Spell_Lightning_Proj_01_Impact
132E47,Fateshift_Sword_2H_Bolgan
132E50,Fateshift_Sword_2H_Glow_01
132E90,TRL-FateShift_Sword_2H_01
1339FB,Weapon_Flame_Idle_02
133A89,Weapon_Ice_Idle_02
133AA4,Weapon_Storm_Idle_02
133AF6,Weapon_Poison_Idle_02
133C84,Weapon_Poison_Idle_01
134571,Dagger_Ice_Wedge_01
134576,Dagger_Poison_Wedge_01
134580,Dagger_Storm_Wedge_01
134D9F,TRL-Leanashe_Dodge_01
13520B,TRL-Ettin_Attack_Punch_01
13542C,TRL-Ettin_Lightning_Hammer
135E54,Fateshift_Dagger_Dissolve
135F1A,Ettin_Shaman_Proj
136DA7,FateShift_Weapon_02
137348,Fateshift_Hammer_Dissolve
13738A,Fateshift_Hammer_Conjure
1375A2,Fateshift_Sword_2H_Dissolve
13772A,Fateshift_Dagger_Conjure
137EE0,Ettin_WarPriest_AOE_Attack
13837B,Ettin_Shaman_Attack_ClubSlam
1386AB,Ettin_Shaman_Charge_Strike
1387C3,Ettin_Shaman_Charge_Bolt_02
139016,Ettin_WarPriest_Attack_Club
13A002,Spell_Lightning_Charge_Hand_vapor
13A4B6,Spell_Lightning_Throw_Release
13A721,Spell_Lightning_Charge_Symbols_01
13A729,Spell_Lightning_Charge_Symbols_02
13A9D6,Fateshift_Soundcluster
13ABED,FateShift_Impact_02
13ACC2,Ettin_WarPriest_Club_Charge
13AD34,Fateshift_Dagger_Dissolve_02
13AE29,Hero_SmokeBomb_01
13AF43,Hero-Smokebomb_02
13B175,Hero-PoisonBomb_01
13B5E0,Fateshift_Kobold_BloodSpit
13B9B7,NPC_Breath_Scream_Medium
13BD5A,TRL-Hero_Chakram_Fire
13BD77,TRL-Hero_Chakram_Ice
13BD94,TRL-Hero_Chakram_Lightning
13BF86,TRL-Thresh_Emerge_01
13C5A4,TRL-Niskaru_Attack_01
13C6EC,Env_Boss_Balor_Army_Dust_01
13CA49,Spell_Lightning_Proj_Throw_hand
13DEA2,DGN_Well_Of_Souls_Magic_Stream_01
13E141,Crudok_Breath_Attack_01
13E1E3,Sound_Tempest_Charge
13E4AE,Leanashe_Heal_01
13E4B8,TRL-Leanashe_Heal_01
13E4BF,Leanashe_Heal_01_Impact
13E8AE,SHO_Torch_fxlight_01
13EE4E,DGN_WOS_Pool_Magic_01
13EE9E,WOS_Blue_Smoke_01
140795,Hero-Chakram_Flame_Impact_01
140839,Hero-Chakram_Ice_Impact_01
140BAC,Hero-Chakram_Flame_Delay_Attack_01
140C67,Hero-Chakram_Ice_Delay_Attack_01
140C6A,Hero-Chakram_Lightning_Delay_Attack_01
140CA8,Hero-Chakram_Lightning_End_Throw
140DAB,Hero-Chakram_Fire_End_Hands
140E6C,Hero_Chakram_Ice_End_Hands
140EB5,Hero-Chakram_Flame_End_Throw
140ED0,Hero-Chakram_Ice_End_Throw
141003,Hero-Chakram_Lightning_Impact
14163D,WOS_Pillar_Sparkles_01
141DFE,Human-Dazed_Intro
14298A,Hero-LevelUp
142C30,Fire_Torch_03
142C3B,WOS_Brazier_fxlight_01
142D83,Skill_Detect_Hidden_Door_Lg_01
143289,Skill_Detect_Hidden_Door_Lg_02
1432DB,Spell_Quake_Attack_02_Charge_Hand
143B3D,WOS_Brazier_fxlight_small_01
143E59,Skill_Detect_Hidden_Rocks_Sm_01
144188,Spell_Quake_Impact_Ground_03
14518E,Spell_Quake_Impact_Ground_01_Light
1454D5,Sorcerer_Cyclone_Proj_01
145655,Hero-Water_Splashes_Foot
1456DA,Hero-Water_Splashes_Torso
145B4B,Sorcerer_Shield_Idle
1474CC,Crate_Smash_02
14758D,Hero-Water_Splashes_Torso_Stationary
14761A,Spell_Quake_Vent_Gas_01
1477FF,Spell_Quake_Arm_Glow_01
147824,TRL-Spell_Quake_Hand
147845,Spell_Quake_Arm_Glow_03
147E53,Crate_Smash_04
14845E,Hero-Chakram_Fire_Charge_01
1485A2,FaeBlade_Fire_Dodge_Special
1486D3,FaeBlade_Ice_Dodge_Special
1486D6,FaeBlade_Storm_Dodge_Special
1486D7,FaeBlade_Poison_Dodge_Special
1488A3,Hero-Chakram_Fire_charge_02
14897F,Hero-Chakram_Fire_Charge_03
148B9F,Hero-Chakram_Storm_Charge_03
148BB5,Hero-Chakram_Storm_charge_02
148BF5,Hero-Chakram_Storm_Charge_01
148D92,Hero-Chakram_Fire_Charge_04
149043,Hero-Chakram_Storm_Charge_04
1493E9,Hero-Chakram_Ice_Charge_01
1493F2,Hero-Chakram_Ice_charge_02
149408,Hero-Chakram_Ice_Charge_03
14949D,Hero-Chakram_Ice_Charge_04
149FC5,Summoner_Fire_Ring_01
14A00A,Summoner_Heal_Trail
14A298,Dagger_Ice_Dodge_Special_Impact
14A2B1,Dagger_Fire_Dodge_Special_Impact
14A2BC,Dagger_Poison_Dodge_Special_Impact
14A2CD,Dagger_Storm_Dodge_Special_Impact
14A5BB,Sorcerer_AOE_Fire_Ring_01
14A5F2,Boss_Balor_Claw_Slam_01
14A608,Spell_Quake_Attack_03_Charge_Pop
14A957,Sorcerer_Ice_Attack_Conjure_01
14AA43,Sorcerer_Ice_Attack_Charge_Hand_01
14AC53,Sorcerer_Ambient_Body
14AD62,Sorcerer_Ice_Attack_Charge_Hand_02
14AD85,Sorcerer_Ice_Attack_Proj_01
14AD8E,Fire_Small_Windblown_02
14ADC0,Env_Boss_Balor_Army_flashes_01
14AE25,Sorcerer_Ice_Attack_Proj_01_Charge
14AEE0,Fire_Small_Windblown_03
14AF2D,Sorcerer_Ice_Attack_Cast_01
14B057,Env_Boss_Balor_Army_Arrows_01
14B264,Env_Boss_Balor_Army_Explosion_base
14B2C3,Env_Boss_Balor_Army_Explosion
14B88F,Balor_Scream_Breath
14BFD9,Sorcerer_Ice_Attack_Proj_01_Impact
14C491,Env_Boss_Balor_Army_Arrows_02
14C58C,Env_Boss_Balor_Army_Proj_Attack_01
14C630,Sorcerer_Mana_Drain_Attack_Swirl_01
14C636,Env_Boss_Army_Fireball_Proj_01
14C758,Sorcerer_Mana_Drain_Atk_01_FabEmit
14C774,Env_Boss_Balor_Army_Proj_Attack_01_Fire
14C7C3,Env_Boss_Balor_Army_Proj_Attack_02
14C7EA,Env_Boss_Balor_Army_Attack_02_Lightning
14C7FA,Env_Boss_Balor_Army_Attack_02_Lightning_impact
14CB41,Env_Boss_Balor_Army_Proj_Attack_02_Light02
14CBC5,Sorcerer_Mana_Drain_Proj_01
14CCAB,Env_Boss_Dust_Drip_01
14D330,Sorcerer_Mana_Drain_Proj_01_Impact
14D33A,Boss_Balor_Collapse_Dust
14D3E6,TRL-Spell_Ice_Barrage
14D3E9,Sorcerer_Mana_Drain_Attack_Succeed_Charge_01
14D3EC,Spell_Ice_Charge_01
14D408,Sorcerer_Mana_Drain_Attack_Succeed_01
14D43B,Sorcerer_Mana_Drain_Attack_Absorb_01
14D479,Sorcerer_Mana_Drain_Proj_Charge_01
14D52B,Spell_Ice_Barrage_Kickback
14D7CA,Hero-Wrath_Launch_01
14D7DB,Sorcerer_TripleProj_Fire_Proj_01_Charge
14D859,Sorcerer_TripleProj_Fire_Proj_01
14D99C,Sorcerer_TripleProj_Fire_Proj_01_Impact
14DA76,Malwyn_Teleport_Start_01
14DAB7,Malwyn_Teleport_Start_02
14DAB9,Malwyn_Teleport_Start_03
14DAD2,Malwyn_Teleport_Finish_01
14DAE1,Malwyn_Teleport_Finish_02
14DAE3,Sorcerer_TripleProj_Conjure_01
14DAF0,Malwyn_Teleport_Finish_03
14DB20,Malwyn_Teleport_Appear_Body_Smoke
14DB38,Malwyn_Teleport_Appear_01
14DBB2,Balor_EyeBeam_Fire_01
14DBC8,Balor_EyeBeam_Charge_01
14DC6C,Balor_EyeBeam_Fire_02
14DEEE,Sorcerer_TripleProj_Fire_Proj_01_ChargeStart
14EA6F,Sorcerer_Cyclone_Attack_Conjure_01
14EAA7,Balor_EyeBeam_Impact_01
14EB51,Sorcerer_Cyclone_Attack_01_Cast
14EBDD,Hero-Shield_Block_02
14EC1E,Sorcerer_Cyclone_Proj_01_Charge_Hand
14EE6F,Sorcerer_Cyclone_Proj_01_Spray_PartA
14EE7C,Tilera_Shield_deflect
14EF16,Spell_Ice_Attack_02_Cloud
14F2C6,Sorcerer_Cyclone_Proj_01_Impact
14F933,Sorcerer_RuneTrap_Fire_Explosion
14F93A,Sorcerer_RuneTrap_Fire_Spawn
1500B9,Bow_Flame_Arrow_NPC
1503D6,Env_Fae_Entrance_Open
1503E7,Sorcerer_RuneTrap_Fire_Deton_Proj_01
150920,Flashing_Blades_Proj_01
150940,Sorcerer_Mana_Drain_Attack_Drain_01
150B26,Boss_Bridge_Collapse_01
150C02,Boss_Bridge_Collapse_Impact_01
150C3A,Boss_Bridge_Collapse_Impact_02
150C43,Boss_Bridge_Torch_Fire_01
150C50,Boss_Bridge_Torch_Fire_Fall_01
150D7C,Boss_Bridge_Collapse_Split_01
150F08,Sorcerer_RuneTrap_Fire_Deton_Proj_02
15143E,Sorcerer_RuneTrap_Charge_Hand_02
1515E6,Env_Boss_NPC_Arrow_01
151605,Env_Boss_Arrow_Drawn_Fire_NPC
15285B,Sorcerer_Shield_Spawn_01_Mesh
152877,Sorcerer_Shield_Charge_Hand_01
152A4F,Sorcerer_Shield_Spawn_Point_01
15302E,Sorcerer_Shield_Spawn_01
1530F2,Sorcerer_Cyclone_Proj_02_PattA
153156,Sorcerer_Cyclone_Proj_02_PattB
1531AF,Sorcerer_Cyclone_Proj_02_PattC
1531B2,Sorcerer_Cyclone_Proj_02_PattD
1536CB,Sorcerer_Cyclone_Proj_02_PattE
1536D4,Sorcerer_Cyclone_Proj_02_PattF
15370D,Banshaen_Egg_Aura
153714,Banshaen_Egg_Burst
155710,WarCry_NPC_body_01
155767,WarCry_NPC_Body_02
155910,WarCry_NPC_Body_03
155CFE,Spell_Ice_Attack_02_Proj_Storm_01
155DD6,Spell_Ice_Attack_02_Proj_Pnt_01
155F06,Sorcerer_Fire_Wall_proj_01
156614,Sorcerer_Teleport_01
1566B0,Sorcerer_Teleport_02
15685E,Fire_Small_WindBlown_01
1569D7,Spell_Ice_Charge_02
157E93,Env_Boss_Passage_Collapse_01
157E9A,Env_Boss_Passage_Collapse_02
157EB5,Spell_Ice_Attack_02_Cast
157EE1,Spell_Ice_Charge_03
1580A8,Spell_Ice_Barrage_Charge_Cast_01
1580ED,Spell_Ice_Attack_02_Proj_Pnt_01_Despawn
1583B3,Env_Boss_Dust_Drip_Ext_01
15842D,Kobold_Bomb_Sparks_01
158665,Hero-Dust_Dodge
1586AF,Env_Boss_Dust_Drip_02
1586D0,Kobold_Bomb_Hold_01
158F3D,Sorcerer_Mana_Drain_Attack_Drain_02
1591F8,Fire_Small_Windblown_04
1592AF,Sorcerer_Shield_Spawn_01_Symbol
15980D,Spell_Ice_Charge_Symbols_01
159831,Spell_Ice_Charge_Hands_01
15ADE9,Env_Door_Magic_01
15B0FA,Urn_Smash_01
15B6F9,Ambient_Candle_Glow_01
15B7C7,Staff_Lightning_Attack_02_Impact
15BB2D,Boggart_Glow_Body_Tainted_01
15BB32,Boggart_Glow_Eyes_Tainted_01
15BED6,Spell_Lightning_Charge_hand_03
15BFC5,MQ10_Altar_of_Blinding_Light_01
15C222,Ambient_Candle_Glow_02
15C355,Spell_ShadowFlare_Attack_01
15D2B8,Spell_ShadowBlade_Proj_01
15D82E,Hero-Wrath_Impact_Final_01
15DBE7,Spell_ShadowBlade_Impact_01
15DC4B,Hero-Wrath_Launch_Trail_01
15DC86,TRL-Wrath_Launch_01
15DE03,Spell_ShadowBlade_Cast_01
15E0AD,Flashing_Blades_Proj_Release
15E0B9,Hero_Trap_Ice_01_Explosion
15E299,Flashing_Blades_Conjure
15E2D0,Flashing_Blades_Conjure_Hands_01
15E32B,Hero_Trap_Ice_01_Explo_Cloud
15F1C4,Staff_Fire_Attack_01_Proj_01
15F33F,Staff_Ice_Chg_Special_Staff_02
15F5F8,Staff_Fire_Charge_Special_Staff_02
15F65F,Staff_Fire_Attack_01_Light
15FB7B,Env_Boss_Wind_01
15FF51,BAL_Shrine_01
15FF6A,BAL_Shrine_Aura_01
1600CE,BAL_MiniLorestone_Aura_01
16055E,Hero-Wrath_Charge_Hands_01
16078F,Frost_Trap_Idle_01
161094,Hero-Wrath_Pulse_01
161260,Hero-Wrath_Impact_01
161A76,GO_LoreStone_Aura_Idle
161B64,Staff_Ice_Attack_03_Cast
161BCD,Thresh_Glow_Body_01
161BDA,OLD_Staff_Ice_Attack_03_Emerge
16230A,Ice_Impact_Small_01
162384,Staff_Fire_Charge_Special_Staff_03
1623B0,Staff_Fire_Chg_Special_AOE_03
16243D,Staff_Fire_Charge_Special_Staff_01
162442,Staff_Ice_Attack_03_Light
162488,Staff_Fire_chg_Special_trans_01
162531,Staff_Fire_Chg_Special_Trans_02
16256A,Staff_Lightning_Charge_Special_Staff_01
162837,WarCry_Cast
162BED,Balor_FateKill_Spike_02_mesh
162BFB,Magic_SteppingStone
162CB5,Balor_FateKill_Spear
162CC5,Balor_FateKill_Spike_01_Mesh
162D6B,Hero-Sword_Fire_Charge_01
162D89,Hero-Sword_Fire_Charge_02
162DDC,Hero-Sword_Fire_Charge_03
162DE8,Hero-Sword_Fire_Charge_04
162DF3,Hero-Sword_Fire_End_Hands
1633B1,Hero-Sword_Ice_Charge_01
1633BA,Hero-Sword_Ice_charge_02
1633CA,Hero-Sword_Ice_Charge_03
1633E3,Hero-Sword_Ice_Charge_04
1633E7,Hero-Sword_Storm_Charge_01
1633F1,Hero-Sword_Storm_charge_02
163404,Hero-Sword_Storm_Charge_03
16341B,Hero-Sword_Storm_Charge_04
163D9D,Staff_Fire_Chg_Special_AOE_01
163F5F,Staff_Fire_Chg_Special_AOE_02
1641CC,Hero-Sword_Poison_Charge_01
1641D7,Hero-Sword_Poison_charge_02
1641E9,Hero-Sword_Poison_Charge_03
1641F6,Hero-Sword_Poison_Charge_04
164950,Staff _Lightning_chg_Special_trans_02
164955,Staff_Lightning_Charge_Special_Staff_02
16496A,Staff_Lightning_Chg_Special_Staff_03
16499C,Staff _Lightning_chg_Special_trans_01
1649D1,Staff_Lightning_chg_Special_AOE_03
1649E1,Staff_Lightning_chg_Special_AOE_02
164A03,Staff_Ice_Chg_Special_trans_02
164A35,Staff_ice_chg_Special_AOE_02
164E2E,Staff_ice_chg_Special_AOE_01
164E55,Staff_Ice_Chg_Special_Staff_01
164E95,Staff_Ice_Chg_Special_Staff_03
164EAC,Staff_Ice_Chg_Special_trans_01
165E78,Staff_Fire_Chg_Special_AOE_03_Spawn
16602D,Staff_Fire_Chg_Special_AOE_03B
16623C,Staff_Lightning_chg_Special_AOE_01
166FF9,Staff_Lightning_chg_special_AOE_03_mesh
167A28,Warcry_AOE_Ring_01
167B4F,WarCry_Character_mesh
167E62,Hero-Wrath_Impact_Final_02
167EAC,Thresh_Glow_Eyes_01
1681F0,TRL-Warcry_Hand_01
16850C,FOR_Nyralim_Lantern_01
168583,WarCry_NPC_Idle_01
16859B,WarCry_NPC_Start_01
168C62,WarCry_NPC_Idle_02
168CA2,Hero-Sword_Charge_01
168CAF,Hero-Sword_Charge_02
168CC9,Hero-Sword_Charge_03
168CD7,Hero-Sword_Charge_04
168D75,FOR_Animated_Bridge_Debris_01
168DA4,Hero-Wrath_Slam_01
168FEE,Weapon_Lightning_Chain_Finish_01
1694F1,Leaves-Falling_01_Red
16951C,TRL-Murghan_egg_01
1696AD,Jottun_FrostShiko_Cast_01
1696E9,TRL_Jottun_Hammer_Ice_01
169C39,Jottun_FrostShiko_Charge_01
169D51,TRL-FrostShiko_Ice_Proj_01
169F76,Jottun_FrostShiko_Charge_02
16A364,Meteor_Impact_Tendril_Trail_01
16AB06,Summoner_Disk_Attack_Cast_01
16BF20,Wake_River_Splash_01
16BF5F,Fateshift_Gauntlet_Power_01
16C009,Fateshift_Gauntlet_Impact_Flash_01
16C0AF,Fateshift_Gauntlets_Large_Impact_01
16C173,Wake_Lake_Splash_01
16CB48,Niskaru_Hunter_Clawrip_Burst_01
16CE81,NiskaruHunter_SyncKill_Blood_Spray
16D4F1,Summoner_Disk_Attack_Charge_01
16D525,Summoner_Disk_Attack_Proj_01
16D5C7,Niskaru_Hunter_Ambient_01
16D605,Niskaru_Hunter_Chest_FX_01
16D729,Spell_MOF_NPC_01
16D7D0,Spell_MOF_NPC_01_Mesh
16D7D9,Spell_MOF_NPC_01_Glow_01
16DA99,Hero-Battle_Frenzy_aura_01
16DB39,Hero-Summon_FaerGorta_mesh
16DD8A,Summoner_Disk_Attack_Impact_01
16DDC7,Hero-Summon_Hand_01
16E0D6,Staff_Lightning_Chg_Spec_AOE_03_Arc_01
16E0F9,TRL-Summon_Hand
16E563,Dust-Impact_Medium_01
16E5EC,TRL-Kobold_Spear_Default_01
16E662,Hero-Lunge_Attack_Impact
16E66B,Kobold-Melee_Attack_Hvy_01_Body
16E670,Kobold-Melee_Attack_Hvy_GroundFX
16E738,Kobold_Spear_Impact_Medium_01
16EB44,Kobold_Celebrate_Impact_01
16EB9A,Kobold_Spear_Proj_Trail_01
16EFD3,Kobold_Bomb_Explode_01
16F20E,Kobold_Bomb_Explode_Ground_01
16F499,Kobold_Bomb_Explosion_Proj_01
16F54A,Hero-Summon_NPC_01
16F669,Summoned_NPC_aura_01
16F66D,Summoned_NPC_aura_02
16F68E,Summoned_NPC_aura_03
16F89B,Kobold_SmokeBomb_Explode_01
16F8A0,Hero-MOF_Prime_Hand_01
16FABC,Hero-Summon_NPC_Finish
16FDFA,Hero-Hammer_Fire_Charge_03
16FE08,Hero-Hammer_Fire_charge_02
16FE3E,Hero-Hammer_Fire_Charge_01
16FE41,Hero-Hammer_Ice_Charge_01
16FE4B,Hero-Hammer_Ice_charge_02
16FEC0,Hero-Hammer_Ice_Charge_03
16FED5,Hero-Hammer_Ice_Charge_04
16FEDE,Hero-Hammer_Storm_Charge_01
16FEEA,Hero-Hammer_Storm_charge_02
16FF07,Hero-Hammer_Storm_Charge_03
16FF3C,Hero-Hammer_Storm_Charge_04
16FF51,Hero-Hammer_Poison_Charge_01
16FF5F,Hero-Hammer_Poison_charge_02
16FF70,Hero-Hammer_Poison_Charge_03
16FF84,Hero-Hammer_Poison_Charge_04
16FFB9,Hero-Hammer_Default_charge_02
170166,Hero-Hammer_Default_Charge_04
170258,Banshaen-Dust_Trail_01
17025E,Hero-Hammer_Default_Charge_03
170294,Banshaen-Electric_Trail_01
17036F,Banshaen_Tail_Electric_Trail_01
1703FA,Banshaen_Tail_Electric_Impact_01
170938,TRL-Hero_Sword_2H_Fire_02
17094D,TRL-Hero_Sword_2H_Ice_02
17095E,TRL-Hero_Sword_2H_Lightning_02
170995,TRL-Hero_Sword_2H_Poison_02
170C58,Leanashe_Scream_Proj_01
170CA4,Fateshift_Human_02_Neckbreak_Burst
170DBA,Banshaen_Breath_Scream_01
170F04,Hero-MOF_Prime_NPC_01
171012,Ambient-GodRay_Large_03
171276,Leanashe_Scream_Proj_Imp_01
171634,TRL-Summon_NPC_01
171875,Leanashe_Breath_Scream_Medium_01
1718DC,Hero-Summon_NPC_Streams_01
1719C6,Leanashe_Scream_Proj_Cast_01
172067,Fateshift_Axe_Human_Mesh
172FB8,Hero-MOF_Execute_Fire_Hands
173123,Dive_Point_Default
17314D,Banshaen_CallStorm_Charge_01
173394,FXMesh-Banshaen_CallStorm_Cast_01
1734DF,FXMesh-Banshaen_CallStorm_Cast_01_Ring
173534,Banshaen_Egg_Impact
173687,Murghan_CallStorm_Charge_01
1736DC,Thresh_Proj_01
1737B9,Jottun_BellyBump_01
173951,Fateshift_Axe_Glow_01
17396A,Fateshift_Axe_Dissolve
173A59,Banshaen_DongleBolt_Charge_01
173AA8,Staff-Default_Block_Special_Mesh
173BC6,Human_Dust_Fall_Down_01
173BF8,Fateshift_Impact_Large_01
173D6D,Fateshift_Gauntlet_Human_02_L
173D7E,Fateshift_Gauntlet_Human_02_R
173DD8,TRL_Jottun_Hammer_Ice_01_Trail
173E58,Fateshift_Gauntlet_Niskaru_Hunter_L
173E5B,Fateshift_Gauntlet_Niskaru_Hunter_R
17409B,Thresh_Emerge
174295,Thresh_Charge_01
174385,Fateshift_Gauntlet_Dissolve
174411,Thresh_Proj_01_Release
174538,Banshaen_DongleBolt_Cast_01
174556,Thresh_Charge_02
174888,SonsOfLaz_Sword_Drag_Sparks_01
174907,Thresh_Proj_01_Impact
1749D6,TRL-SonsOfLaz_Sword_2H_Default
174EFB,Murghan_Buff_Charge_01
174F34,Fateshift_Mace_Leanashe_01
174F4A,Hero-MOF_NPC_Ignite
174FE6,TRL-FateShift_Mace_01
175028,Fateshift_Mace_Glow_01
17552E,Fateshift_Leanashe_Groundslam
17554F,TRL-Gnome_Sword_Default
175585,Fateshift_Mace_Dissolve
1755D0,Fateshift_Mace_Conjure
175CDB,TRL-FaerGorta_Axe_01
175F1E,TRL-Staff_Default_Block_Special
175F31,Staff-Default_Block_Special_Base
176012,Staff-FIre_Block_Special_Base
1760A4,TRL-Staff_Fire_Block_Special
1760A9,Fateshift_Hook_Banshaen_L_01
1760C9,FaerGorta_Player_Buff_Ambient_01
1760EB,TRL-Staff_Ice_Block_Special
176173,TRL-Staff_Lightning_Block_Special
17619D,Staff_Ice_Block_Special_Base
1761A2,Staff-Lightning_Block_Special_Base
176347,Staff-Fire_Block_Special_Mesh
176357,Staff_Ice_Block_Special_Mesh
17635B,Staff-Lightning_Block_Special_Mesh
1768F9,Murghan_CallTheStorm_AOE_Explo_01
176902,Thresh_Root_Attack_trail
176D71,Fateshift_Hook_Glow_01
177085,Grapple_Proj_01
177177,Banshaen_DongleBolt_01_Proj
1773B2,TRL-FateShift_Hook_01
177401,Fateshift_Hook_Dissolve
177BB4,TRL-Hero_Teleport_Body
177D0D,Jottun_FrostShiko_Charge_02_Pop
178046,TRL-Kobold_Dagger_Default
178170,Fateshift_Ground_Impact_Dirt_01
1782E5,Grapple_Proj_Impact
1783EC,Thresh_Root_Attack_Slam
178EB9,Thresh_Root_Attack_Impact
178F21,Hero-AdrenalineSurge_Start
178F8D,Hero-AdrenalineSurge_aura_01
179107,Hero-EnvenomedEdge_aura_01
179FE9,Hero-Desummon_FaerGorta_mesh
17A1A0,Fateshift_Energy_Burn_01
17A2C4,Blood_Fateshift_Spray_large_01
17A37E,Fateshift_Scythe_Crudock_01
17A42D,Grapple_Engage_01
17A4D1,Fateshift_Scythe_Glow_01
17A4FB,Fateshift_Scythe_Glow_02
17A5D5,Fateshift_Scythe_Dissolve_01
17A5DA,Fateshift_Scythe_Dissolve_02
17A6B1,TRL-FateShift_Scythe_01
17A6BD,Hero-Desummon_NPC_01
17A6C7,Hero-Desummon_NPC_Finish
17A777,FateShift_Crudock_Leap
17A9A9,TRL-Niskaru_Hunter_01
17A9E1,TRL-Niskaru_Hunter_02
17AA20,Trap_Magic_Mine_Fire_01
17AABF,Trap_Magic_Mine_Frost_01_Expl
17AC17,Trap_Magic_Mine_Poison_01_Expl
17B1DC,Trap_Lightning_Mine_FXmesh
17B1FB,Trap_Magic_Mine_01_Lightning_Expl
17B3B0,Hero-Desummon_Hand_01
17B41A,Poison_Gas_01
17B49E,Hero-Desummon_Hand_01_Finish
17B4A5,Poison_Pool_01
17B7BE,Bow_Arrow_Impact
17B934,Trap_Arrow_Trail_01
17BA20,FaerGorta_Healing_Proj_01
17BA31,Trap_Arrow_Trail_02
17BBF1,FaerGorta_Healing_Proj_Cast_01
17C153,FaerGorta_Player_Buff_Weapon_01
17C413,Thresh_Root_Attack_trail_Light
17C9F9,Hero-EnvenomedEdge_Start
17C9FF,Hero-EnvenomedEdge_Start_02
17CA06,Hero-EnvenomedEdge_Stop_01
17CA98,TRL-HealingSurge
17CA9F,Hero-HealingSurge_Mesh
17CAA4,Hero-FaeBlades_Fire_Charge_01
17CAAD,Hero-FaeBlades_Fire_Charge_02
17CABD,Hero-FaeBlades_Fire_Charge_03
17CAD0,Hero-FaeBlades_Fire_Charge_04
17CBBE,Hero-HealingSurge_Hands_01
17CD48,Hero-HealingSurge_Finish_01
17CE0A,Hero-FaeBlades_Ice_Charge_01
17CE13,Hero-FaeBlades_Ice_Charge_02
17CE23,Hero-FaeBlades_Ice_Charge_03
17CE34,Hero-FaeBlades_Ice_Charge_04
17CE37,Hero-FaeBlades_Storm_Charge_01
17CF3E,Hero-FaeBlades_Storm_Charge_02
17CF4A,Hero-FaeBlades_Storm_Charge_03
17CF53,Hero-FaeBlades_Storm_Charge_04
17CF56,Hero-FaeBlades_Poison_Charge_01
17CF61,Hero-FaeBlades_Poison_Charge_02
17CF73,Hero-FaeBlades_Poison_Charge_03
17CF80,Hero-FaeBlades_Poison_Charge_04
17D5FD,Hero-BladeHoning_aura_01
17D765,Hero-HealingSurge_Finish_Light
17DAF8,Magic_Ward_Idle_01
17DB92,Lab_Beaker_Steam_01
17DD03,FaeBlade_Fire_Charge_Special_01
17DDBF,Ambient_Dust_03
17E01C,FaeBlade_Ice_Charge_Special_01
17E01D,FaeBlade_Poison_Charge_Special_01
17E01E,FaeBlade_Storm_Charge_Special_01
17E0A7,MIN_Door_01_Open_door_Base
17E0AB,MIN_Door_01_Open_Sparks
17E0B2,MIN_Door_01_Open_bolts
17E0C2,SHO_Door_01_Open_Sparks
17EDE4,Hero-FaeBlades_Charge_01
17EDEF,Hero-FaeBlades_Charge_02
17EE01,Hero-FaeBlades_Charge_03
17EE13,Hero-FaeBlades_Charge_04
17EF3D,FaeBlade_Default_Charge_Special_01
17F3DF,Hero-Vengeance_01
17F6FF,Dagger_Default_Charge_Special_01
17F703,Dagger_Fire_Charge_Special_01
17F707,Dagger_Ice_Charge_Special_01
17F708,Dagger_Poison_Charge_Special_01
17F709,Dagger_Storm_Charge_Special_01
17F7DE,Hero-RelentlessAssault_Start
17F932,Lab_Beaker_Steam_02
17FB2C,Staff_Ice_Attack_02_Expl
17FD2D,Lab_Beaker_Steam_03
17FDDD,FXMesh-Moth_01_Single
17FE54,Lab_Beaker_Steam_04
180413,Extinguish_Flames_01
180D60,Channel_Magic_Energy_01
180DA2,Channel_Magic_Energy_Core_01
180E76,MagicEnergy_Impact_Large_01
1811C2,Magic_Explosion_Remains_01
181233,Faeblades_Fire_Parry_Impact_01
1812C1,Faeblades_Ice_Parry_Impact_01
1812C6,Faeblades_Storm_Parry_Impact_01
1812D7,Faeblades_Poison_Parry_Impact_01
1812DC,Faeblades_Default_Parry_Impact_01
181C33,Shadow_Walk_Effect_01
181E34,Hero-MOF_Proj_Impact
1822DD,GNO_Stained_Glass_Expl_01
18244E,Staff_Ice_Delay_Special_Cast_01
1827A9,Weapon_Ice_Chain_Finish_01
182810,Weapon_Poison_Chain_Finish_01
1830D0,Reckoning_Idle_Body_Aura_02
1830E6,Reckoning_Idle_Body_Aura_03
1832D9,Reckoning_Idle_Body_Aura_01
1832FA,Banshaen_DongleBolt_Proj_01_Impact
18336F,Reckoning_Idle_Eye_Aura_01
183406,Reckoning_Idle_Body_Aura_04
183432,Lab_Cauldron_Effects_01
18358C,Prismere_Troll_Eye_Aura_01
183EDE,Hero-DestinyChange_01
183F0A,Hero-Destiny_Idle_Body_Aura_01
183F0D,Hero-Destiny_Idle_Body_Aura_02
183F11,Hero-Destiny_Idle_Body_Aura_03
183FC0,Hero-BladeHoning_Start
183FEB,TRL-Hero_Hammer_Default
1841FF,Hero-DestinyChange_Flash
184246,Hero-FaerGorta_Heal_Buff
184A60,Hero-FaerGorta_Heal_Buff_Impact
184CCD,Summoner_Fire_Ring_02_Strike_Sparks_01
184D4A,Summoner_Fire_Ring_02_Start
1854DB,Mountain_Troll_Eye_Aura_01
1857D1,TRL-NiskaruHunter_Portal_Emerge_01
18582E,Summoner_Fire_Ring_AOE_01
1858FB,Tirnoch_Fire_Pillar
185AB7,Statue_Float_Effect_01
185B64,Tirnoch_Eye_Pulse_01
185B71,FXMesh-Decaler_01_Niskaru_Emerge
185D12,Tirnoch_Fire_Pillar_Start
185DEA,Niskaru_Hunter_Spawn_Portal_Emerge_01
185EC0,Sceptre_Lightning_Block_Special_Mesh
186A6C,Prismere_Chantry_Explosion_01
186F94,11_Greathammer_Unique_Symbols_01
18732A,Destiny_Stone_Glow_01
1873EE,Destiny_Stone_Dust_01
187467,Destiny_Stone_Dust_02
1874C2,Prismere_Chantry_Idle_FX_01
1878A9,Prismere_Chantry_Idle_FX_02
187BB8,FearGorta_Eye_Aura_01
187CE3,Tirnoch_Fire_Breath
187D37,Magic_Ward_Explosion_01
187DAE,Tirnoch_Scream_Breath
187E18,Tirnoch_Fireball_Charge
187EFA,Magic_Ward_Dispel_01
1880EE,FxMesh-wind_01
1881DB,Banshaen_Aggro_dust_01
188209,Banshaen_Ambient_Dongle
1887B9,Fateshift_Spear_Dissolve
1887BE,Rock_Troll_Eye_Aura_01
1887CB,Bow_Arrow_Impact_Charged
1887D4,Bow_Flame_Arrow_Impact_Charged
1887E1,Bow_Ice_Arrow_Impact_Charged
1887EA,Bow_Poison_Arrow_Impact_Charged
1887F5,Bow_Storm_Arrow_Impact_Charged
188814,Reckoning_Idle_Player_02
188CFB,Prismere_Chantry_Explosion_Large_01
1893FF,Boggart_Summon_01
189474,Boggart_Summon_Emerge_01
189A8F,Tirnoch_Prismere_Crystal_01
189B9C,Tirnoch_Prismere_Crystal_Expl_01
18A059,Tirnoch_Prismere_Crystal_02
18BA41,TRL-Niskaru_HO_Attack_01
18BA4A,Niskaru_HO_Mouth_Glow_01
18BA4D,TRL-Niskaru_HO_Charge
18BA59,Niskaru_HO_Warp_01
18BA98,Niskaru_HO_Glow_Distort_01
18BB26,Fateshift_Bow
18BB77,Niskaru_Hunter_Spawn_Portal_Emerge
18BB88,Fateshift_Bow_Dissolve
18BBA3,Niskaru_Emerge_Portal
18BBBB,Fateshift_Bow_Glow_01
18BBC6,Niskaru_Emerge_Portal_02
18BC07,Fateshift_Arrow
18BD10,Hero-ShieldBash_01
18BD63,Fateshift_Arrow_Dissolve
18BFD0,FateShift_Arrow_Charged_Trail
18BFDC,Niskaru_HO_Flame_attack_01
18BFE9,Niskaru_HO_Projectile_01
18C004,Niskaru_HO_Impact_Large_01
18C007,Niskaru_HO_Impact_Ring
18C012,Niskaru_HO_Fire_Blast
18C022,Niskaru_HO_Energy_01
18C030,Cow_Flies_01
18C065,Spider_Poison_Proj
18C094,TRL-Spider_Attack_01
18C10D,TRL-BearSlash_01
18C19E,TRL-Spider_Web_Proj_01
18C30C,Firefly_Glow_Cluster
18C4BF,Hero-Sword_2H_Def_dodge_Special
18C4EE,Spider_Bite_Cast_Poison_01
18C6C7,DET_Blowing_Dust_01
18C776,KLU_Low_Fog_01
18C7DA,Spider_Drool_01
18C847,Warsworn_Barrier_Retract_01
18CF3E,Hero-Sword_2H_Fire_dodge_Special
18D00F,Spider_Web_Proj_Impact_01
18D103,Hero-Sword_2H_Ice_Dodge_Special
18D142,Hero-Sword_2H_Lightning_Dodge_Special
18D2DF,Hero-Sword_2H_Poison_Dodge_Special
18D3BE,Shrine_Icon_Air_01_Idle
18D53C,Hero-Reckoning_Beam_Tirnoch
18EA4D,Hero-Reckoning_Beam_Tirnoch_Origin
18EA9E,Hero-Reckoning_Beam_Tirnoch_Impact
18EB84,Sceptre_Fire_Block_Sp_Impact_02
18ED32,Sceptre_Fire_Block_Special_Proj
18EFEC,Sceptre_Lightning_Block_Sp_Impact_02
18F19D,Sceptre_Ice_Block_Special_Proj_Impact
18F1A5,Sceptre_Ice_Block_Special_Proj
18F2AE,Fateshift_Arrow_Spawn_01
18F2D4,Cursed_Amulet_Hand_fx_01
18F326,Sceptre_Lightning_Block_Special_Proj_Imp
18F366,Cursed_Amulet_Head_fx_01
18F3C7,Spider_Web_Proj_Cast_01
18F3F6,Hex_Effect_01
18F669,Sceptre_Ice_Block_Special_Impact_02
18F71A,Shrine_Icon_General_01_Use
18F7FC,Windemere_Enchanted_FX_01
18F813,Windemere_Enchanted_Off_FX_01
18F887,Hammer_Unique_06
18F8C7,Shrine_Icon_Death_01_Idle
18F8CF,Shrine_Icon_Earth_01_Idle
18F8D7,Shrine_Icon_Fate_01_Idle
18F8E0,Shrine_Icon_Fire_01_Idle
18F8E8,Shrine_Icon_Justice_01_Idle
18F8F0,Shrine_Icon_Love_01_Idle
18F90B,Shrine_Icon_Mischief_01_Idle
18F913,Shrine_Icon_Order_01_Idle
18F91B,Shrine_Icon_War_01_Idle
18F925,Shrine_Icon_Water_01_Idle
18F92D,Shrine_Icon_Wisdom_01_Idle
18F946,Sceptre_Lightning_Block_Special_Proj
18FC78,Hero-Sword_2H_Parry_Special_Thrust
18FD61,Hero-Sword_2H_Def_Block_Special
18FD6C,Spider_Web_WrapUp_01
18FDFF,Hero-Sword_2H_Fire_Block_Special
18FE17,Hero-Sword_2H_Ice_Block_Special
18FE47,Hero-Sword_2H_Lightning_Block_Special
18FE61,Hero-Sword_2H_Poison_Block_Special
18FF12,CIN_00_00_010_Fog_LowHanging_Wide
18FFCE,CIN_00_00_010_Gurney_Wheel_Dust_01
190056,CIN_00_00_010_Foot_Dust_01
190092,Spider_Web_WrapUp_Arm_01
190145,Spider_Web_Wrap_BreakOut_01
190316,Tirnoch_CrystalAttack_Crystal_glow_01
190862,CIN_00_00_010_Gurney_Shadow_01
19090C,Hero-EtherealGuard_01
190A85,Hero-EtherealGuard_Cast_Hands_01
190C34,CIN_00_00_010_Gnome_Shadow_01
190D3B,Windemere_Ward_Door_Idle_01
190D4F,Fae_Teleport_Fx_01
190FA7,SCA_Sigil_01_Door
190FE5,Hero-EtherealGuard_Cast
191340,Fire_FireTrap_01_Idle
19137E,Corpse_Pile_Stench_01
191395,WOS_Slime_Fall_01
1914AB,Tirnoch_SplinterGuy_Spawn_01
191745,Spider_Web_TearOff_01
1917BC,CIN_00_00_010_BodyDump_Dust_01
19196B,Spider_Web_MashButton_01
191CDB,SkyCrown_Suicide_Fab_Spawner
192371,Lightning_Bolt_Small_01
1923AD,Lightning_Impact_Small_01
1925B8,TRL_Tirnoch_Crystal_Attack_Stage_01
192758,Lightning_Strike_Single_01_Spawner
192991,Lightning_Impact_Big_02
1929FF,Tirnoch_CrystalAttack_Mesh_01
192A04,Suicide_Lightning_Feet_Arc_01
192A07,Tirnoch_CrystalAttack_Mesh_02
192A0B,Tirnoch_CrystalAttack_Mesh_03
192ACF,Lightning_Impact_Big_02_AfterSmoke
193232,Lightning_Strike_Area_01_Spawner
193427,Lightning_Bolt_Big_01
19342E,Lightning_Strike_Single_Big_01_Spawner
1938C5,Suicide_Lightning_Body_Arc_01
1938CE,Suicide_Lightning_Smoke_Trail_01
193910,Suicide_Lightning_Arm_Glow_01
19392D,Tirnoch_Splinter_Sword_01
19394B,Tirnoch_Splinter_Shield_01
193976,Tirnoch_Splinter_Hammer_01
19398B,Tirnoch_Splinter_Chakram_01
193BEE,Tirnoch_Splinter_Dagger_01
193C0C,Tirnoch_Head_Slam_01
193C13,Suicide_Lightning_Body_Glow_01
193C4E,Suicide_Lightning_Levitate_01
193C66,Tirnoch_Idle_Nose_Breath
193C70,FAE_Pole_Idle_FX_01
193CAD,Tirnoch_Eye_Ambient_01
193F76,Wolf_Breath_01
193F7B,Tirnoch_Fog-LowFast_Wide
193FC5,Wolf_Howl_01
19400D,Tirnoch_Idle_Drool
194161,FXTest_smokeswirl
19425B,CIN_00_00_030_Blanket_Dust_01
194823,Tirnoch_Crystal_Attack_Release
194870,Test_Cluster_01
1948A3,FAE_Teleport_Fx_02
1948BC,FAE_Teleport_Hand_FX_01
19491C,TRL-FAE_Teleport_Hand_Trail_01
194945,Barghest_Arcane_Eyes_01
194AD5,GNO_TowerCollapse_Debris_01
194D27,Dagger_Default_Parry_Special_Impact
194D38,Barghest_Breath_01
194D4E,Barghest_Roar_01
195028,Hero_Evasion_01
195054,Tirnoch_Env_Smoke_01
195790,Invincibility_Status_Body_01
1959BE,Invincibility_Status_Arm_01
195A4C,Tirnoch_Crystal_Attack_Charge_01
196632,Invincibility_Status_Leg_01
1966F1,TRL-Fate_Splinter_Chakram
196A27,Wolf_Jaw_Blood_Trail_01
196A49,Tirnoch_Splinter_Sceptre_01
196B8B,Barghest_Arcane_Hackle_01
196CDD,Tirnoch_Eye_Crystal_Attack
19801F,Status-Fire_Idle_Body_Med_02
198057,PLN_Standing_Stone_Dust_01
1980AF,Hero-Sword_2H_Fire_Parry_Spec_Thrust
1980C1,Hero-Sword_2H_Ice_Parry_Spec_Thrust
1980CF,Hero-Sword_2H_Lightning_Parry_Spec_Thrust
1980D6,Hero-Sword_2H_Poison_Parry_Spec_Thrust
198505,Status-Poison_Idle_Body_Med_01
19864E,Fire_Medium_01_with_light
198A2B,Hero-Chakram_Fire_Dodge_Special_01
198A2C,Wave_Crash_Spray_01
198F80,Hero-Chakram_Ice_Dodge_Special_01
198F9A,Hero-Chakram_Storm_Dodge_Special_01
1991AC,Invincibility_Status_Body_LIGHT
199257,Chakram_Fire_Dodge_Special_Impact
199294,Chakram_Ice_Dodge_Special_Impact
1992B7,Chakram_Storm_Dodge_Special_Impact
19930E,Waterfall_Spray_02
1994D4,Crudok_Idle_Eye_Aura_01
199887,Barghest_Arcane_Atk_Trail_02
199AD8,Status_Dazed_Med_Idle
199ADF,Status_Dazed_Med_Intro
199B25,Crudok_Idle_Head
199B37,TRL-Crudok_Tail
19A64B,Windemere_Ward_Idle_01
19A815,Wolf_Bite_01
19A8A6,Spider_Emerge_01
19AAE6,Barghest_Arcane_Atk_Bite_01
19B121,Blood_StealthKill_Spray_01
19B293,CIN_00_00_010_Gurney_Shadow_local_01
19B2CC,Lightning_Env_01_Mesh
19B339,Lightning_Bolt_Env_01
19B347,Lightning_Env_01_Light
19B97E,Crudok_Tail_Stab_Impact_01
19BA1B,Crudok_Proj_02
19BA28,Crudok_Emerge
19BA3F,Crudok_Emerge_Tail
19BB8D,Reckoning_Idle_Eye_Aura_01_F
19BC3C,Crudok_Groundslam_01
19BCA5,Status-Fire_Off_Body_Lrg
19BCEF,Status-Lightning_Off_Body_Lrg
19BD2B,Status-Poison_Idle_Body_Lrg_01
19C05A,Maid_Windemere_Warp_Fx_01
19C266,SCA_Frost_01_Expl
19C5A6,SCA_Statue_Fire_01
19C5A8,SCA_Statue_Snow_Effect_01
19D307,Tirnoch_Impact_01
19D719,Faeblade_Default_Delay_Special_01
19D88F,Faeblade_Ice_Delay_Special_02
19D8B0,SCA_Statue_01_Lightning_Expl
19D8F7,Faeblade_Fire_Delay_Special_02
19D8F8,SCA_Statue_Storm_Cloud_01
19D93A,Faeblade_Storm_Delay_Special_02
19D962,SCA_Statue_Lightning_Ball_01
19DA22,SCA_Statue_Ice_Ball_01
19DA2D,Faeblade_Poison_Delay_Special_02
19DC6C,Faeblade_Fire_Delay_Special_01
19DC71,Faeblade_Ice_Delay_Special_01
19DC7F,Faeblade_Storm_Delay_Special_01
19DC82,Faeblade_Poison_Delay_Special_01
19DD96,FAE_Urn_Smash_01
19DF5B,Sorcerer_Cyclone_Proj_04
19E08F,SCA_Electric_Ground_Aura_01
19E092,Tirnoch_Splinter_Faeblade_01
19E311,SmokePlume_MelSenshir_01
19E53D,PrismereCrystal_Amb_Lrg_01
19E5C9,Tirnoch_Fate_Proj_Impact
19E6B2,Splinter_Summon_Eye_Aura_01
19ED20,Weapon_Default_Impact_Splinter
19ED73,Blood_Continuous_01
19EE67,Tirnoch_Fire_Breath_AOE
19F0F2,Tirnoch_Fate_Summon_Release_01
19F172,DustDevil_Debris_01
19F256,DustDevil_Debris_02
19F353,Tirnoch_Head_Collapse_01
19F362,Magic_Transform_Smoke_01
19F6F6,KLU_Fog-LowHanging_Wide
19F727,KLU_Embers_Falling_01
19F7BE,Tirnoch_Prismere_Crystal_Expl_02
19FD15,Mirage_Fx_01
19FDB4,Hero-EHarmony_Flame_Blast_01
19FDFD,Willow_Wisp_Idle
19FEDD,Gallows_Tree_FX_01
19FF01,Gallows_Tree_Blobs_01
1A0169,Balor_EyeBeam_01
1A02F9,Ice_SnowFlakes_Amb_Falling_01
1A0E9E,Spell_Lightning_Bolt_Core_Strike
1A0EFB,Ice_FogPatch_Amb_01
1A0F30,Ice_Small_02_Torch
1A1161,Spell_EHarmony_IceBomb_Mesh
1A1173,Gallows_Tree_FX_02
1A125C,DET_Heat_Distortion_Fx_01
1A1333,Body_Flies_01
1A17FD,Ice_FogPatch_Flat_Amb_01
1A183A,Murghan_Egg_Splatter
1A1C64,Magic_Transform_PreSparkle_01
1A274C,Gadflow_Projection_Amb_Body
1A2979,Blood_Continuous_02
1A2BF6,Terror_NPC_Status_Body_01
1A2C27,Terror_NPC_Status_Body_Start_01
1A311F,Spell_Lightning_Hand_Trans
1A31E3,Hero-Summon_Arm_Aura
1A33FE,Faeblade_NPC_Charge_Enter_01
1A3451,Faeblade_NPC_Berserk_Enter_01
1A345F,TRL-NPC_FaeBlades_Default
1A3477,Terror_NPC_Status_Body_Med_01
1A34BB,Hero-MysteriousToxins_Large
1A3619,Swimming_Water_Ripples_01
1A3685,Swimming_Water_Ripples_Fast_01
1A37B8,Hero-Teleport_FighterMage_Pop
1A37F3,TRL-Hero-Teleport_FighterMage_Hand
1A3824,Hero-Teleport_FighterMage_Body_Trail
1A3A2B,TRL-Hero-Teleport_RogueMage_Hand
1A3A69,Hero-Teleport_RogueMage_Pop
1A3DEB,Terror_Lightning_Bolt_Small_01
1A3DF9,Terror_Lightning_01_Spawner
1A463F,TRL-EHarmony_Ice_01
1A464C,Bow_Flame_Arrow_Charge_02
1A466C,Hero-EHarmony_Ice_Expl_01
1A4942,Hero-EHarmony_IceBomb_Charge_01
1A49BD,Hero-EHarmony_IceBomb_Power_01
1A4A5A,TRL-Hero_Celerity_Hand_01
1A4AC7,Hero-EHarmony_IceBomb_Power_02
1A4BEE,Hero-EHarmony_Flame_Blast_02
1A4C1C,Bow_Fire_Block_Spec_Cast_01
1A4C26,Bow_Default_Block_Spec_Cast_01
1A4C6C,Bow_Ice_Block_Spec_Cast_01
1A4C85,Bow_Storm_Block_Spec_Cast_01
1A4C95,Bow_Poison_Block_Spec_Cast_01
1A4DEA,SCA_Fire_Ground_Aura_01
1A4EE7,SCA_Ice_Ground_Aura_01
1A4F8C,Status-Berserk_Idle_Body_01_
1A5022,Hero-EHarmony_Storm_Pulse_01
1A5274,Hero-EHarmony_Ice_Hands_01
1A54A7,Bow_Block_Spec_Default_Arrow_Trail_01
1A54B4,Bow_Block_Spec_Flame_Arrow_Trail_01
1A54C1,Bow_Block_Spec_Ice_Arrow_Trail_01
1A54E7,Bow_Block_Spec_Poison_Arrow_Trail_01
1A54EB,Bow_Block_Spec_Storm_Arrow_Trail_01
1A54FE,Hero-EHarmony_Storm_Hands_01
1A5FB5,Hero-Water_Splashes_Swim_Hands
1A6502,FaerGorta_Desummon_Eyes
1A6825,Fate_Echo_Idle
1A696F,Fateshift_Spike_Human_04
1A6A53,FateShift_Spike_01
1A6A87,TRL_Fate_Echo_01
1A6C4A,Status-Berserk_Start_Body_01
1A6CED,Status-Berserk_Off_Body_01
1A76C3,Fateshift_Spike_Ground_Aura_01
1A78A6,Skycrown_Top_Lightning_01
1A83EA,Balor_Swipe_Dust_01
1A840B,Bow_BlockSpec_Default_Arrow_Impact_Charged
1A841F,Bow_BlockSpec_Flame_Arrow_Impact_Charged
1A842C,Bow_BlockSpec_Ice_Arrow_Impact_Charged
1A8435,Bow_BlockSpec_Poison_Arrow_Impact_Charged
1A8440,Bow_BlockSpec_Storm_Arrow_Impact_Charged
1A84F7,GO_LoreStone_Aura_Purple
1A850E,GO_LoreStone_Aura_Orange
1A86CC,ALA_Crystal_Prismere_Explosion_01
1A8815,Status-Berserk_Idle_Body_01_Lrg
1A8818,Status-Berserk_Off_Body_01_Lrg
1A8822,Status-Berserk_Start_Body_01_Lrg
1A89C3,Status-Berserk_Idle_Body_01_Med
1AA805,Blood_Fateshift_Spray_Med_01
1AAB9D,Staff_Delay_Ice_Spurt_01_Sml
1AB3CB,CIN_01_01_Smoke_Hall_Area_01
1AB4FA,CIN_01_01_Blood_Spray_01
1AB634,Blood_Fateshift_Dribble_Med_01
1AB64E,Blood_Fateshift_Dribble_SM_01
1AB78A,CIN_01_01_Blood_Trail_01
1AB82C,CIN_01_01_Dust_Falling_01
1ABAC0,CIN_01_00_110_Fire_Large_01
1ABACC,CIN_01_00_110_Fire_Large_02
1ABB05,Boss_Balor_Claw_lift
1ABB77,CIN_01_00_110_Blowing_Ash_Embers_01
1ABE29,CIN_01_01_Blood_Leak_01
1ABE4E,CIN_01_00_110_Low_Smoke_01
1ABE8B,CIN_01_01_Blood_Stab_01
1ABF92,CIN_01_01_Smoke_Door_Open_01
1AC2DD,Lightning_Env_Smoke
1AC530,CIN_01_01_Smoke_Hall_BkGrnd_01
1AC649,CIN_01_01_Hall_Collapse_01
1AC651,CIN_01_01_Hall_Collapse_02
1AC8DE,DOK_Door_01_Open_Sparks
1AC904,CIN_01_01_Hall_Dust_Linger_01
1AC930,CIN_01_00_130_Sword_Sparks_01
1AC9A2,CIN_01_00_130_Blood_Spray_Med_01
1AD141,CIN_03_05_Balor_Intro_Fog
1AD205,CIN_01_00_130_Blood_Burst_Med_01
1AD226,CIN_01_00_Blood_Trail_01
1AD31F,Hero-Last_Stand
1AD398,CIN_01_00_Blood_Trail_02
1AD5BC,CIN_01_00_100_Fog_LowHanging_Wide
1AD5CF,CIN_01_00_100_GodRays-Dest_Highlight_01
1AD66C,Hero-CutThroat_Imp_01
1AD9D1,CIN_01_00_170_soldier_foot_dust_01
1ADA84,CIN_01_00_130_Blood_Spray_Med_reverse_01
1ADC3F,Nyralim_Idle
1ADEB2,Hero-CutThroat_Status_01
1AE8FE,Tirnoch_Fateshift_Crystal_01
1AEB5C,CIN_01_00_090_Gadflow_Sword_Fx_01
1AEC87,TRL-CIN_01_00_090_Gadflow_Sword
1AECE0,ShadowPrism_Trails_01
1AED07,ShadowPrism_Idle_Burn_01
1AEF02,ShadowPrism_Trails_Pop_01
1AF266,ShadowPrism_FXMesh_Trail_Spawner_01
1AF29A,CIN_01_00_090_Head_Blood_Spray_01
1AF470,ShadowPrism_Fountain_01
1AF540,ShadowPrism_FXMesh_Trail_Spawner_02
1AF83F,Troll_Door_Ram_MelSenshir
1AF94E,Grapple_Engage_02
1AF9D3,ShadowPrism_Trails_Launch_01
1AFC51,Reagent_BlackCohosh
1AFC5F,Reagent_BlazeBloom
1AFC93,Boss_Balor_Claw_Slam_Large
1AFCEB,Leaves-Falling01_Blue
1AFCEE,Leaves-Falling01_Orange
1AFCF1,Leaves-Falling01_Yellow
1AFCF6,Leaves-Falling01_White
1AFFA3,Staff_Fire_Delay_Special_Cast_01
1AFFC8,Staff_Storm_Delay_Special_Cast_01
1B004A,Staff_Delay_Ice_Imp_01_Sml
1B01E9,Staff_Delay_Storm_Imp_01_Sml
1B0277,Hero-CutThroat_Start_01
1B02E1,Staff_Delay_Fire_Imp_01_Sml
1B0362,Blood_Fateshift_Spray_Boss
1B194C,Execution_Blood_Explo_01
1B1A6E,Blood_Fateshift_Spray_Boss_02
1B1AC3,CIN_01_00_090_Blood_Pool_01
1B1ED8,Balor_Fatekill_Spike_Glow_01
1B1F23,Balor_FateKill_Spike_01B_Mesh
1B1FB8,Sprite_PreEmerge_Ball_01
1B232B,Balor_FateKill_Spike_01_BranchEarly_Mesh
1B239A,Balor_Fatekill_Spike_Dissolve
1B24CC,Lightning_Bolt_Small_02
1B2604,Balor_Fateshift_Impact_Beam
1B26E1,Balor_EyeBeam_Fateshift
1B2701,Balor_EyeBeam_Fateshift_Impact
1B277A,Fate_Shield_Mesh
1B3787,Execution_Blood_Explo_01_Lrg
1B3B62,Tirnoch_Fateshift_Head_Puncture
1B3DAB,TRL-Tilera_Beam_Block_01
1B403A,ShadowPrism_Fountain_01_Fizzle
1B515A,INT_Vil_Hidden_Door_Open
1B52EC,Bolgan_Sharpening_Sparks_01
1B5406,Status-Blood_Large_01_Z
1B5613,Status-Blood_Large_01_X
1B57AD,Status-Blood_Large_01_Y
1B5806,TRL_Balor_Fatespike_01
1B58B4,Dust_BodySlam_Human_01
1B5918,Lightning_Bolt_Balor_Spike_01
1B5E9A,Balor_Spike_Impact_Arcing
1B630A,Env_GearSystem_Dust_01
1B632C,Sprite_Emerge_01
1B6331,Env_GearSystem_Dust_02
1B6481,DOK_FallingDebris_01
1B64C4,DOK_FallingDebris_02
1B6D90,Balor_Eyebeam_Cooldown_01
1B6E6E,Blood_Fateshift_Spray_Balor_Eye
1B73B7,Balor_Fate_Spike_Impact
1B73FC,Fate_Shield_Balor_Glow
1B74CE,Balor_Claw_Slam_Rubble_01
1B7689,Fateshift_Mace_01_Mesh
1B7FAC,Fateshift_Gnome_Trail
1B8118,HarmonicOverload_Storm_Proj_01
1B8122,HarmonicOverload_Ice_Proj_01
1B812F,HarmonicOverload_Fire_Proj_01
1B83CC,WOS_Exploding_Wall_01
1B8CC3,WOS_Tuatha_CrystalBomb_Expl
1B8D5B,TRL-Troll_Attack_02
1B8D8A,WOS_Tube_Explosion_01
1B9092,Hero-Bulwark_Imp_01
1B912C,WOS_BodyBurn_01
1B9625,WOS_Magic_Energy_Top_Base_01
1B9745,Quest_FP05_WaterFall_Sml01
1B9904,CIN_03_01_FogBank_Huge_01
1BA1B6,Fire_WOS_SpiderWeb_Door_01
1BA484,CIN_03_01_WaterMist_01
1BA626,CIN_03_01_Ship_Wake_01_LR
1BADC6,Critical_Hit_Justframe
1BB3D1,TRL-CIN_03_05_005_Sword
1BB81C,CIN_03_01_Ship_Wake_01_HR
1BC031,CIN_03_01_Ship_Splash_Fnt_01
1BC2E5,CIN_03_01_20_Wind_01
1BC3C1,KLU_Hidden_Door_01_Dust
1BC8E3,Niskaru_HO_Emerge_Portal_02
1BC8F7,Niskaru_HO_Emerge_Portal
1BCC09,HarmonicOverload_Release_01
1BD15E,Niskaru_HO_Charge_Up_AOE_01
1BD163,CIN_03_05_040_Magic_Charge_01
1BD1CD,Niskaru_Claw_Slam_Fire
1BDE42,CIN_03_03_Blood_Leak_01
1BE0A9,Offset_Problem_Test_01
1BE7B8,Chantry_Crystal_Beam_01
1BE7C6,Sorcerer_Aggro_Hand_01
1BED22,Blood_Fateshift_Spray_SM_01
1BF44F,Fateshift_FaeBlade_Glow
1BF450,Fate_FaeBlade_Spider_Mesh
1BF52E,Fateshift_FaeBlade_Dissolve
1BF533,TRL-Fateshift_Faeblade
1BF786,Hero-Fate_Filled_Body_Aura_01
1BF79E,Hero-Fate_Filled_Body_Aura_02
1BF7A7,CIN_03_03_Ambient_Smoke_01
1BF7AD,Hero-Fate_Filled_Body_Flash_01
1BF7E0,Hero-Fate_Filled_Body_Flash_02
1BFCDF,CIN_03_05_040_Magic_Explosion_01
1BFD60,CIN_03_05_040_Magic_Explosion_02
1C011E,Chantry_Beam_Impact
1C0E0E,MQ_War_Heart
1C1271,Waterfall_base_large_01
1C312F,Ettin_Breath_Scream
1C395A,Waterfall_bottom_WOS_Blue
1C3D3E,Harmonic_Overload_Core_01
1C47A4,Harmonic_Overload_Ground_01
1C4F8D,Balor_EyeBeam_Tilera_Impact
1C54BA,HarmonicOverload_Orbit_Ice_Proj_01
1C5500,HarmonicOverload_Orbit_Storm_Proj_01
1C5520,HarmonicOverload_Orbit_Flame_Proj_01
1C5E1F,CIN_03_03_Blood_Spray_01
1C6340,Harmonic_Overload_Release_02
1C687C,CIN_03_03_Tilera_Arrow_Smoke_01
1C6CA7,CIN_03_03_280_Blood_Spray_01
1C750F,Hero-Water_Splashes_Torso_Idle_02
1C7522,Hero-Water_Splashes_Torso_02
1C7531,Hero-Water_Splashes_Foot_02
1C978F,CIN_03_04_010_Blood_Spray_Med_01
1C97C6,CIN_03_04_050_RockCollapse_01
1C9843,CIN_03_04_050_RockCollapse_Impact_01
1C984B,Bow_Block_Special_Mesh_Arrow_01
1C98B6,CIN_03_04_050_RockCollapse_Impact_02
1C98CC,CIN_03_04_Balor_Eye_Blood_01
1C98DE,CIN_03_04_Blood_Dribble_01
1C98F1,CIN_03_04_040_Blood_Spray
1C990A,CIN_03_04_040_Balor_Tail_Impact_01
1C991F,CIN_03_04_060_Balor_Head_Impact_01
1C995F,Bow_Block_Special_FXMesh_Flame_01
1C99DF,Spell_Meteor_Mesh
1C9A0E,Bow_Block_Special_FXMesh_Ice_01
1C9A11,Bow_Block_Special_FXMesh_Poison_01
1C9A14,Bow_Block_Special_FXMesh_Default_01
1C9A1B,Bow_Block_Special_FXMesh_Storm_01
1C9C70,CIN_03_04_060_Balor_head_Impact_02
1C9F78,CIN_03_04_030_Balor_leg_Impact_01
1CA1CA,Status-Poison_Start_Large_01
1CA6A1,CIN_03_04_Env_Battle_Dust_01
1CAA0B,CIN_03_04_Battle_Army_Arrows_01
1CAE94,CIN_03_04_Fire_Large_02
1CAEA1,trail test
1CAF7D,CIN_03_05_050_Tilera_smoke
1CB05C,CIN_DGN_WOS_Pool_Magic_01
1CB103,CIN_03_03_280_Spear_Impact
1CB164,CIN_03_03_260_Beam_Impact_01
1CB189,CIN_03_03_140_Blood_Drip
1CB237,Balor_Breath
1CB2DF,CIN_03_03_140_Blood_Cough
1CB36A,CIN_03_03_260_Tilera_death_arms
1CB37A,CIN_02_01_Codex_Use_01
1CB37D,CIN_03_03_260_Tilera_death_legs
1CB3B9,CIN_03_03_260_Tilera_death_body
1CB40C,CIN_02_01_Codex_Use_Surround_01
1CB849,Hero-FlashingBlades_Proj_Impact
1CB91F,CIN_03_05_Balor_EyeBeam_01
1CB95C,CIN_03_05_Balor_Beam_Impact_01
1CB9D5,Hero-Gambit_Trap_Expl_01
1CBAA3,Hero-Gambit_Idle_01
1CBBF3,Spell_Gambit_Impact_01
1CBC78,Spell_Gambit_Proj_01
1CBED1,CIN_06_01_Tirnoch_Cave_Fog
1CC298,Spell_Gambit_Charge_02
1CC2A1,Spell_Gambit_Charge_01
1CC2D7,CIN_DGN_WOS_Amb_WaterDrip_01
1CC2DA,CIN_DGN_WOS_Amb_WaterDrip_Single
1CC65A,CIN_02_01_Codex_Use_Zips_TRL_01
1CC743,CIN_02_01_Codex_Use_02
1CCCCA,CIN_02_01_Codex_Use_Surround_Distort_01
1CCCD9,WOS_Allestar_Collapse_01
1CCD4C,WOS_Allestar_Collapse_02
1CCFA8,CIN_02_01_Codex_Use_03
1CD05D,Dust-Footstep_Human_Run_Turn_01
1CD244,CIN_06_01_Door_Lightrays_01
1CD2B1,CIN_06_01_Gadflow_Aura_01
1CD2F4,CIN_06_01_Tirnoch_Eye_Magic
1CD8BF,CIN_03_03_Spear_Glow
1CD8CA,CIN_06_01_Door_Open_Mist_01
1CD92D,CIN_03_03_Dust_Knockdown_01
1CD938,CIN_03_03_140_Blood_Drip_Close
1CD9CF,CIN_02_01_Codex_Grow_01
1CDB88,CIN_03_02_Battle_Dust
1CDDC2,CIN_02_01_Ice_Fog_01
1CDDCF,CIN_02_01_Ice_Fog_01_Small
1CDDD6,CIN_03_02_BLood_Archer_Smash
1CE220,TRL_Tirnoch_Fateshift_Crystal
1CE324,TRL-Tirnoch_Fateshift_player_launch
1CE42F,Hero-Tirnoch_Fateshift_Launch
1CECC7,Staff_Fire_Attack_01A
1CEE72,Staff_Storm_Attack_02
1CEF42,Staff_Ice_Attack_02_Proj_01
1CEFA9,Staff_Ice_Attack_02A
1CEFB9,Ettin_Bodyslam
1CF10A,CIN_03_04_Blood_Fateshift_Spray_Balor_Eye
1CF206,Staff_Ice_Attack_02_LIGHT
1CF273,Chicken_Breath_Attack
1CF27A,Tirnoch_Fateshift_Breath
1CF692,Tirnoch_Fateshift_Crystal_Impact_01
1CF6E3,Thresh_Proj_Charged_01
1CF6EF,CIN_06_01_Door_Open_Mist_01_Full
1CF90A,Tirnoch_Fateshift_Falling_Debris
1D0227,Staff_Fire_Attack_03_Emerge
1D0270,Tirnoch_Fateshift_Final_Impact
1D0324,Staff_Storm_Attack_03_Bolt_Small_01
1D0337,Staff_Storm_Attack_03_Bolt_Imp_01
1D03E6,Staff_Storm_Attack_03_Orb_01
1D0561,Staff_Storm_Attack_03_Orb_Charge_01
1D06FA,CIN_06_01_Gadflow_PreBurn_01
1D070D,CIN_06_01_Gadflow_Burn_aura
1D0712,CIN_06_01_Gadflow_Burn_aura_02
1D072D,CIN_06_01_Gadflow_Burn_Fire_01
1D078D,Staff_Ice_Attack_03_EmergeA
1D07A6,CIN_06_01_Gadflow_Burn_Fire_02
1D0F04,WOS_LightingMagic_Device
1D0FB9,Hero-Water_Splashes_Jump
1D0FD3,WarCry_Character_mesh_F
1D1033,CIN_03_02_FootDust_Area_01
1D128C,CIN_03_02_Blood_Spray_Arrow
1D1379,CIN_03_02_Troll-Dust_Walk_Fist
1D1396,CIN_03_02_Dust-Footstep_Human_01
1D15C7,CIN_03_02_FootDust_Group_Charge_01
1D1B89,TRL-Hero_Staff_Fire_Big
1D1B92,TRL-Hero_Staff_Ice_Big
1D1B97,TRL-Hero_Staff_Lightning_Big
1D1C63,Fateshift_Dust_BodySlam_Human_01
1D1C76,FateShift_Human_05_Sword_Mesh
1D1C7B,Fateshift_Sword_1H_Glow_01
1D1CCA,Fate_Reckoning_Exit_01
1D1CD5,Fateshift_Balor_Player_hands_recover
1D1CDC,Fateshift_Balor_Eyebeam_Impact_Dust
1D1F91,Balor_Fateshift_Player_Smoke
1D2491,Balor_Incapacitated
1D2505,Balor_fateshift_Eye_Charge_Start
1D2B47,Chicken_Death
1D2C3C,Human_NCI_Mining_Sparks_01
1D2CF8,Human_NCI_Sagecrafting_Orb_01
1D2EB0,Human_NCI_Mining_Sparks_01_Reversed
1D2EC2,Human_NCI_Feed_Chickens_01
1D2F2D,Human_NCI_Sweeping_01
1D2F4A,Human_NCI_Blacksmithing_Sparks_01
1D31AC,FateShift_Thresh_Final_Impact
1D3649,TRL-Kobold_Javelin_Slam_02
1D3903,Human_NCI_Sagecrafting_Orb_Pop_01
1D3960,Brownie_Pestilent_Glow_Body
1D4458,Human_NCI_Sweeping_01_G
1D4464,TRL-Human_NCI_SpellDrawing_01
1D44BA,Human_NCI_Spell_Cast_01
1D4594,Human_NCI_SpellCast_Charge_01
1D4753,Human_NCI_Spell_Cast_01_LIGHT
1D4D0B,Blood_Fateshift_Spray_SM_02
1D53DF,Crudok_Fateshift_Eye_Aura_01
1D53EC,Human_NCI_Shovel_01
1D5408,Human_NCI_Shovel_01_Fling
1D5586,Fateshift_Death_Fire
1D565A,Human_NCI_Raking_01
1D56B3,Tirnoch_Fateshift_Final_impact_02
1D56D3,Human_NCI_Hoeing_01
1D5737,Human_NCI_Raking_01_G
1D577A,Human_NCI_Shovel_01_G
1D5784,Human_NCI_Shovel_01_Fling_G
1D57AA,Human_NCI_Hoeing_01_G
1D57BB,Human_NCI_Weeding_01
1D57D8,WOS_FallingDebris_01
1D57F5,WOS_FallingDebris_02
1D58EF,Reagent_Fate
1D5A4F,Gadflow_Rune_summon_hands
1D5A58,Gadflow_Eye_Aura_01
1D5A83,Gadflow_Rune_Summon_start
1D5B7F,CIN_06_01_Tirnoch_Cave_Fog_02
1D600D,Agarth_Dialog_Destiny_Reading_01
1D60C7,MOF_Cast_AOE_01
1D6125,Hero-MOF_Execute_Blast
1D6137,MOF_Execute_Eye_Aura_01
1D6187,Hero-MOF_Execute_Symbol
1D6229,TRL-MOF_Execute_hands
1D6234,Agarth_Dialog_Destiny_Reading_Fighter
1D6239,Agarth_Dialog_Destiny_Reading_Mage
1D623C,Agarth_Dialog_Destiny_Reading_Rogue
1D63AE,MOF_Execute_Eye_Aura_01_F
1D63C9,Spell_Ice_Barrage_Proj_Impact
1D63CB,FateShift_Test_00
1D6411,Spell_IceBarrage_Cast
1D6586,Human-Dazed_NPC_Body
1D66EF,Hero-MOF_Execute_trails
1D672F,TRL-MOF_Cast
1D673E,Reckoning_NPC_Incap_XP_Release
1D68C5,Status-Fire_Idle_Arm_Med_01
1D695F,CIN_03_03_Balor_EyeBeam
1D699F,CIN_03_03_Spear_Impact
1D6B7F,Human_NCI_SummonKneeling_01
1D6BA4,Human_NCI_SummonKneeling_02
1D6BDE,Hmn_NCI_SpellCasting_AOE_01
1D6CE5,Hmn_NCI_SpellCasting_AOE_02
1D6D20,Blood_Fateshift_Spider_Spray_LG_01
1D6D46,Blood_Fateshift_Spider_Spray_Med_01
1D6D55,Blood_Fateshift_Spider_Dribble_Med
1D7313,Banshaen_StormCall_Lightning
1D7701,Destiny_Stone_Open_magic
1D7709,Destiny_Stone_Glow_02
1D770E,ERU_Door_Open
1D7714,Reagent_Leechwood
1D777D,SHO_Lever_Open_Sparks
1D7782,ERU_lever_Symbols_01
1D7783,WOS_Lab_Tube_Glow
1D7789,WOS_Gas_Leak_01
1D79E8,Reckoning_NPC_Incap_Stream
1D7A02,Reagent_Prismere_Dust
1D7A11,Reagent_Cripplespore
1D7A29,Reagent_Scarwood
1D7A55,Hammer_Unique_07_Ice
1D7A77,Hammer_Unique_08_Ice
1D7A82,Hammer_Unique_14
1D7AA4,Sword_1H_Unique_13
1D7AC2,Sword_1H_Unique_10
1D7B0D,Staff_Unique_11
1D7B41,BAL_MiniLorestone_Aura_01_interact
1D7B66,Staff_Unique_08
1D7B7D,Staff_Unique_07
1D7BB3,CIN_03_02_Arrow_Imp_Stone_01
1D7BF6,Staff_Unique_10_Fireball_01
1D7C25,Tilera_Spear_Glow
1D7C34,Tilera_Retrieve_Spear
1D7D30,Spell_Meteor_Hand_Fire
1D7E70,WOS_Tuatha_Bomb_Idle
1D7F4D,CIN_03_02_Arrow_Imp_Dirt_01
1D7F58,Arcane_Barghest_Mana_Drain_Attack
1D7F97,Reckoning_NPC_Incap_Impact
1D7FFD,TRL-Hero_Hammer_Ice_01
1D8AD7,WOS_Tuatha_CrystalBomb_Buildup
1D8BB2,Fateshift_NiskaruHunter_claw_mesh
1D8D6C,OmniBlade_Daggers
1DB06A,NPC_Possessed_Arm_01
1DB083,NPC_Possession_Eye_Aura_01
1DB0AD,Chicken_Overlord_Egg_Trail
1DB1C9,DLC1_Scarab_EggSac_Ambient
1DB2D0,DLC1_TRL_Bug_Attack_01
1DB5EB,NPC_Possession_Eye_Aura_01_F
1DC398,WOS_Tuatha_CrystalBomb_Buildup_01
1DCB4F,StealthKill_Stab_FaerGorta
1DCE8D,Weapon_Primal_Magic_01
1DD571,Magic_Ward_Idle_02
1DD575,WOS_Tuatha_CrystalBomb_Buildup_Idle
1DD5D4,WOS_Tuatha_CrystalBomb_Expl_Post
1DDEE3,Spider_Drool_01_Sml
1DE04C,DLC1_TRL_Rock_Golem_01
1DE075,DLC1_RockGolem_Eye_Aura_01
1DE779,Tirnoch_Head_Collapse_02
1DF3DB,DLC1_Scarab_Sac_Charge_01
1DF3E6,DLC1_Scarab_Sac_Charge_03
1DF407,DLC1_Scarab_Sac_Charge_02
1DFA15,DLC1_Rock_Monster_Debris_01
1DFD17,DLC1_Fateshift_Bug_Claw_Mesh
1E0021,DLC1_Boggart_Ammo_Glow_Eyes_01
1E00AE,DLC1_Boggart_Ammo_Impact_01
1E00B8,DLC1_Boggart_Ammo_Trail
1E01EE,DLC2_Fateshift_Kollossae_01_Chain_Mesh
1E0CEE,DLC1_Rock_Monster_burrow_trail
1E10A1,DLC1_Rock_Monster_Dive
1E10D6,DLC1_Rock_Monster_Drill
1E111B,DLC1_Rock_Monster_Dig_Boggart
1E1EFF,DLC1_Rock_Monster_Burrow_Exit
1E1FF2,DLC1_Rock_Monster_Hand_Slam
1E2192,DLC1_Scarab_Spore_Proj_01
1E28C3,DLC1_Scarab_Spore_Imp_01
1E295D,DLC1_Scarab_Spore_Aoe_Fizz_01
1E2EE7,DLC1_Scarab_Spore_Proj_Cast_01
1E3316,DLC1_Rock_Monster_Spike_mesh
1E3410,DLC1_Scarab_Sac_Explode_01
1E341F,DLC1_Rock_Monster_Root_Burst
1E3A4F,DLC1_Ambient_Fate_Hint_01
1E4AA1,DLC1_Falling_Needles_01
1E4AE0,DLC1_Rock_Monster_ClubSlam
1E4CAD,DLC1_Ambient_FallingDebris_Single_01
1E503A,DLC1_Wave_Crash_01
1E5463,DLC1_Rock_Monster_Ambush
1E55EC,DLC1_Rock_Monster_Spike
1E56B4,DLC1_Ambient_Falling_Debris_Sml_Area_01
1E5CB3,DLC1_Rock_Monster_Drill_Slam
1E5DB8,DLC1_Amb-WaterDrip_Single_01
1E5DBF,DLC1_Amb-WaterDrip_Impact_01
1E5DC2,DLC1_Amb-WaterDrip_MVol_Tall_01
1E6140,Sceptre_Flame_Proj_03
1E614F,Sceptre_Ice_Proj_03
1E6161,Sceptre_Storm_Proj_03
1E6736,DLC2_Fateshift_Kollosae_Spike_Mesh
1E673B,DLC2_Fateshift_Spike_Base_Aura_02
1E6749,DLC2_Fateshift_Spike_Glow_01
1E6805,DLC2_Fateshift_Kollosae_Hook_Glow
1E6824,DLC2_Fateshift_Kollosae_Chain_Glow
1E704C,Fire_Large_01_Windblown
1E70B1,DLC1_MQ3_Gate_Lock_Water_Splash_01
1E7128,DLC2_Kollosae_Ice_Attack_Proj
1E718B,DLC1_OutWindow_Fog_Moving_01
1E72C2,DLC2_Freeze_Character_01_Mesh
1E72DD,DLC1_MQ3_Gate_Gear_Dust_01
1E801A,DLC1_ERU_Altar_Door_Dust_01
1E8196,DLC2_Fateshift_Kollosae_Chain_Dissolve
1E8621,DLC1_DVG_Hidden_Door_Crack_01
1E87DE,DLC1_DVG_Hidden_Door_Crack_01_Unseal
1E87FB,DLC1_DVG_Hidden_Door_Crack_Unseal_Spawner
1E89ED,DLC1_DVG_Hidden_Door_Crack_01_Hint
1E8AAB,DLC1_DVG_Hidden_Door_Hint_01
1E9099,DLC1_MQ3_Gate_Unlock_Bolt_01
1E909E,DLC1_MQ3_Gate_Base_01
1E90C5,Bow_Default_Arrow_Charge_01
1E90CA,DLC1_MQ3_Gate_Lock_Ripples_01
1E90CD,DLC1_MQ3_Gate_Ripples_01
1E912D,DLC1_DVG_Hidden_Door_Open_01
1E9334,DLC1_MQ3_CounterWeight_Imp_01
1E9557,DLC1_MQ3_CounterWeight_Release_01
1E98C8,DLC1_MQ3_Gate_Gear_Sparks_01
1E9AAF,DLC1_Boggart_Glow_Eyes_01_Urchin
1E9D59,DLC1_Env_Ocean_Wake_Sml_01
1E9F01,DLC1_Tree_Glow_01
1EA291,DLC1_Scarab_Spore_Aoe_Fizz_02
1EA36B,DLC1_Scarab_Spore_Proj_Imp_01
1EA3A1,DLC1_Env_Ocean_Wake_Lrg_01
1EC89E,Human_NCI_Panning_01
1EC8B7,Fateshift_Sword_2h_Pteryx_mesh
1EC9A2,DLC1_DeadKel_Teleport_vines_Start_mesh
1EC9B4,DLC1_DeadKel_Teleport_vines_Finish_mesh
1ECB25,DLC2_Pteryx_Cyclone_Atk_Conjure_01
1ECBCB,DLC2_Pteryx_Cyclone_Atk_Flap_01
1ECC05,CIN_01_02_Title_Fate_Magic_01
1ECC1A,DLC2_Pteryx_Flap_MESH_Spawn_01
1ECD09,CIN_01_02_Title_Fate_Magic_02
1ED367,CIN_01_02_Title_Fate_Magic_03
1ED5E6,DLC1_DeadKel_Ambient_Eye
1ED631,DLC2_Pteryx_Flap_01
1ED63E,DLC1_DeadKel_Teleport_Start
1ED652,DLC2_Pteryx_Roar_01
1ED692,DLC1_DeadKel_Teleport_Finish_01
1ED69B,DLC2_Pteryx_Charge_Footstep_01
1ED6D7,DLC2_Pteryx_Charge_Streaks_01
1ED89B,DLC1_DeadKel_Teleport_finish_02
1ED89E,DLC2_Pteryx_Charge_Beak_trail
1ED8C4,DLC2_Pteryx_Charge_Hit_01
1EDA5E,DLC1_Grimjaw_Hammer_01
1EDA73,DLC1_Grimjaw_Hammer_02
1EDA75,DLC1_TRL-GrimJaw_Hammer_01
1EDA8E,DLC1_Character_tree_magic_01
1EE008,DLC1_GrimJaw_Hammer_Impact
1EE0B2,Bow_Block_Special_FXMesh_Default_02
1EE0B5,Bow_Block_Special_FXMesh_Flame_02
1EE0B8,Bow_Block_Special_FXMesh_Ice_02
1EE0BB,Bow_Block_Special_FXMesh_Poison_02
1EE0BE,Bow_Block_Special_FXMesh_Storm_02
1EE0C6,DLC1_GrimJaw_Eye_Ambient
1EE5C8,Blood_Fateshift_Splatter_01
1EE6B7,DLC1_Fateshift_DeadKel_Chain_Mesh
1EE7D9,DLC2_Pteryx_Cyclone_Atk_Cnj_Body_01
1EE800,War_Barrier_repel
1EE81B,DLC2_Henge_Activation_Area_01
1EE93C,Niskaru_HO_Claw_Slam_Fire
1EE983,Niskaru_HO_Projectile_Impact
1EE9B4,Gadflow_Projection_Eye_Aura
1EEBAE,DLC2_SEW_Door_Jail_01_Sparks
1EECDA,DLC1_TRL-DeadKel_Sword_01
1EEE06,DLC2_Falling_Rocks_Area_01
1EEE14,DLC2_Floating_Rocks_Area_01
1EEE60,DLC2_Pteryx_Cyclone_Atk_Cnj_Wing
1EEF5E,Chicken_Egg_Launch
1EF11B,Gadflow_projection_aura_01
1EF121,Gadflow_projection_aura_02
1EF12C,Gadflow_projection_aura_03
1EF12E,Gadflow_projection_aura_04
1EF133,Gadflow_projection_aura_05
1EF673,DLC2_Jottun_DamResist_01
1EF6A9,DLC2_Kobold_DamResist_Jottun_01
1EF7AC,DLC2_Jottun_Healing_Idle_01
1EF7BC,DLC2_Kobold_Healing_Jottun_01
1EF89F,DLC1_Fateshift_DeadKel_Chain_Glow
1F0029,DLC2_Door_Debris_Small_01
1F0042,DLC2_SEW_Door_01_Lock_01
1F006F,DLC2_Door_Debris_Large_01
1F0081,DLC2_SEW_Door_Hand_Debris_01
1F00F4,DLC2_Henge_Stone_Activate_01
1F016B,DLC2_Env_Roof_Dust_01
1F0171,Windemere_Maiden_Eye_Aura_01
1F053A,Maiden_projection_aura_01
1F053D,Maiden_projection_aura_02
1F0541,Maiden_projection_aura_03
1F0545,Maiden_projection_aura_04
1F05CD,DLC2_Fog-LowFast_Wide_01
1F077E,DLC2_Fog_Rising_Wide_01
1F07A9,CIN_00_00_JumpSplash
1F0A7A,Shield_Bash_Charge_01
1F0AC8,Shield_Bash_Charge_Start
1F0CD6,DLC1_Fateshift_DeadKel_Chain_Glow_02
1F0CE7,DLC2_Pteryx_Flap_Attack_Proj_01
1F0CF7,DLC1_Fateshift_DeadKel_Chain_Dissolve
1F0D1A,DLC1_TRL-FateShift_Chain_01
1F0D48,DLC1_Fateshift_DeadKel_Chain_trail
1F113C,Meteor_trail_Large_02
1F11B5,DLC2_Hyperion_Walkway_Impact
1F129B,DLC2_Hyperion_Walkway_Stone_Act_01
1F155F,Flashing_Blades_Proj_02
1F190A,Gadflow_Projections_Ambush
1F195A,Gadflow_Projections_Summon
1F1D17,DLC1_GrimJaw_Intro_Spit
1F1D2C,DLC1_CIN_Witch_Intro_Float_Area_01
1F1D5B,DLC1_CIN_Witch_Intro_Emerge_Start_01
1F1D6B,DLC1_Altar_Magic_Eye_Aura_01
1F1D73,DLC1_CIN_Witch_Intro_Area_Amb_01
1F1D7C,DLC1_CIN_Witch_Intro_Emerge_Tear_01
1F1DC3,DLC1_CIN_Witch_Intro_Corpse_Smoke_01
1F1E3B,DLC1_CIN_Witch_Intro_Corpse_Blood_01
1F1EA7,DLC1_CIN_Witch_Intro_Body_Explo_01
1F2025,DLC1_CIN_Witch_Intro_Blood_Trail_01
1F2206,DLC2_Planter_Leaves_Falling_01
1F22BC,DLC2_CTY_Idylla_Fog_Huge_01
1F22CA,DLC2_Henge_Stone_Idle_01
1F2373,DLC1_Witch_Ambient_Eye_Aura
1F2478,DLC2_Antechamber_Door_Statue_Hand_01
1F24C0,DLC2_Antechamber_Rock_Break_01
1F24D7,DLC2_Fire_SM_Torch_Windblown
1F2557,DLC2_Antechamber_Debris_Area_01
1F27DB,DLC2_CTY_Idylla_Fog_Huge_01_Z
1F2804,DLC2_CTY_Idylla_Fog_Hole_01_Z
1F2DA6,DLC1_CIN_Witch_Intro_Slam_01
1F2F22,DLC1_Tree_Talk_Mesh
1F2F2B,DLC1_Tree_Talk_Idle_01
1F3210,DLC1_Tree_magic_02
1F3324,DLC2_Mosaic_Falling_Area_01
1F3381,DLC2_Mosaic_Falling_Area_02
1F3388,DLC2_Ambient_FallingMosaic_Single_01
1F339A,DLC1_DeadKel_Intro_Blood_01
1F3CAD,DLC1_Baronet_Float_Body_01
1F4281,DLC1_Witch_Idle_Body_01
1F42B7,DLC1_Witch_Idle_Arm_01
1F4395,DLC1_CIN_Witch_Eye_FlareUp_01
1F43B2,DLC1_Baronet_Aggro_Hand_01
1F44DF,DLC1_Altar_Player_Magic_01
1F48BF,DLC1_Fateshift_Drag_Dust_01
1F493B,DLC2_Statue_Basin_Fire
1F49F5,DLC2_Fish_Feed_01
1F4E0D,DLC2_Plant_Watering_01
1F55C7,DLC2_Statue_Eye_01
1F562A,DLC2_Statue_Basin_Smoke
1F56D1,DLC2_Statue_Smoke_Cascade
1F5E81,DLC1_Fog_Moving_Wide_01
1F6033,DLC2_Sword_2H_Primal_Block_Spec
1F6055,DLC2_Sword_2H_Primal_dodge_Spec
1F605D,DLC2_Sword_2H_Primal_Parry_Spec
1F6065,DLC2_Sword_Primal_Charge_01
1F606E,DLC2_Sword_Primal_Charge_02
1F6083,DLC2_Sword_Primal_Charge_03
1F6098,DLC2_Sword_Primal_Charge_04
1F60A5,DLC2_TRL_Sword_Primal_01
1F60AD,DLC2_TRL_Sword_2H_Primal_01
1F60C7,DLC2_Sword_2H_Primal_Impact
1F60E8,DLC2_TRL-Hero_Dagger_Primal
1F611C,DLC2_Dagger_Primal_Dodge_Spec_Impact
1F6128,DLC2_Dagger_Primal_Wedge
1F612E,DLC2_Faeblade_Primal_Delay_Spec_01
1F613A,DLC2_Faeblade_Primal_Delay_Spec_02
1F6153,DLC2_FaeBlade_Primal_Dodge_Special
1F6159,DLC2_Faeblade_Primal_Parry_Impact
1F615E,DLC2_FaeBlade_Primal_Charge_01
1F6170,DLC2_FaeBlade_Primal_Charge_02
1F617F,DLC2_FaeBlade_Primal_Charge_03
1F61A4,DLC2_FaeBlade_Primal_Charge_04
1F61AB,DLC2_TRL_FaeBlade_Primal
1F6B67,DLC2_Sceptre_Primal_Block_Sp_Impact_02
1F6B75,DLC2_Sceptre_Primal_Block_Special_Proj
1F6B85,DLC2_Sceptre_Primal_Cast_01
1F6B95,DLC2_Sceptre_Primal_Cast_03
1F6BA9,DLC2_Sceptre_Primal_Cast_Trail
1F6BB4,DLC2_Sceptre_Primal_Charge_01
1F6BBE,DLC2_Sceptre_Primal_Charge_02
1F6BCE,DLC2_Sceptre_Primal_Charge_03
1F6BD5,DLC2_Sceptre_Primal_Charge_Trans
1F6BE1,DLC2_Sceptre_Primal_Charge_Trans_01
1F6BE8,DLC2_Sceptre_Primal_Proj_01
1F6BF9,DLC2_Sceptre_Primal_Proj_01_Impact
1F6C04,DLC2_Sceptre_Primal_Proj_02
1F6C14,DLC2_Sceptre_Primal_Proj_02_Impact
1F6C28,DLC2_Chakram_Primal_Delay_Spec_Impact
1F6C31,DLC2_Chakram_Primal_Chain_End
1F6C4A,DLC2_Chakram_Primal_Dodge_Special_01
1F6C56,DLC2_Weapon_Primal_Chain_Finish_01
1F6C78,DLC2_TRL_Hero_Chakram_Primal
1F6C7B,DLC2_Chakram_Primal_Delay_Attack_01
1F6C85,DLC2_Weapon_Primal_Idle_01
1F6C8F,DLC2_Weapon_Primal_Idle_02
1F6E59,DLC1_Fog_Moving_Huge_01_Z
1F766D,DLC2_Pteryx_Egg_Smash_01
1F77ED,DLC2_Weapon_Primal_Idle_03
1F7BE2,DLC2_SQ10_Altar_Area_01
1F7C37,DLC2_Weapon_Primal_Impact_01
1F7D89,DLC2_Staff_Primal_Block_Spec_Base
1F7DCF,DLC2_Staff_Primal_Attack_01
1F7DE2,DLC2_Staff_Primal_Attack_02
1F7E0B,DLC2_Staff_Primal_Attack_03_Emerge
1F7E4C,DLC2_Staff_Primal_Attack_03_Fountain
1F7E8A,DLC2_Staff_Primal_Attack_03
1F7ED5,DLC2_Staff_Primal_Attack_02_Proj
1F7EF2,DLC2_Staff_Primal_Charge_Spec_Staff_01
1F7EFF,DLC2_Staff_Primal_Charge_Spec_Staff_02
1F7F0D,DLC2_Staff_Primal_Charge_Spec_Staff_03
1F7F60,DLC2_Staff_Primal_Charge_Spec_trans_01
1F7F71,DLC2_Staff_Primal_Charge_Spec_Trans_02
1F8080,DLC2_Staff_Primal_Charge_Spec_AOE_01
1F80E3,DLC2_Bow_Block_Special_FXMesh_Primal_02
1F810D,DLC2_Staff_Primal_Charge_Spec_AOE_02
1F88E9,DLC2_Bow_Block_Spec_Primal_Arrow_Trail_01
1F88FE,DLC2_Bow_BlockSpec_Primal_Arrow_Imp_Charged
1F89C5,DLC2_Bow_Primal_Arrow_Charge_01
1F89CB,DLC2_Bow_Primal_Arrow_Charge_02
1F89DD,DLC2_Bow_Primal_Arrow_Charged_Trail
1F89E2,DLC2_Staff_Primal_Charge_Spec_AOE_03
1F89EB,DLC2_Bow_Primal_Arrow_Impact
1F89F4,DLC2_Bow_Primal_Arrow_Impact_Charged
1F89FA,DLC2_Bow_Primal_Arrow_trail
1F8A07,DLC2_Bow_Primal_Charge_01
1F8A13,DLC2_Bow_Primal_Charge_char_01
1F8A27,DLC2_Bow_Primal_Block_Spec_Cast_01
1F8A72,DLC2_Staff_Primal_Charge_Spec_AOE_03_Spawn
1F8C70,DLC2_Weapon_Primal_Idle_Staff
1F960B,DLC1_DeadKel_Teleport_vines_GrabAttack_mesh
1F963D,DLC2_Faeblade_Primal_Charge_Special_01
1F984A,DLC2_Status_Primal_Idle_01
1F9887,DLC2_TRL_Sword_2H_Primal_02
1F98A2,DLC2_TRL-Hero_Staff_Primal_Big
1F98B4,DLC2_Status_Primal_Start_01
1F98BE,DLC2_TRL_Hero_Staff_Primal
1F98FB,DLC2_Hammer_Primal_Charge_03
1F991A,DLC2_Status_Primal_Idle_01_Lrg
1F9AE7,DLC2_Staff_Primal_Block_Spec_Mesh
1F9AFA,DLC2_Staff_Primal_Delay_Spec_Cast
1F9B67,DLC2_Status_Primal_Start_01_Lrg
1F9B77,DLC2_Status_Primal_Idle_01_Med
1F9B7E,DLC1_DeadKel_BodyGlow_01
1F9B86,DLC1_DeadKel_BodyGlow_02
1F9C44,DLC1_Grimjaw_BodyGlow_01
1F9D59,DLC1_DeadKel_Dash_Charge_02
1F9D65,DLC1_DeadKel_Dash_Charge_Trans_01
1F9D78,DLC1_DeadKel_Dash_Charge_03
1F9E59,DLC1_DeadKel_Teleport_finish_03
1F9F43,DLC1_DeadKel_Teleport_Finish_Minion_mesh
1FA182,DLC1_DeadKel_Root_Proj
1FA208,DLC1_DeadKel_Root_Summon_Slam
1FA3C1,DLC1_DeadKel_Dash_Streak
1FA43E,DLC2_Falling_Tree_Leaves_01
1FA4EC,DLC2_Aquaduct_Waterfall_01
1FAC6D,DLC2_Kollosae_Ice_Attack_Break
1FAE73,DLC2_Kolossae_Ice_Attack_Idle
1FAF36,DLC2_Mosaic_Falling_Area_03
1FAFBD,DLC2_TRL_Kollosae_Attack_01
1FAFE8,DLC2_TRL_Kollosae_Attack_Ice_01
1FB096,DLC2_Kollosae_Ice_Attack_Mash
1FB1AC,DLC2_Hyperion_Air_Glow_Small_01
1FB1D6,DLC2_Hyperion_Air_Glow_Large_01
1FB34D,DLC2_Hyperion_Earth_Rocks_01_Activate
1FB5DD,DLC2_Hyperion_Earth_Glow_Med_01
1FB722,DLC1_Altar_BodyGlow_01
1FB774,DLC1_Altar_Mist_01
1FB8DE,DLC1_Altar_Lightning_Small_01
1FB8FA,DLC1_FXMesh_Altar_Mesh
1FB97E,DLC2_Hyperion_Air_Shrine_Wisp_01
1FBBBE,DLC1_Altar_Trail_01
1FBDE8,DLC1_Altar_Edge_Smoke_01
1FBF49,DLC2_AirShrine_Wind_Bridge_01
1FBFBD,DLC1_Altar_BodyGlow_02
1FBFF6,DLC1_Altar_BodyGlow_02_Torso
1FC040,DLC1_Altar_BodyGlow_03_Torso
1FC0FD,DLC1_Altar_Finale
1FC12C,DLC1_Altar_Finale_02
1FC143,DLC1_Altar_Finale_03
1FC21B,DLC1_Altar_Finale_04
1FC2AF,DLC2_Hyperion_Air_Shrine_Activate_01
1FC363,DLC2_Hyperion_Air_Shrine_Cyclone_02
1FC5B2,DLC1_Altar_Finale_05
1FC5C4,DLC1_Altar_Overload
1FC6F1,DLC2_Hyperion_Earth_Rocks_Idle_01
1FC757,DLC2_TRL_Kollosae_Fire
1FC79E,DLC2_Kollosae_Flame_Impact
1FC8D0,DLC2_Kollosae_Fire_Hand_Glow
1FCA0B,DLC2_Hyperion_Earth_Rocks_01_Start
1FCA16,DLC2_Ambient_Dust_Motes_01
1FCA24,DLC2_Hyperion_DGN_Mist
1FCA86,DLC2_Sew_Lamp_Glow
1FCC46,DLC2_Waterfall_Spray_02
1FD255,DLC2_Air_Switch_Activate_01
1FD263,DLC2_Air_Switch_Idle_01
1FD435,DLC1_NPC_Bomb_Expl
1FD89F,DLC2_Pteryx_Egg_Smash_02
1FDA96,DLC2_TRL_Kollosae_Spear_01
1FDF9D,DLC2_Hyperion_Earth_Glow_Large_01
1FDF9E,DLC2_TRL_Rogue_Trap_Cinema
1FE14B,DLC1_Baronet_Split_Emerge_01
1FE6E5,DLC1_Fog_Moving_Wide_02
1FE834,DLC2_Statue_Basin_Fire_Idle
1FF0EA,DLC2_TRL_Kollosae_Spear_02
1FF107,DLC2_Kollosae_Storm_Attack_Proj
1FF119,DLC1_Baronet_Stun_AOE_01
1FF534,DLC6_Staff_Unique
1FF572,DLC6_Sceptre_Unique
1FFE6B,DLC2_Chakram_Primal_Dodge_Special_Impact
200035,DLC1_Akarator_Collapse_01
200070,DLC1_Akarator_Collapse_02
2000A1,DLC2_CIN_Secandra_Intro_Blood_Wipe_01
200108,DLC2_CIN_Secandra_Intro_Blood_Drip_01
20039A,DLC2_Kollosae_Lightning_Proj_Cast
20067E,DLC1_Fog_DarkHarbor
2007C9,DLC2_Hyperion_Walkway_trail
200C01,DLC1_Baronet_Stun_AOE_Charge_01
200D3F,DLC2_Hyperion_Beam_Mist
200D4D,DLC1_Scarab_Emerge_Egg_01
200D6A,DLC1_TRL-Scarab_Egg_Emerge_01
200E36,DLC2_Primal_Sprite_Teleport_Enter
200E8F,DLC2_Primal_Sprite_Teleport_Enter02
200ED9,DLC1_Scarab_Portal_01
200F78,DLC1_Scarab_Breath_Scream
201047,DLC2_Primal_Sprite_Teleport_Exit
201060,DLC1_TRL-Scarab_Egg_Emerge_02
2011A6,DLC2_TRL_Primal_Sprite_Tail
2016D3,DLC1_TRL-WhispWitch_Staff_01
2016EC,DLC1_TRL-WhispWitch_Staff_02
20172A,DLC2_Primos_Fateshift_Sparks_01
20174C,DLC2_Primos_Fateshift_Sparks_02
2017F9,DLC2_Blood_Fateshift_Spray_SM_02
20180C,DLC2_Fire_Large_01_Magic_Purple
20180D,DLC2_Fire_Large_01_Magic_Green
201BAD,DLC2_FXMesh_Fateshift_Sword_Primos
201BFE,DLC2_CIN_FXMesh_Fate_Primos
2020DE,DLC2_SQ06_Urn_01
2020E3,DLC2_KOL_Hyperion_Beam_01_Sound
2020FB,DLC2_KOL_Hyperion_Beam_Exterior_Sound
2023E5,DLC1_Status-Poison_Idle_Lrg_02
20254C,DLC2_Primal_Sprite_Teleport_03
20259C,DLC2_Primal_Sprite_Wing_01
2025A6,DLC2_Primal_Sprite_Wing_02
202CD7,DLC1_Quest_Kobold_Bomb_Sparks_01
2031AE,DLC2_Hyperion_Light
2031D5,DLC1_Ambient-WaterDrip_LVol_Hvy
2031FD,DLC1_Ambient-WaterDrip_MVol
203200,DLC1_Ambient-WaterDrip_MVol_Hvy
203203,DLC1_Ambient-WaterDrip_SVol
20321D,DLC1_Ambient-WaterDrip_Single_WImpct
2032DE,DLC2_CIN_Hyperion_Rise_Ext_Debris_01
20338D,DLC2_CIN_Hyperion_Rise_Ext_Beam
2033AD,DLC2_Hyperion_Rise_Int_Beam
203599,DLC2_Hyperion_Rise_Ext_Beam
2035F0,DLC2_Amb-WaterDrip_Impact_01
2035F3,DLC2_Ambient-WaterDrip_LVol_Hvy
2035F6,DLC2_Ambient-WaterDrip_MVol
2035FA,DLC2_Ambient-WaterDrip_MVol_Hvy
2035FF,DLC2_Ambient-WaterDrip_SVol
203600,DLC2_Ambient-WaterDrip_Single_WImpct
203644,DLC2_Wall_Shrine
2036CD,DLC2_Primal_Chakram_Idle
203725,DLC2_Primal_Dagger_Idle
203750,DLC2_Primal_FaeBlade_Idle
203854,DLC2_Primal_Hammer_Idle
203873,DLC2_Primal_Staff_Idle
203882,DLC2_Primal_Sword_1H_Idle
203891,DLC2_Primal_Sword_2H_Idle
203D29,DLC2_CIN_Hyperion_Thread_Impact
203D3B,DLC2_CIN_Fate_StreamTrail
20400B,DLC2_TRL-Fate_Sword_1H
20404A,DLC2_CIN_Hyperion_Rising_Glow
20426D,DLC2_Mural_Debris_02
204294,DLC2_Koll_NCI_Shovel_01
20429D,DLC2_Koll_NCI_Shovel_01_Fling
2042CC,DLC2_Mural_Debris_01
20435C,DLC2_Mural_Debris_03
2044A2,DLC2_Kollosae_Sword_Charge
204633,DLC1_FaerGorta_Emerge
204C12,DLC2_Waterfall_Bottom_02
204D9C,DLC2_Primos_Battle_Statue_01
204DA7,DLC2_Primos_Battle_Statue_eye
204E05,DLC2_KOL_Wave_Proj_Impact
204EE9,DLC2_Fateshift_Primos_Sword_Glow
205195,DLC2_Fateshift_Primos_Spear
2054AB,DLC2_Primos_Battle_Rock_mesh
205589,DLC2_Primos_Battle_Rock_Expl
2055F2,DLC2_Primos_Battle_Rock_Emerge
2056DD,DLC2_Primos_Battle_Statue_Expl
205853,DLC2_Primos_Slam_Rubble_Mesh
205868,DLC2_Primos_Jump_Takeoff
20593B,DLC2_Primos_Battle_Charge_01
205941,DLC2_Primos_Battle_Charge_02
20594E,DLC2_Primos_Battle_Rock_PreCrack
2059FA,DLC2_Primos_Statue_Sparks
205C78,DLC2_Primos_Battle_AOE_Slam
205ED1,DLC2_Primos_Battle_Statue_PreAttack
206162,DLC2_Primos_Statue_Collide_Mesh
206399,DLC2_Kobold_DamResist_Channel_01
2063A2,DLC2_Kobold_Healing_Channel_01
2063EF,DLC2_Primos_Statue_NoCollide_Mesh
20673E,DLC2_Kobold_Healing_Channel_Rune_01
206776,DLC2_Primos_Battle_Statue_Collapse
2067F1,DLC2_Primos_Battle_Charge_Eyes
2067F2,DLC2_Primos_Summon_Rocks_01
206872,DLC2_Primos_Summon_Rocks_02
2068AF,DLC2_Primos_Charge_Mesh
2068E6,DLC2_TRL_Primos_Charge
206B6D,DLC2_Primos_Spear_Charge_01
206B83,DLC2_Primos_Spear_Charge_02
206B97,DLC2_TRL_Primos_Spear
206BC0,DLC2_Primos_Spear_Charge_Strike
20700B,DLC2_Fire_Large_01_Windblown
2070D6,DLC2_Ambient-WaterFall_Sml01
2071C3,DLC2_Floating_Rocks_Area_02
2072D3,DLC2_Primos_Battle_Jump_Marker
20787C,DLC2_Jottun_Ice_AOE_Mesh
20788B,DLC2_Jottun_Ice_AOE
20791A,DLC2_Jottun_Ice_AOE_hammer
207BDC,DLC2_Fate_Debuff
208427,DLC2_Primos_Ice_Prison_Charge_Hands
20847D,DLC2_Primos_Ice_Prison_Idle_01
208482,DLC2_Primos_Ice_Prison_Mesh
