id,value
07475D,CollisionSet_TMP_NA_PathingSlopeTestReg1
07475E,CollisionSet_TMP_NA_Pathing1_Region
07475F,CollisionSet_TMP_NA_PathingTestBReg1
074760,CollisionSet_TMP_NA_PathingTestAReg1
074AAA,CollisionSet_INT_DAL_Canneroc_House03
074AAB,CollisionSet_INT_DAL_Canneroc_House02
074AB3,CollisionSet_OUT_DAL_TRAN_North_03_to_South_03_A
074B2D,CollisionSet_INT_DAL_Canneroc_House01
074B3F,CollisionSet_INT_YSA_AmetairManor
074B40,CollisionSet_DGN_FCA_Faerath
074B42,CollisionSet_DGN_PSM_EchoingLightMine
074B43,CollisionSet_DGN_DVG_Blackrane
074B44,CollisionSet_DGN_FCA_Surroc
074B45,CollisionSet_DGN_CAV_ShiningLabyrinth
074B46,CollisionSet_DGN_CAV_DolvePag
074B48,CollisionSet_DGN_CAV_HuewensHamper
074B4A,CollisionSet_DGN_HOL_Coran
074B4B,CollisionSet_DGN_HOL_Trelus
074B4C,CollisionSet_DGN_DVG_Doodle
074B4D,CollisionSet_DGN_HOL_Kladmuin
074B4E,CollisionSet_DGN_CAV_MecansMaw
074B4F,CollisionSet_DGN_STR_Troca
074B50,CollisionSet_DGN_CAV_WhisperingCaves
074B51,CollisionSet_DGN_HOL_Brodmuin
074B52,CollisionSet_DGN_FCA_Tirbolg
074B53,CollisionSet_DGN_DVG_Algar
074B54,CollisionSet_DGN_FCA_HouseofPride
074B55,CollisionSet_DGN_CAV_GlasspillarCaves
074B56,CollisionSet_DGN_STR_CaerWeirdun
074B57,CollisionSet_DGN_STR_CaerAnarwyl
074B59,CollisionSet_DGN_CAV_DeafMansCave
074B5A,CollisionSet_DGN_STR_CaerUndir
074B5B,CollisionSet_DGN_DVG_Solt
074B5C,CollisionSet_DGN_DVG_TerraTempla
074B5E,CollisionSet_DGN_HOL_Nechprekle
074B5F,CollisionSet_DGN_PSM_GalettePits
074B60,CollisionSet_DGN_STR_TearingTorr
074B61,CollisionSet_DGN_CAV_SunsetCave
074B62,CollisionSet_DGN_DVG_AgnurFarhol
074B63,CollisionSet_DGN_FCA_CastleHunger
074B65,CollisionSet_DGN_STR_CaerBarren
074B66,CollisionSet_DGN_DVG_CannRane
074B69,CollisionSet_DGN_STR_CaerCunicht
074B6A,CollisionSet_DGN_CAV_DogboyCave
074B6B,CollisionSet_DGN_HOL_Mathprekle
074B6E,CollisionSet_DGN_CAV_FellfirePit
074B6F,CollisionSet_DGN_STR_CaerSyl
074B70,CollisionSet_DGN_PSM_FiddlersCrackMine
074B73,CollisionSet_DGN_PSM_LuckyMine
074B74,CollisionSet_DGN_CAV_ScriptWallCave
074B75,CollisionSet_DGN_CAV_GemtempleMine
074B76,CollisionSet_DGN_FCA_LeemaRane
074B77,CollisionSet_DGN_CAV_GlowingGroveDeeps
074B78,CollisionSet_DGN_STR_Bonnlach
074B79,CollisionSet_DGN_HOL_Tumprekle
074B7B,CollisionSet_DGN_HOL_Adarus
074B7C,CollisionSet_DGN_DVG_AlVinter
074B7D,CollisionSet_INT_KLU_Gloaming_ArtistsHouse
074B7E,CollisionSet_INT_KLU_Gloaming_MayorsHouse
074B7F,CollisionSet_INT_DAL_GuelmuinLodge
074B80,CollisionSet_DGN_CAV_ShattertierMines
074B82,CollisionSet_INT_DAL_Didenhil_ElcwinHome
074B83,CollisionSet_INT_DAL_Didenhil_House01
074B84,CollisionSet_TMP_M1_DGN_CAV_IronholdPassage
074B85,CollisionSet_OUT_PLN_Prototype
074B86,CollisionSet_INT_CTY_Adessa_TR03House
074B87,CollisionSet_INT_CTY_Adessa_TR03Lab
074B8B,CollisionSet_DGN_CAV_WellofGreaterDidenhil
074B8E,CollisionSet_DGN_DVG_Tulan
074B91,CollisionSet_INT_DET_Stoine_MayorsHouse
074B92,CollisionSet_OUT_DAL_TRAN_South_02_to_South_03_A
074B93,CollisionSet_TMP_NA_QARegionTest
074B95,CollisionSet_DGN_CAV_HuntersPit
074B96,CollisionSet_DGN_CAV_ShadeRiverCaves
074B97,CollisionSet_DGN_STR_CaerDrya
074B98,CollisionSet_DGN_CAV_StonecandleMines
074B99,CollisionSet_DGN_STR_FaelaRane
074B9A,CollisionSet_DGN_DVG_Yumy
074B9B,CollisionSet_DGN_DVG_DeepOma
074B9C,CollisionSet_DGN_STR_Brondil
074B9D,CollisionSet_DGN_CAV_SaltwaterMines
074B9F,CollisionSet_DGN_CAV_JourneysendCave
074BA1,CollisionSet_DGN_STR_DolveArne
074BA2,CollisionSet_DGN_DVG_StaadOthnoss
074BA3,CollisionSet_DGN_CAV_RedCave
074BA5,CollisionSet_DGN_CAV_SevenWidowMine
074BA6,CollisionSet_DGN_FCA_CastleDusk
074BA8,CollisionSet_DGN_HOL_Drachus
074BA9,CollisionSet_DGN_CAV_ColdWaterCaverns
074BAA,CollisionSet_DGN_STR_DolveWayle
074BAB,CollisionSet_DGN_DVG_HurvarsDoorsill
074BAC,CollisionSet_DGN_FCA_CastleGore
074BAD,CollisionSet_DGN_CAV_SanctuaryGrotto
074BAE,CollisionSet_DGN_STR_UnBrighFeila
074BAF,CollisionSet_INT_DET_KV02_House03
074BB0,CollisionSet_TMP_QA_Raysspace0
074BB1,CollisionSet_TMP_QA_Raysspace1
074BB2,CollisionSet_DMO_NA_JoshCombatTest
074BB3,CollisionSet_DGN_HOL_Uduath
074BB4,CollisionSet_INT_CTY_Ysa_WarswornChapterHouse
074BB5,CollisionSet_INT_CTY_Ysa_LordAirlasHouse
074BB6,CollisionSet_DGN_FCA_CastleYolvan
074BB7,CollisionSet_DGN_STR_Lairroc
074BB8,CollisionSet_DGN_HOL_Cathrus
074BBA,CollisionSet_INT_CTY_Adessa_WarswornChapterHouse
074BBB,CollisionSet_TMP_NA_QATravelAutomation
074BBC,CollisionSet_INT_DET_KV02_House01
074BBD,CollisionSet_INT_DET_KV02_House02
074BBE,CollisionSet_DGN_HOL_Arduath
074BBF,CollisionSet_DGN_HOL_Gorguath
074BC0,CollisionSet_DGN_CAV_BrigandHallCaverns
074BC1,CollisionSet_M1_TMP_Garriss01
074BC2,CollisionSet_TMP_QA_Reg2Space1
074BC3,CollisionSet_INT_DAL_HuntersLodgeMain
074BC4,CollisionSet_INT_DAL_HuntersLodgeMasterBedroom
074BC5,CollisionSet_INT_DAL_HuntersLodgeStudy
074BC6,CollisionSet_INT_DAL_HuntersLodgeCellar
074BC7,CollisionSet_INT_DAL_HuntersLodgeMurderRoom
074BC8,CollisionSet_INT_DAL_HuntersLodgeKitchen
074BC9,CollisionSet_INT_DAL_HuntersLodgeDiningRoom
074BCA,CollisionSet_INT_DAL_HuntersLodgeServantsEntrance
074BCB,CollisionSet_TMP_M1_DGN_DAL_North03_Spiders
074BCD,CollisionSet_TMP_M1_DGN_FAE_CaerDrya
074BCE,CollisionSet_OUT_POE_North_01
074BCF,CollisionSet_OUT_POE_North_02
074BD0,CollisionSet_OUT_POE_North_03
074BD1,CollisionSet_OUT_POE_North_04
074BD2,CollisionSet_OUT_POE_South_01
074BD3,CollisionSet_OUT_POE_South_02
074BD4,CollisionSet_OUT_POE_South_03
074BD5,CollisionSet_OUT_POE_South_04
074BD6,CollisionSet_OUT_POE_TRAN_North_01_to_North_02
074BD7,CollisionSet_OUT_POE_TRAN_North_02_to_North_03
074BD8,CollisionSet_OUT_POE_TRAN_North_03_to_North_04
074BD9,CollisionSet_OUT_POE_TRAN_North_00_to_North_01
074BDA,CollisionSet_OUT_POE_TRAN_North_01_to_South_01
074BDB,CollisionSet_OUT_POE_TRAN_North_02_to_South_02
074BDC,CollisionSet_OUT_POE_TRAN_North_03_to_South_03
074BDD,CollisionSet_OUT_POE_TRAN_North_04_to_South_04
074BDE,CollisionSet_OUT_POE_TRAN_South_01_to_South_02
074BDF,CollisionSet_OUT_POE_TRAN_South_02_to_South_03
074BE0,CollisionSet_OUT_POE_TRAN_South_03_to_South_04
074BE1,CollisionSet_INT_DAL_Canneroc_Inn
07569E,CollisionSet_TMP_NA_PathingTestSmallTerrain
0756B8,CollisionSet_DGN_CAV_SQ03_dungeon
07578C,CollisionSet_OUT_POE_North_00
07578E,CollisionSet_OUT_DET_North_01
07578F,CollisionSet_OUT_DET_South_03
075790,CollisionSet_OUT_KLU_West_03
075791,CollisionSet_CTY_Ysa
075792,CollisionSet_CTY_Adessa
075793,CollisionSet_CTY_MelSenshir
075794,CollisionSet_INT_DAL_GorhartInn
075795,CollisionSet_DMO_M1_TRAN_South_West
0757B5,CollisionSet_DMO_M1_TRAN_North_West
0757B6,CollisionSet_DMO_M1_North_South
0757C6,CollisionSet_OUT_DAL_TRAN_South_01_to_West_01
0757C7,CollisionSet_DGN_HOL_Brunuath
0757F0,CollisionSet_DMO_M1_North
075C67,CollisionSet_TMP_NA_QACombatAutomation
075C75,CollisionSet_TMP_NA_QACliffsArea
075C8E,CollisionSet_TMP_NA_QAAutomation_Region
076803,CollisionSet_DMO_NA_CombatTest
076804,CollisionSet_TMP_NA_CombatTest_Region
076827,CollisionSet_INT_DAL_Canneroc_House03_Region
076829,CollisionSet_INT_DAL_Canneroc_House02_Region
07682A,CollisionSet_INT_DAL_Canneroc_House01_Region
07682B,CollisionSet_INT_DAL_Canneroc_Inn_Region
07682C,CollisionSet_CTY_MelSenshir_Region
07682E,CollisionSet_OUT_DAL_North_01
07682F,CollisionSet_OUT_Dalentarth_Region
076831,CollisionSet_OUT_DAL_North_02
076898,CollisionSet_INT_CTY_Rathir_TR04Mausoleum
07689B,CollisionSet_INT_DET_Adessa_KV04House
0768A1,CollisionSet_INT_POE_Rathir_TR04Upstairs
0768A2,CollisionSet_INT_DMOM1_SmallHouse
0768A4,CollisionSet_INT_DMOM1_LargeHouse
0768A5,CollisionSet_INT_POE_Rathir_TR04House
0768A6,CollisionSet_INT_POE_Rathir_TR04ServantHouse01
0768A7,CollisionSet_INT_POE_Rathir_TR04ServantHouse02
0768A9,CollisionSet_TMP_NA_QA_DNG_Well
0768B5,CollisionSet_TMP_NA_QA_DNG_Cliffs
076924,CollisionSet_DGN_CAV_HadwynsBasement
0769B4,CollisionSet_INT_DAL_StHadwynsPerpetualMission
0769B5,CollisionSetRegion_INT_DAL_StHadwynsPerpetualMission_Region
0769CC,CollisionSetRegion_DGN_CAV_HadwynsBasement_Region
0769EB,CollisionSet_TMP_NA_FootStep_Test
0769EC,CollisionSet_TMP_NA_PathingTestAReg2
0769ED,CollisionSet_DMO_NA_CombatGridTests
0769EE,CollisionSet_Test_Materials_Josh
0769EF,CollisionSet_TMP_NA_QA_ChrisSpace
0769F3,CollisionSet_WAR_FOR_Marks_Forest_Warehouse
0769F4,CollisionSet_TMP_NA_QA_PathingTest2
0769F5,CollisionSet_TMP_NA_QA_SubmissionTest1
0769F6,CollisionSet_Next_Gen_Materials
076A3E,CollisionSet_DGN_DVG_Kenneroc
076A3F,CollisionSet_DMO_NA_UnitSpace
076A40,CollisionSet_DEV_NA_Advancement
076A4F,CollisionSet_OUT_DAL_TRAN_North_01_to_West_01
076A50,CollisionSet_OUT_DAL_TRAN_North_01_to_South_01
076A51,CollisionSet_OUT_DAL_TRAN_North_02_to_South_02
076A52,CollisionSet_DMO_NA_JumpTest
076A53,CollisionSet_TMP_NA_QA_PathingTest1
076A54,CollisionSet_TMP_NA_QAMultiUserTest
076A55,CollisionSet_OUT_FOR_PrototypeVVS2_TRAN_South_East
076A56,CollisionSet_OUT_FOR_PrototypeVVS2_TRAN_South_North
076A57,CollisionSet_OUT_FOR_PrototypeVVS2_TRAN_North_East
076A87,CollisionSet_OUT_DAL_TRAN_North_01_to_North_02
076A88,CollisionSet_OUT_DAL_TRAN_South_01_to_South_02
076A89,CollisionSet_OUT_DAL_TRAN_South_03_to_South_04
076A8A,CollisionSet_OUT_DAL_TRAN_North_04_to_South_04
076A8B,CollisionSet_TMP_NA_AudioSpace
076A8C,CollisionSet_TMP_NA_AudioSpace2
076A8D,CollisionSet_TMP_NA_JhonTestSpace
076A8E,CollisionSet_TMP_Interior_Test_Space
076A95,CollisionSet_OUT_DAL_TRAN_North_02_to_North_03
076A96,CollisionSet_DMO_M1_South
076A97,CollisionSet_OUT_FOR_ProtoType_Small
076A9E,CollisionSet_OUT_DAL_South_02
076A9F,CollisionSet_OUT_DAL_South_03
076AA0,CollisionSet_OUT_DAL_West_01
076AA1,CollisionSet_OUT_DAL_TRAN_North_03_to_North_04
076AAA,CollisionSet_OUT_DAL_TRAN_North_03_to_South_03_B
076AB8,CollisionSet_TMP_NA_PerezPlayground
076ABC,CollisionSet_OUT_DET_North_02
076ABD,CollisionSet_OUT_DET_North_03
076ABE,CollisionSet_OUT_DET_South_00
076ABF,CollisionSet_OUT_DET_South_02
076AC0,CollisionSet_OUT_ALA_North_01
076AC3,CollisionSet_OUT_ALA_South_01
076ACD,CollisionSet_OUT_DET_TRAN_North_01_to_North_02
076ACE,CollisionSet_OUT_DET_TRAN_North_02_to_North_03
076ACF,CollisionSet_OUT_DET_TRAN_North_03_to_North_04
076AD0,CollisionSet_OUT_DET_TRAN_South_00_to_South_01
076AD1,CollisionSet_OUT_DET_TRAN_South_01_to_South_02
076AD2,CollisionSet_OUT_DET_TRAN_South_02_to_South_03
076AD3,CollisionSet_OUT_DET_TRAN_South_03_to_South_04
076AD4,CollisionSet_OUT_DET_TRAN_North_01_to_South_01
076AD5,CollisionSet_OUT_DET_TRAN_North_02_to_South_02
076AD6,CollisionSet_OUT_DET_TRAN_North_03_to_South_03
076AD7,CollisionSet_OUT_DET_TRAN_North_04_to_South_04
076AD8,CollisionSet_OUT_DET_TRAN_North_01_to_South_00
076AD9,CollisionSet_OUT_KLU_West_02
076ADA,CollisionSet_OUT_KLU_West_04
076ADB,CollisionSet_OUT_KLU_East_01
076ADC,CollisionSet_OUT_KLU_East_02
076AE0,CollisionSet_CTY_Allestar
076AE1,CollisionSet_CTY_Amethyn
076AE2,CollisionSet_CTY_Dannestar
076AE3,CollisionSet_OUT_KLU_TRAN_West_01_to_East_01
076AE4,CollisionSet_OUT_KLU_TRAN_West_02_to_East_02
076AE7,CollisionSet_OUT_KLU_TRAN_East_01_to_East_02
076AEB,CollisionSet_OUT_KLU_TRAN_West_01_to_West_02
076AEC,CollisionSet_OUT_KLU_TRAN_West_02_to_West_03
076AED,CollisionSet_OUT_KLU_TRAN_West_03_to_West_04
076AEF,CollisionSet_INT_DAL_WhiteHouse
076AF0,CollisionSet_INT_DET_AdessaJail
076AF1,CollisionSet_INT_KLU_Gloaming_AlchemistsShop
076AF2,CollisionSet_INT_KLU_Gloaming_Blacksmith
076AF3,CollisionSet_INT_KLU_Gloaming_WritersHouse
076AF4,CollisionSet_CTY_Rathir
076AF5,CollisionSet_INT_DAL_MercyLodge
076AF6,CollisionSet_INT_DAL_StOdwigsPerpetualMissionMain
076AF7,CollisionSet_DGN_CAV_GapingalCaverns
076AF8,CollisionSet_OUT_DET_South_01
076AF9,CollisionSet_INT_DAL_Canneroc_MaidsCottage
076AFA,CollisionSet_OUT_DAL_TRAN_South_02_to_South_03_B
076AFB,CollisionSet_TMP_NA_LeGrandQuest
076AFF,CollisionSet_DMO_NA_DangerRoom
076B00,CollisionSet_DMO_NA_Unibox
076B01,CollisionSet_TMP_NA_TestRMQADungeonSpace
076B02,CollisionSet_TMP_NA_ClobberableTest
076B05,CollisionSet_TMP_NA_TestRMQASpace
076B06,CollisionSet_OUT_FOR_PrototypeVVS2_East
076B07,CollisionSet_OUT_FOR_PrototypeVVS2_South
076B09,CollisionSet_OUT_FOR_ProtoType
076B0A,CollisionSet_OUT_FOR_PrototypeVVS2_North
076B0E,CollisionSet_OUT_DET_Skycrown
076B0F,CollisionSet_INT_CTY_Rathir_KV05Catacombs
076B10,CollisionSet_INT_CTY_Rathir_WarswornChapterHouse
076B17,CollisionSet_INT_CTY_MelSenshir_TR05House
076B18,CollisionSet_INT_DAL_GreaterDidenhil_Baker
076B19,CollisionSet_INT_DAL_GreaterDidenhil_HouseOfTrade
076B1A,CollisionSet_INT_DAL_LittleDidenhil_Flophouse
076B1B,CollisionSet_INT_DAL_LittleDidenhil_HolnHouse
076B1C,CollisionSet_INT_DAL_LittleDidenhil_RisbergHouse
076B1D,CollisionSet_INT_DAL_LittleDidenhil_Inn
076B1E,CollisionSet_INT_DET_Thelgood_Inn
076B1F,CollisionSet_INT_CTY_Rathir_KV05Front
076B20,CollisionSet_INT_DAL_GreaterDidenhil_Mapmaker
076B21,CollisionSet_INT_DAL_GreaterDidenhil_Keymaker
076B22,CollisionSet_INT_DAL_GreaterDidenhil_Poet
076B24,CollisionSet_OUT_DET_North_04
076B25,CollisionSet_OUT_DET_South_04
076B26,CollisionSet_DGN_CAV_Pedoin
076B27,CollisionSet_INT_KLU_Gloaming_Inn
076B28,CollisionSet_INT_VIL_Warehouse
076B29,CollisionSet_OUT_DAL_South_01
076B2A,CollisionSet_OUT_DAL_South_04
076B2C,CollisionSetRegion_INT_CTY_Rathir_TR05Catacombs_Region
076B2D,CollisionSetRegion_INT_CTY_Rathir_WarswornChapterHouse_Region
076B2E,CollisionSetRegion_INT_CTY_MelSenshir_TR05House_Region
076B2F,CollisionSetRegion_INT_CTY_Rathir_KV05Front_Region
076B30,CollisionSetRegion_INT_DAL_GreaterDidenhil_Poet_Region
076B31,CollisionSetRegion_INT_DAL_GreaterDidenhil_Baker_Region
076B32,CollisionSetRegion_INT_DAL_GreaterDidenhil_Keymaker_Region
076B33,CollisionSetRegion_INT_DAL_LittleDidenhil_Flophouse_Region
076B34,CollisionSetRegion_INT_DAL_LittleDidenhil_HolnHouse_Region
076B35,CollisionSetRegion_INT_DAL_LittleDidenhil_RisbergHouse_Region
076B36,CollisionSetRegion_INT_DAL_LittleDidenhil_Inn_Region
076B37,CollisionSetRegion_INT_DET_Thelgood_Inn_Region
076B38,CollisionSetRegion_INT_DMOM1_SmallHouse_Region
076B39,CollisionSetRegion_INT_DMOM1_LargeBuilding_Region
076B3A,CollisionSetRegion_INT_POE_Rathir_TR04House_Region
076B3B,CollisionSetRegion_INT_POE_Rathir_TR04ServantHouse01_Region
076B3C,CollisionSetRegion_INT_POE_Rathir_TR04ServantHouse02_Region
076B40,CollisionSetRegion_INT_POE_Rathir_TR04Upstairs_Region
076B41,CollisionSetRegion_INT_DET_Adessa_KV04House_Region
076B42,CollisionSetRegion_INT_CTY_Rathir_TR04Mausoleum_Region
076B43,CollisionSetRegion_INT_DAL_GreaterDidenhil_Mapmaker_Region
076B44,CollisionSetRegion_INT_DAL_GreaterDidenhil_HouseOfTrade_Region
076B46,CollisionSetRegion_DGN_HOL_Tumprekle_Region
076B48,CollisionSetRegion_DGN_HOL_Adarus_Region
076B49,CollisionSetRegion_DGN_DVG_AlVinter_Region
076B4A,CollisionSetRegion_DGN_CAV_HuewensHamper_Region
076B4C,CollisionSetRegion_DGN_HOL_Coran_Region
076B4D,CollisionSetRegion_DGN_HOL_Trelus_Region
076B4E,CollisionSetRegion_DGN_DVG_Doodle_Region
076B4F,CollisionSetRegion_DGN_HOL_Kladmuin_Region
076B50,CollisionSetRegion_DGN_CAV_MecansMaw_Region
076B51,CollisionSetRegion_DGN_STR_Troca_Region
076B52,CollisionSetRegion_DGN_CAV_WhisperingCaves_Region
076B53,CollisionSetRegion_DGN_HOL_Brodmuin_Region
076B54,CollisionSetRegion_DGN_FCA_Tirbolg_Region
076B55,CollisionSetRegion_DGN_DVG_Algar_Region
076B56,CollisionSetRegion_DGN_FCA_HouseofPride_Region
076B57,CollisionSetRegion_DGN_CAV_GlasspillarCaves_Region
076B58,CollisionSetRegion_DGN_STR_CaerWeirdun_Region
076B59,CollisionSetRegion_DGN_STR_CaerAnarwyl_Region
076B5A,CollisionSetRegion_DGN_FCA_Faerath_Region
076B5C,CollisionSetRegion_DGN_PSM_EchoingLightMine_Region
076B5D,CollisionSetRegion_DGN_DVG_Blackrane_Region
076B5E,CollisionSetRegion_DGN_FCA_Surroc_Region
076B5F,CollisionSetRegion_DGN_CAV_ShiningLabyrinth_Region
076B60,CollisionSetRegion_DGN_CAV_DolvePag_Region
076B63,CollisionSetRegion_TMP_NA_QAAutomation_DNG_Region
076B64,CollisionSetRegion_DGN_DVG_Tulan_Region
076B65,CollisionSetRegion_INT_DET_Stoine_MayorsHouse_Region
076B67,CollisionSetRegion_DGN_CAV_HuntersPit_Region
076B68,CollisionSetRegion_DGN_CAV_ShadeRiverCaves_Region
076B69,CollisionSetRegion_DGN_STR_CaerDrya_Region
076B6A,CollisionSetRegion_DGN_CAV_StonecandleMines_Region
076B6C,CollisionSetRegion_DGN_CAV_JourneysendCave_Region
076B6E,CollisionSetRegion_DGN_STR_DolveArne_Region
076B6F,CollisionSetRegion_DGN_DVG_StaadOthnoss_Region
076B70,CollisionSetRegion_DGN_CAV_RedCave_Region
076B72,CollisionSetRegion_DGN_CAV_SevenWidowMine_Region
076B73,CollisionSetRegion_DGN_FCA_CastleDusk_Region
076B75,CollisionSetRegion_DGN_HOL_Drachus_Region
076B76,CollisionSetRegion_DGN_CAV_ColdWaterCaverns_Region
076B77,CollisionSetRegion_DGN_STR_DolveWayle_Region
076B78,CollisionSetRegion_DGN_DVG_HurvarsDoorsill_Region
076B79,CollisionSetRegion_DGN_FCA_CastleGore_Region
076B7A,CollisionSetRegion_DGN_CAV_SanctuaryGrotto_Region
076B7B,CollisionSetRegion_DGN_STR_UnBrighFeila_Region
076B7D,CollisionSetRegion_DGN_CAV_DeafMansCave_Region
076B7E,CollisionSetRegion_DGN_STR_CaerUndir_Region
076B7F,CollisionSetRegion_DGN_DVG_Solt_Region
076B80,CollisionSetRegion_DGN_DVG_TerraTempla_Region
076B82,CollisionSetRegion_DGN_HOL_Nechprekle_Region
076B83,CollisionSetRegion_DGN_PSM_GalettePits_Region
076B84,CollisionSetRegion_DGN_STR_TearingTorr_Region
076B85,CollisionSetRegion_DGN_CAV_SunsetCave_Region
076B86,CollisionSetRegion_DGN_DVG_AgnurFarhol_Region
076B87,CollisionSetRegion_DGN_FCA_CastleHunger_Region
076B89,CollisionSetRegion_DGN_STR_CaerBarren_Region
076B8A,CollisionSetRegion_DGN_DVG_CannRane_Region
076B8B,CollisionSetRegion_DGN_STR_CaerCunicht_Region
076B8C,CollisionSetRegion_DGN_CAV_DogboyCave_Region
076B8D,CollisionSetRegion_DGN_HOL_Mathprekle_Region
076B8E,CollisionSetRegion_DGN_CAV_FellfirePit_Region
076B8F,CollisionSetRegion_DGN_STR_CaerSyl_Region
076B90,CollisionSetRegion_DGN_PSM_FiddlersCrackMine_Region
076B92,CollisionSetRegion_DGN_PSM_LuckyMine_Region
076B93,CollisionSetRegion_DGN_CAV_ScriptWallCave_Region
076B94,CollisionSetRegion_DGN_CAV_GemtempleMine_Region
076B95,CollisionSetRegion_DGN_FCA_LeemaRane_Region
076B96,CollisionSetRegion_DGN_CAV_GlowingGroveDeeps_Region
076B97,CollisionSetRegion_DGN_STR_Bonnlach_Region
076B98,CollisionSetRegion_INT_CTY_Ysa_LordAirlasHouse
076B99,CollisionSetRegion_DGN_FCA_CastleYolvan_Region
076B9A,CollisionSetRegion_DGN_STR_Lairroc_Region
076B9B,CollisionSetRegion_DGN_HOL_Cathrus_Region
076B9C,CollisionSetRegion_DGN_DVG_DeepOma_Region
076B9D,CollisionSetRegion_DGN_STR_Brondil_Region
076B9F,CollisionSetRegion_DGN_STR_FaelaRane_Region
076BA0,CollisionSetRegion_DGN_DVG_Yumy_Region
076BA1,CollisionSetRegion_DGN_CAV_SaltwaterMines_Region
076BA2,CollisionSetRegion_INT_CTY_Adessa_WarswornChapterHouse
076BA3,CollisionSetRegion_INT_CTY_Ysa_WarswornChapterHouse
076BA7,CollisionSetRegion_WAR_FOR_Marks_Forest_Warehouse_Region
076BA8,CollisionSetRegion_M1_TMP_Garriss01
076BA9,CollisionSetRegion_TMP_QA_ChrisRegion2
076BAA,CollisionSetRegion_INT_DAL_HuntersLodgeMain_region
076BAB,CollisionSetRegion_INT_DAL_HuntersLodgeStudy_region
076BAC,CollisionSetRegion_INT_DAL_HuntersLodgeMasterBedroom_region
076BAD,CollisionSetRegion_INT_DAL_HuntersLodgeCellar_region
076BAE,CollisionSetRegion_INT_DAL_HuntersLodgeMurderRoom_region
076BAF,CollisionSetRegion_INT_DAL_HuntersLodgeKitchen_region
076BB0,CollisionSetRegion_INT_DAL_HuntersLodgeDiningRoom_region
076BB1,CollisionSetRegion_INT_DAL_HuntersLodgeServantsEntrance_region
076BB2,CollisionSetRegion_TMP_M1_DGN_CAV_DAL_North03_Spiders_region
076BB3,CollisionSetRegion_TMP_M1_DGN_FAE_CaerDrya
076BB4,CollisionSetRegion_OUT_Alabastra_Region
076BB5,CollisionSetRegion_CTY_Allestar_Region
076BB6,CollisionSetRegion_CTY_Adessa_Region
076BB7,CollisionSetRegion_CTY_Amethyn_Region
076BB8,CollisionSetRegion_CTY_Dannestar_Region
076BB9,CollisionSetRegion_INT_DAL_WhiteHouse_Region
076BBA,CollisionSetRegion_INT_DET_AdessaJail_Region
076BBB,CollisionSetRegion_INT_KLU_Gloaming_Blacksmith_Region
076BBC,CollisionSetRegion_INT_KLU_Gloaming_AlchemistsShop_Region
076BBD,CollisionSetRegion_INT_KLU_Gloaming_MayorsHouse_Region
076BBE,CollisionSetRegion_INT_KLU_Gloaming_WritersHouse_Region
076BBF,CollisionSetRegion_INT_KLU_Gloaming_ArtistsHouse_Region
076BC1,CollisionSetRegion_INT_YSA_AmetairManor_Region
076BC2,CollisionSetRegion_DGN_CAV_ShattertierMines_Region
076BC3,CollisionSetRegion_TMP_NA_JoshCombatTest_Region
076BC4,CollisionSetRegion_INT_DAL_Ballads_Trophy_House
076BC5,CollisionSetRegion_TMP_M1_DGN_CAV_IronholdPassage_Region
076BC6,CollisionSetRegion_DGN_CAV_WellofGreaterDidenhil_Region
076BC7,CollisionSetRegion_DEV_NA_Advancement
076BE5,CollisionSetRegion_DGN_DVG_Kenneroc_Region
076BE7,CollisionSetRegion_DGN_CAV_SQ03_dungeon_region
076BE8,CollisionSetRegion_OUT_PlainsOfErathell_Region
076BE9,CollisionSetRegion_CTY_Ysa_Region
076BEA,CollisionSetRegion_CTY_Rathir_Region
076BEB,CollisionSetRegion_INT_DAL_StOdwigsPerpetualMissionMain_region
076BEC,CollisionSetRegion_INT_KLU_Gloaming_Inn_Region
076BED,CollisionSetRegion_INT_DET_KV02_House01_Region
076BEE,CollisionSetRegion_INT_DET_KV02_House03_Region
076BEF,CollisionSetRegion_TMP_QA_Raysregion
076BF0,CollisionSetRegion_INT_CTY_Adessa_TR03House_Region
076BF1,CollisionSetRegion_INT_CTY_Adessa_TR03Lab_Region
076BF2,CollisionSetRegion_DMO_NA_CombatGridTests
076BFF,CollisionSetRegion_DGN_HOL_Brunuath_Region
076C00,CollisionSetRegion_DGN_CAV_WaterhallDown_Region
076C01,CollisionSetRegion_INT_DAL_MercyLodge_Region
076C02,CollisionSetRegion_DGN_CAV_GapingalCaverns_region
076C03,CollisionSetRegion_DGN_CAV_Pedion_Region
076C04,CollisionSetRegion_INT_DET_KV02_House02_Region
076C05,CollisionSetRegion_INT_DAL_GuelmeinLodge_Region
076C08,CollisionSetRegion_INT_DAL_Canneroc_MaidsCottage_Region
076C09,CollisionSetRegion_DGN_HOL_Arduath_Region
076C0A,CollisionSetRegion_DGN_HOL_Gorguath_Region
076C0D,CollisionSetRegion_INT_DAL_GorhartInn_region
076C0E,CollisionSetRegion_TMP_Interior_Tests
076C0F,CollisionSetRegion_OUT_Detyre_Region
076C11,CollisionSetRegion_DGN_CAV_BrigandHallCaverns
076C12,CollisionSetRegion_OUT_FOR_ProtoType
076C15,CollisionSetRegion_OUT_FOR_ProtoType_Small
076C1A,CollisionSetRegion_OUT_FOR_PrototypeVVS2
076C1B,CollisionSetRegion_DMO_M1
076C1C,CollisionSetRegion_AudioTestRegion
076C1D,CollisionSetRegion_TMP_NA_Footstep_Region
076C1E,CollisionSetRegion_TMP_NA_LeGrandQuest_Region
076C1F,CollisionSetRegion_TMP_NA_QAMulti-UserTest_Region
076C20,CollisionSetRegion_DMO_NA_UnitSpace_Region
076C21,CollisionSetRegion_TMP_NA_PathingSmallTerrain_Region
076C22,CollisionSetRegion_TMP_NA_QA_Pathing_Region
076C23,CollisionSetRegion_DMO_NA_JumpTest_Region
076C24,CollisionSetRegion_TMP_NA_RMQA_Region
076C25,CollisionSetRegion_JhonTestRegion
076C26,CollisionSetRegion_TMP_NA_ClobberableTestRegion
076C27,CollisionSetRegion_DMO_NA_DangerUnibox_Region
076C2E,CollisionSet_INT_CTY_MelSenshir_Tower
076C31,CollisionSetRegion_DGN_HOL_Uduath_Region
076C7F,CollisionSetRegion_INT_CTY_MelSenshir_Tower_Region
076C82,CollisionSet_OUT_DAL_North_03
076CB8,CollisionSet_DMO_M1_West
0770C5,CollisionSetRegion_TMP_NA_StealthTest_Region
07711D,CollisionSet_INT_CTY_MelSenshir_TR05PenaltyBox
077179,CollisionSet_INT_CTY_MelSenshir_TR05Invis
07717A,CollisionSet_INT_CTY_MelSenshir_TR05Goal
077474,CollisionSet_DGN_TMP_NCAtest
077475,CollisionSetRegion_DGN_TMP_NCAtest
077591,CollisionSet_INT_DAL_Bracbek_Inn
077593,CollisionSet_INT_DAL_Bracbek_Blacksmith
077595,CollisionSet_INT_DAL_Bracbek_Merchant
077599,CollisionSet_INT_DAL_Bracbek_House01
07759B,CollisionSet_INT_DAL_Bracbek_House02
07759E,CollisionSet_INT_DAL_Bracbek_House03
077643,CollisionSet_INT_DAL_Ballads_Trophy_House
077657,CollisionSet_DMO_NA_StealthTest
077A3B,CollisionSet_
077ED9,CollisionSet_INT_VIL_Small
077F10,CollisionSet_INT_VIL_Large
078194,CollisionSet_OUT_Klurikon_Region
0782C7,CollisionSet_TMP_Erik_Space
0782C9,CollisionSet_TMP_Eriktopia
0782CB,CollisionSet_TMP_Eriktopia_Region
0785B7,CollisionSet_OUT_KLU_West_01
0785BF,CollisionSet_OUT_KLU_IsleofEamonn
0785C2,CollisionSet_OUT_KLU_IsleofEamonn_Region
0787F5,CollisionSet_INT_CTY_Rathir_SAChapterGrounds
0787F7,CollisionSet_INT_CTY_Rathir_SAChapterGrounds_Region
078906,CollisionSet_OUT_DAL_TRAN_North_02_to_03_A
078AE4,CollisionSet_INT_CTY_Rathir_SALibrary
078AE6,CollisionSet_INT_CTY_Rathir_SAMainHall
078AE8,CollisionSet_INT_CTY_Rathir_SAAlchemyHall
078AEA,CollisionSet_INT_CTY_Rathir_SASagecrafting
078AEC,CollisionSet_INT_CTY_Rathir_SADispelling
078AEE,CollisionSet_INT_CTY_Rathir_SADormitoryWest
078AF0,CollisionSet_INT_CTY_Rathir_SADormitoryEast
078AF2,CollisionSet_INT_POE_SARathirArchsageQuarters
078B25,CollisionSet_INT_CTY_Rathir_SALibrary_Region
078C2A,CollisionSet_INT_CTY_Rathir_SAMainHall_Region
078C41,CollisionSet_INT_CTY_Rathir_SAAlchemyHall_Region
078C7A,CollisionSet_INT_CTY_Rathir_SASagecrafting_Region
078C8D,CollisionSet_INT_CTY_Rathir_SADispelling_Region
078C8F,CollisionSet_INT_CTY_Rathir_SADormitoryWest_Region
078CA6,CollisionSet_INT_CTY_Rathir_SADormitoryEast_Region
078CA9,CollisionSet_DGN_TMP_NCAtest02
078E3A,CollisionSet_INT_CTY_Adessa_SAChapterGrounds
078E3C,CollisionSet_INT_CTY_Ysa_SAChapterGrounds_Region
078EC6,CollisionSet_INT_POE_HrodingHouse
078ED5,CollisionSet_INT_POE_HrodingHouse_Region
07917C,CollisionSet_INT_CTY_Adessa_SALibrary
07917E,CollisionSet_INT_CTY_Adessa_SAMainHall
079180,CollisionSet_INT_CTY_Adessa_SADormitory
0791B4,CollisionSet_INT_CTY_Adessa_SAMainHall_Region
0791C8,CollisionSet_INT_CTY_Adessa_SALibrary_Region
0791CF,CollisionSet_INT_CTY_Adessa_SADormitory_Region
0791E3,CollisionSet_INT_CTY_Ysa_SAChapterGrounds
079210,CollisionSet_INT_CTY_Ysa_SALibrary
079212,CollisionSet_INT_CTY_Ysa_SAMainHall
079214,CollisionSet_INT_CTY_Ysa_SADormitory
0793CF,CollisionSet_INT_CTY_Ysa_SADormitory_Region
0793D0,CollisionSet_INT_CTY_Ysa_SALibrary_Region
0793D8,CollisionSet_INT_CTY_Ysa_SAMainHall_Region
079419,CollisionSet_DGN_STR_WindemereCastle
07941B,CollisionSet_DGN_STR_WindemereCastle_Region
0797E4,CollisionSet_INT_DAL_Ballads_HouseOfHeraldry
0797E6,CollisionSet_INT_DAL_Ballads_Barracks
0797E8,CollisionSet_INT_DAL_Ballads_SquiresQuarters
0797EA,CollisionSet_INT_DAL_Ballads_AleCaves
079836,CollisionSet_INT_DAL_Ballads_HOBGrounds
079837,CollisionSet_INT_DAL_Ballads_HOBGrounds_Region
079A03,CollisionSet_INT_DAL_Ballads_HouseOfHeraldry_Region
079A37,CollisionSet_INT_DAL_Ballads_Barracks_Region
079A6E,CollisionSet_INT_DAL_Ballads_SquiresQuarters_Region
079A73,CollisionSet_OUT_DAL_DGN_SummersEnd
079A75,CollisionSet_OUT_DAL_DGN_SummersEnd_Region
079B98,CollisionSet_INT_DAL_Ballads_AleCaves_Region
079E0B,CollisionSet_INT_DAL_SummersEnd_TheChantry
079E0D,CollisionSet_INT_DAL_SummersEnd_TheChantry_Region
079E0F,CollisionSet_INT_DAL_SummersEnd_GalleryofSong
079E11,CollisionSet_INT_DAL_SummersEnd_GalleryofSong_Region
07A8C3,CollisionSet_INT_DAL_SummersEnd_BellTower
07A8E6,CollisionSet_INT_DAL_SummersEnd_BellTower_Region
07B6B6,CollisionSet_INT_POE_GwastlBradsHouse
07B6BA,CollisionSetRegion_INT_POE_GwastlBradsHouse_Region
07B8BA,CollisionSetRegion_INT_POE_SARathirArchsageQuarters_Region
07B958,CollisionSet_INT_POE_ArchsageDreamworld
07BA7A,CollisionSetRegion_INT_POE_ArchsageDreamworld_Region
07BC2D,CollisionSetRegion_DGN_TMP_NCAtest02
07BE25,CollisionSetRegion_INT_POE_ArchsageDreamworld_Grounds
07BE54,CollisionSetRegion_INT_POE_ArchsageDreamworld_SAGrounds_Region
07C065,CollisionSet_DGN_STR_ForbiddenHall
07C06F,CollisionSetRegion_DGN_STR_ForbiddenHall_Region
07C2B2,CollisionSet_TerrainPVSTestSpace
07C2BE,CollisionSetRegion_TerrainPVSTestRegion
07C350,CollisionSetRegion_INT_CTY_Adessa_Library_Region
07C352,CollisionSet_INT_CTY_Adessa_Library
07C7AD,CollisionSetRegion_TinyPVS
07E9A4,CollisionSetRegion_OUT_PLN_Prototype
07FD63,CollisionSet_DGN_CAV_WaterhallDown
08023A,CollisionSet_INT_DAL_Gorhart_AlchemistShop
08026F,CollisionSetRegion_INT_DAL_Gorhart_AlchemistShop_Region
080A02,CollisionSet_DGN_STR_ThroneofSorrows
080A04,CollisionSetRegion_DGN_STR_ThroneofSorrows_Region
080A07,CollisionSet_DGN_CAV_CrownofClouds
080A1C,CollisionSetRegion_DGN_CAV_CrownofClouds_Region
080B31,CollisionSet_OUT_POE_DGN_CrownofClouds
080B33,CollisionSetRegion_OUT_POE_DGN_CrownofClouds_Region
080CCE,CollisionSet_DGN_TMP_FHO_Test
080CD0,CollisionSetRegion_DGN_TMP_FHO_Test
080D23,CollisionSet_TMP_NA_MartyTestSpace
080D40,CollisionSetRegion_TMP_NA_MartyTestRegion
08164C,CollisionSetRegion_OUT_DET_Prototype
08166B,CollisionSet_OUT_DET_Prototype
08216A,CollisionSet_TMP_NA_JoeSTestSpace
08216C,CollisionSetRegion_TMP_NA_JoeSTestRegion
0821DF,CollisionSet_TMP_NA_NCABorks
0821F0,CollisionSetRegion_TMP_NA_NCABorks
0827B6,CollisionSet_TMP_NA_Brandoland
0827B8,CollisionSetRegion_TMP_NA_Brandoland
0834F1,CollisionSet_OUT_DAL_North_04
0834F3,CollisionSetRegion_TMP_NA_QAUnloadTest_Region
0834F5,CollisionSet_TMP_NA_QAUnloadTestSpace_01
0834F7,CollisionSet_TMP_NA_QAUnloadTestSpace_02
0834F9,CollisionSet_TMP_NA_QAUnloadTestSpace_03
0834FB,CollisionSet_TMP_NA_QAUnloadTestSpace_04
083805,CollisionSet_OUT_TRAN_North_04_to_South_04_b
083BD4,CollisionSet_DMO_NA_FrazierTest01
083C5F,CollisionSet_DMO_NA_FrazierTest02
083E85,CollisionSetRegion_OUT_PlainsOfErathell_Snow_Region
0843FA,CollisionSet_DGN_CAV_BurningDepths
0843FC,CollisionSetRegion_DGN_CAV_BurningDepths_Region
0845EE,CollisionSet_DEV_Shader_Space
0845F5,CollisionSetRegion_DEV_Shader_Space
08488C,CollisionSet_DGN_DVG_YumyTheatreofFate
08488E,CollisionSetRegion_DGN_DVG_YumyTheatreofFate_Region
0849A1,CollisionSet_DEV_Screenshots_Objects
0849A3,CollisionSetRegion_DEV_Screenshots_Objects
084A24,CollisionSet_DGN_CAV_AdessaMine
084A26,CollisionSetRegion_DGN_CAV_AdessaMine_Region
084C80,CollisionSet_INT_POE_Seasons_SeasonsLodge
084CAD,CollisionSetRegion_INT_POE_Seasons_SeasonsLodge_Region
084CB3,CollisionSet_TMP_NA_QA_VolumeTest
084CB5,CollisionSetRegion_TMP_NA_QA_VolumeTest_Region
084F77,CollisionSet_DGN_HOL_Bristlethorn
084F79,CollisionSetRegion_DGN_HOL_Bristlethorn_Region
084F8F,CollisionSet_DGN_HOL_Syl
084F94,CollisionSetRegion_DGN_HOL_Syl_Region
084FD9,CollisionSet_DGN_HOL_Pringil
084FDB,CollisionSetRegion_DGN_HOL_Pringil_Region
0852E7,CollisionSet_DGN_BUR_CaerMulfanus
0852ED,CollisionSetRegion_DGN_BUR_CaerMulfanus_Region
08535C,CollisionSet_DGN_DVG_Damalroc
08535E,CollisionSetRegion_DGN_DVG_Damalroc
085380,CollisionSet_DGN_DVG_CathedralOfTheWorld
085381,CollisionSetRegion_DGN_DVG_CathedralOfTheWorld_Region
085382,CollisionSet_DGN_DVG_MullRane
085383,CollisionSetRegion_
085384,CollisionSetRegion_DGN_DVG_MullRane_Region
085401,CollisionSet_INT_POE_Seasons_Grounds
085403,CollisionSetRegion_INT_POE_Seasons_Grounds_Region
0854B9,CollisionSet_INT_POE_Seasons_Interiors
0854BB,CollisionSetRegion_INT_POE_Seasons_Interiors_Region
085778,CollisionSet_OUT_POE_TRAN_North_03_to_North_04_A
0857A5,CollisionSet_DGN_HOL_CaerPurendal
0857A7,CollisionSetRegion_DGN_HOL_CaerPurendal_Region
0857EB,CollisionSet_DGN_CAV_BrandyCove
0857ED,CollisionSetRegion_DGN_CAV_BrandyCove_Region
085D17,CollisionSet_DGN_CAV_MushroomCaverns
085D19,CollisionSetRegion_DGN_CAV_MushroomCaverns_Region
085E8E,CollisionSet_DGN_STR_DeathsTemple
085E92,CollisionSetRegion_DGN_STR_DeathsTemple_Region
0860DA,CollisionSet_DGN_HOL_Kongolu
0860EC,CollisionSetRegion_DGN_HOL_Kongolu_Region
086197,CollisionSet_INT_GNO_Interior_Warehouse
086199,CollisionSetRegion_INT_GNO_Interior
0861A1,CollisionSet_DGN_DVG_ShallowOrna
0861AA,CollisionSetRegion_DGN_DVG_ShallowOrna_Region
0861C6,CollisionSet_DGN_HOL_Rundamir
0861CB,CollisionSetRegion_DGN_HOL_Rundamir_Region
08638B,CollisionSetRegion_DGN_STR_Allestar_Region
086392,CollisionSet_DGN_STR_Allestar
086964,CollisionSetRegion_INT_POE_AssassinsBase_Region
086967,CollisionSet_DGN_HOL_CaerTosai
086969,CollisionSetRegion_DGN_HOL_CaerTosai_Region
08696D,CollisionSet_INT_POE_AssassinsBase
086972,CollisionSet_DGN_TMP_FHO_piecetest02
086AF8,CollisionSetRegion_INT_DET_ValorArena_Region
086AFF,CollisionSet_OUT_POE_TRAN_South_01_to_South_02_A
086B1F,CollisionSet_INT_DET_ValorArena
086C11,CollisionSetRegion_INT_DET_ValorArena
087060,CollisionSet_DGN_CAV_CD02
087068,CollisionSetRegion_DGN_CAV_CD02_Region
0870AC,CollisionSet_DGN_STR_Kandrian
0870AE,CollisionSetRegion_DGN_STR_Kandrian_Region
0879B7,CollisionSetRegion_DGN_TMP_FHO_piecetest02
087A81,CollisionSet_DGN_CAV_HauntedMines
087A82,CollisionSetRegion_DGN_CAV_HauntedMines_Region
087CC1,CollisionSet_DGN_CAV_Shardfall
087CC2,CollisionSetRegion_DGN_CAV_Shardfall_Region
087DF2,CollisionSetRegion_DGN_CAV_ThistleMines_Region
087DF4,CollisionSet_DGN_CAV_ThistleMines
0882D3,CollisionSetRegion_INT_DET_Valor_Grounds
0882D4,CollisionSetRegion_INT_DET_Valor_Grounds_Region
0882E0,CollisionSet_INT_DET_Valor_Grounds
088897,CollisionSet_DGN_CAV_Seasons_Tunnel
0888AF,CollisionSetRegion_DGN_CAV_Seasons_Tunnel_Region
088DD4,CollisionSetRegion_INT_CTY_Rathir_CD04Estate_Region
088DD9,CollisionSet_INT_CTY_Rathir_CD04Estate
088FCE,CollisionSet_DGN_STR_CD04Underbelly
088FD0,CollisionSetRegion_DGN_STR_CD04Underbelly_Region
089112,CollisionSetRegion_INT_CTY_Rathir_CD04Manor_Region
089114,CollisionSet_INT_CTY_Rathir_CD04Manor
08915A,CollisionSetRegion_INT_CTY_Rathir_CD04Basement_Region
08915C,CollisionSet_INT_CTY_Rathir_CD04Basement
0891C3,CollisionSetRegion_INT_CTY_Rathir_CD04Final_Region
0891C8,CollisionSet_INT_CTY_Rathir_CD04Final
089204,CollisionSet_INT_CTY_Rathir_CD04Guard
089217,CollisionSetRegion_INT_CTY_Rathir_CD04Guard_Region
089708,CollisionSetRegion_DGN_CAV_HunterMine_Region
08970A,CollisionSet_DGN_CAV_HunterMine
0897B7,CollisionSet_DGN_CAV_Coilsbain
0897B9,CollisionSetRegion_DGN_CAV_Coilsbain_Region
089A93,CollisionSet_INT_POE_Ayten_Inn
089AD3,CollisionSetRegion_INT_POE_AytenInn_Region
089D0C,CollisionSet_INT_DET_Valor_Palace
089D0E,CollisionSetRegion_INT_DET_Valor_Palace_Region
08A5E6,CollisionSet_DGN_TMP_SHO_Test
08A5E8,CollisionSetRegion_DGN_TMP_SHO_Test
08A638,CollisionSet_DGN_FCA_Gastyr
08A674,CollisionSet_INT_POE_Lighthouse
08A67D,CollisionSetRegion_INT_POE_Lighthouse_Region
08A6AC,CollisionSetRegion_DGN_FCA_GastyrRegion
08A6C1,CollisionSet_DGN_FCA_GastyrTower
08A741,CollisionSetRegion_TMP_NA_SwimRegion
08A743,CollisionSetRegion_DGN_FCA_GastyrTowerRegion
08A745,CollisionSet_TMP_NA_SwimSpace1
08A833,CollisionSet_INT_DET_Galette_Inn
08A837,CollisionSet_INT_DET_Galette_House_A
08A839,CollisionSet_INT_DET_Galette_House_B
08A83B,CollisionSet_INT_DET_Galette_House_C
08A83D,CollisionSetRegion_INT_DET_Galette_Inn_Region
08A83F,CollisionSetRegion_INT_DET_Galette_House_A_Region
08A841,CollisionSetRegion_INT_DET_Galette_House_B_Region
08A843,CollisionSetRegion_INT_DET_Galette_House_C_Region
08A9B9,CollisionSet_INT_DET_Thelgood_House_A
08A9C2,CollisionSet_INT_DET_Thelgood_House_B
08A9C5,CollisionSet_INT_DET_Thelgood_House_C
08A9D1,CollisionSetRegion_INT_DET_Thelgood_House_A_Region
08A9D3,CollisionSetRegion_INT_DET_Thelgood_House_B_Region
08A9D5,CollisionSetRegion_INT_DET_Thelgood_House_C_Region
08AAED,CollisionSet_DGN_HOL_CaerAran
08AAFA,CollisionSetRegion_DGN_HOL_CaerAran_Region
08AB0D,CollisionSet_DGN_HOL_CaerSnachta
08AB1B,CollisionSetRegion_DGN_HOL_CaerSnachta_Region
08AB38,CollisionSet_TMP_QA_DET1
08AB87,CollisionSet_INT_DET_KuldRanch
08AC81,CollisionSet_INT_YSA_Throneroom
08AC83,CollisionSetRegion_INT_YSA_Throneroom_Region
08ACBC,CollisionSet_DGN_DVG_Cruithor
08ACC2,CollisionSetRegion_DGN_DVG_Cruithor_Region
08ACD4,CollisionSet_DGN_HOL_Shadowthorn
08ACD6,CollisionSetRegion_DGN_HOL_Shadowthorn_Region
08ACF1,CollisionSet_DGN_STR_CorganHold
08ACF8,CollisionSetRegion_DGN_STR_CorganHold_Region
08AD07,CollisionSet_DGN_HOL_Kyalin
08AD13,CollisionSetRegion_DGN_HOL_Kyalin_Region
08AD81,CollisionSet_OUT_DAL_Nyralim
08AD83,CollisionSetRegion_OUT_DAL_Nyralim_Region
08AF03,CollisionSet_DGN_CAV_Murghanai
08AFBC,CollisionSetRegion_DGN_CAV_Murghanai_Region
08B0BA,CollisionSet_INT_DET_Whitestone_Inn
08B0BD,CollisionSetRegion_INT_DET_Whitestone_Inn_Region
08B177,CollisionSet_OUT_DET_TRAN_North_01_to_North_02_B
08B198,CollisionSet_INT_CTY_Rathir_SAStorage
08B1B6,CollisionSetRegion_INT_CTY_Rathir_SAStorageRegion
08B1C7,CollisionSet_INT_CTY_Rathir_CouncilTowerBasement
08B1F2,CollisionSet_DGN_HOL_CaerOhn
08B1F5,CollisionSetRegion_DGN_HOL_CaerOhn_Region
08B1F8,CollisionSetRegion_INT_CTY_CouncilTowerBasement_Region
08B3A8,CollisionSet_INT_DET_TerraTemplaGrounds
08B3AA,CollisionSetRegion_INT_DET_TerraTemplaGrounds_Region
08B4BE,CollisionSet_DGN_HOL_CaerPurendalBurialChamber
08B4C1,CollisionSetRegion_DGN_HOL_CaerPurendalBurialChamber_Region
08B614,CollisionSet_OUT_DET_TRAN_North_02_to_North_03_B
08B616,CollisionSetRegion_OUT_DET_TRAN_North_02_to_North_03_B_Region
08B78F,CollisionSet_DGN_DVG_MaddingWind
08B791,CollisionSetRegion_DGN_DVG_MaddingWind_Region
08BA46,CollisionSet_INT_DET_Valor_RoguesDen
08BA48,CollisionSetRegion_INT_DET_Valor_RoguesDen_Region
08BA93,CollisionSet_INT_DET_Valor_MagesTower
08BA95,CollisionSetRegion_INT_DET_Valor_MagesTower_Region
08BAC6,CollisionSet_INT_DET_Valor_WarriorsBarracks
08BAC8,CollisionSetRegion_INT_DET_Valor_WarriorsBarracks_Region
08BB0D,CollisionSet_INT_DET_Valor_Inn
08BB0F,CollisionSetRegion_INT_DET_Valor_Inn_Region
08BCD5,CollisionSet_INT_DET_Valor_Arena_Tower
08BCD7,CollisionSetRegion_INT_DET_Valor_Arena_Tower_Region
08BE8A,CollisionSetRegion_DGN_FCA_CD06_Region
08BE8C,CollisionSet_DGN_FCA_CD06
08BF9A,CollisionSet_OUT_DET_North_02_to_South_03
08BFA6,CollisionSet_OUT_DET_TRAN_North_02_to_South_01
08C5FD,CollisionSet_DMO_NA_Awesomebox
08CB05,CollisionSetRegion_DGN_STR_HS08Lab
08CB07,CollisionSet_DGN_STR_HS08Lab
08CB6B,CollisionSet_DGN_CAV_SaltwellCaverns
08CB6D,CollisionSetRegion_DGN_CAV_SaltwellCaverns_Region
08CC60,CollisionSet_INT_DET_Galette_Blacksmith
08CC62,CollisionSetRegion_INT_DET_Galette_Blacksmith_Region
08CFA2,CollisionSet_DMO_INT_Awesomebox_Inn
08CFDF,CollisionSet_DMO_INT_Awesomebox_MayorsHouse
08D609,CollisionSet_DGN_CAV_HaxhiDam
08D60B,CollisionSetRegion_DGN_CAV_HaxhiDam_Region
08D806,CollisionSet_DMO_NA_Awesomecave
08DF3F,CollisionSetRegion_DGN_HOL_Midhil_Region
08DF41,CollisionSetRegion_DGN_HOL_Shannochil_Region
08DF43,CollisionSetRegion_DGN_HOL_Gloamthicket_Region
08DF45,CollisionSetRegion_DGN_HOL_Darkthorn_Region
08DF47,CollisionSetRegion_DGN_HOL_Prinprekle_Region
08DF4A,CollisionSetRegion_DGN_HOL_Crystalyn_Region
08DF4C,CollisionSet_DGN_HOL_Midhil_Region
08DF4E,CollisionSet_DGN_HOL_Shannochil
08DF50,CollisionSet_DGN_HOL_Gloamthicket
08DF52,CollisionSet_DGN_HOL_Darkthorn
08DF54,CollisionSet_DGN_HOL_Prinprekle
08DF56,CollisionSet_DGN_HOL_Crystalyn
08ED8E,CollisionSetRegion_TMP_QA_ALA
08ED90,CollisionSet_TMP_QA_ALA1
08EE27,CollisionSet_OUT_DET_Warehouse
08F1AF,CollisionSet_TMP_QA_ALA_JU
08F1C8,CollisionSet_TMP_QA_ALA_Kitteh
08F1CB,CollisionSet_TMP_QA_ALA_JP
08F3C5,CollisionSet_Space_NA_QA_JU
08F6A4,CollisionSetRegion_DGN_HOL_Tinehil_Region
08F6A6,CollisionSet_DGN_HOL_Tinehil
08F748,CollisionSet_DGN_HOL_ProvingHalls
08F74A,CollisionSetRegion_DGN_HOL_ProvingHalls_Region
08F787,CollisionSet_DGN_TMP_ERU_test01
08F789,CollisionSetRegion_DGN_TMP_ERU_test01
090126,CollisionSet_DGN_HOL_Gilledair
090127,CollisionSetRegion_DGN_HOL_Gilledair_Region
090308,CollisionSet_TMP_QA_ALA_TRAN_ALA1_JP
09037A,CollisionSet_DGN_CAV_RathirLowerTunnels
09037C,CollisionSetRegion_DGN_CAV_RathirLowerTunnels_Region
090494,CollisionSet_TMP_GarrbearTestSpace
090496,CollisionSetRegion_TMP_GarrbearTestRegion
0904DF,CollisionSet_INT_DET_Whitestone_MayorsHouse
0904FD,CollisionSetRegion_INT_DET_Whitestone_MayorsHouse_Region
090514,CollisionSet_INT_CTY_Adessa_LongroadInn
090516,CollisionSetRegion_INT_CTY_Adessa_LongroadInnRegion
090A4B,CollisionSetRegion_INT_CTY_Adessa_WyleHome_Region
090A4D,CollisionSetRegion_INT_CTY_Adessa_TeinirHome_Region
090A4F,CollisionSetRegion_INT_CTY_Adessa_KettleHome_Region
090A51,CollisionSetRegion_INT_CTY_Adessa_QuestHouse1_Region
090A53,CollisionSetRegion_INT_CTY_Adessa_QuestHouse2_Region
090A55,CollisionSetRegion_INT_CTY_Adessa_ReddlesStore_Region
090A57,CollisionSetRegion_INT_CTY_Adessa_FerriaInn_Region
090A59,CollisionSetRegion_INT_CTY_Adessa_LollyrsHome_Region
090A5B,CollisionSetRegion_INT_CTY_Adessa_PapyrusHouse_Region
090A5F,CollisionSetRegion_INT_CTY_Adessa_NesparreStore_Region
090A61,CollisionSetRegion_INT_CTY_Adessa_JienneHome_Region
090A66,CollisionSet_INT_CTY_Adessa_WyleHome
090A69,CollisionSet_INT_CTY_Adessa_TeinirHome
090A6B,CollisionSet_INT_CTY_Adessa_KettleHome
090A6D,CollisionSet_INT_CTY_Adessa_QuestHouse1
090A72,CollisionSet_INT_CTY_Adessa_QuestHouse2
090A7B,CollisionSet_INT_CTY_Adessa_ReddlesStore
090A7D,CollisionSet_INT_CTY_Adessa_FerriaInn
090A7F,CollisionSet_INT_CTY_Adessa_LollyrsHome
090A82,CollisionSet_INT_CTY_Adessa_PapyrusHouse
090A90,CollisionSet_INT_CTY_Adessa_NesparreStore
090A92,CollisionSet_INT_CTY_Adessa_JienneHome
090AA0,CollisionSetRegion_INT_CTY_Adessa_OuetLab_Region
090AA2,CollisionSetRegion_INT_CTY_Adessa_CrietLab_Region
090AAB,CollisionSetRegion_INT_CTY_Adessa_DomusPolitica_Region
090AAD,CollisionSetRegion_INT_CTY_Adessa_DartansStore_Region
090AAF,CollisionSetRegion_INT_CTY_Adessa_PraetorianGarrison_Region
090AB4,CollisionSetRegion_INT_CTY_Adessa_PassantLab_Region
090AB6,CollisionSetRegion_INT_CTY_Adessa_GentLab_Region
090AB8,CollisionSetRegion_INT_CTY_Adessa_AirancourtLab_Region
090ABA,CollisionSetRegion_INT_CTY_Adessa_Armory_Region
090AC7,CollisionSet_INT_CTY_Adessa_OuetLab
090AC9,CollisionSet_INT_CTY_Adessa_CrietLab_Region
090AD1,CollisionSet_INT_CTY_Adessa_DomusPolitica
090ADE,CollisionSet_INT_CTY_Adessa_DartansStore
090AE0,CollisionSet_INT_CTY_Adessa_PraetorianGarrison
090AE4,CollisionSet_INT_CTY_Adessa_PassantLab
090AE6,CollisionSet_INT_CTY_Adessa_GentLab
090AE8,CollisionSet_INT_CTY_Adessa_AirancourtLab
090AF1,CollisionSet_INT_CTY_Adessa_Armory
090B09,CollisionSetRegion_INT_CTY_Adessa_BasilicaNoscere_Region
090B0B,CollisionSetRegion_INT_CTY_Adessa_Forum_Region
090B0D,CollisionSetRegion_INT_CTY_Adessa_Consistorium_Region
090B0F,CollisionSet_INT_CTY_Adessa_BasilicaNoscere
090B11,CollisionSet_INT_CTY_Adessa_Forum
090B13,CollisionSet_INT_CTY_Adessa_Consistorium
090D45,CollisionSetRegion_CTY_Adessa_TheIsles
090D47,CollisionSet_CTY_Adessa_The_Isles
091478,CollisionSet_DGN_CAV_TheTendersPath
09147A,CollisionSetRegion_DGN_CAV_TheTendersPath_Region
091946,CollisionSet_INT_DET_PerresFarm
091948,CollisionSetRegion_INT_DET_PerresFarm_Region
0919EF,CollisionSet_INT_CTY_Rathir_Tavern
0919F1,CollisionSetRegion_INT_CTY_Rathir_Tavern_Region
091F34,CollisionSet_INT_CTY_Rathir_WarMinistry
091F36,CollisionSetRegion_INT_CTY_Rathir_WarMinistry_Region
0920D6,CollisionSet_CTY_Adessa_TRAN_Bridge
0920D8,CollisionSet_CTY_Adessa_Walls_A
0920DA,CollisionSet_CTY_Adessa_Walls_B
0920DC,CollisionSet_CTY_Adessa_Walls_C
092179,CollisionSet_INT_CTY_Adessa_OuetBasement
0921EA,CollisionSetRegion_INT_CTY_Adessa_OuetBasement
0922F4,CollisionSet_INT_CTY_Adessa_LoutreBasement_Entrance
092425,CollisionSetRegion_INT_CTY_Adessa_LoutreBasement_Region
092733,CollisionSet_DGN_DVG_UrulTusk
092735,CollisionSetRegion_DGN_DVG_UrulTusk_Region
09288B,CollisionSet_INT_CTY_Rathir_RichHouse_01
09288D,CollisionSetRegion_INT_CTY_Rathir_RichHouse_01_Region
092CC7,CollisionSet_DGN_DVG_VlaskersForge
092CC8,CollisionSetRegion_DGN_DVG_VlaskersForge_Region
092D5F,CollisionSet_DGN_CAV_FP02Cache_1
092D61,CollisionSetRegion_DGN_CAV_FP02Cache_1_Region
092D6F,CollisionSet_DGN_CAV_FP02Cache_2
092D70,CollisionSetRegion_DGN_CAV_FP02Cache_2_Region
092D87,CollisionSet_DGN_CAV_FP02Cache_3
092D88,CollisionSetRegion_DGN_CAV_FP02Cache_3_Region
0936A8,CollisionSet_DGN_HOL_CaerElatha
0936AA,CollisionSetRegion_DGN_HOL_CaerElatha_Region
093879,CollisionSet_DGN_STR_Virki
09387B,CollisionSetRegion_DGN_STR_Virki_Region
093D97,CollisionSet_DGN_STR_VirkiBasement
093D99,CollisionSetRegion_DGN_STR_VirkiBasement_Region
094A24,CollisionSet_TMP_NA_CharacterLand
094A26,CollisionSetRegion_TMP_NA_CharacterLand
094D30,CollisionSet_TestSpace0000002
0954DE,CollisionSet_CC_DAL_Forest
0954E0,CollisionSetRegion_CC_DAL_Forest_Region
0955FB,CollisionSet_DGN_STR_CastleAnsilla
0955FD,CollisionSetRegion_DGN_STR_CastleAnsilla_Region
09567A,CollisionSet_TMP_NA_CreationRoom
0957BA,CollisionSet_DGN_CAV_OvergrownThicket
0957BB,CollisionSetRegion_DGN_CAV_OvergrownThicket_Region
09585D,CollisionSetRegion_OUT_KLU_Prototype
09585F,CollisionSet_OUT_KLU_Prototype
095861,CollisionSet_DGN_STR_OhnsStand
095891,CollisionSet_OUT_DET_West_01
09589E,CollisionSet_OUT_DET_TRAN_North_01_to_West_01
0958BB,CollisionSetRegion_DGN_STR_OhnsStand_Region
095B88,CollisionSet_DGN_STR_Fantastar
095B8A,CollisionSetRegion_DGN_STR_Fantastar_Region
0960B7,CollisionSetRegion_OUT_DAL_Dreamend_Region
096124,CollisionSet_OUT_DAL_Dreamend
096598,CollisionSet_DMO_Default_Box
09659A,CollisionSetRegion_DMO_NA_Default_Box_Region
096681,CollisionSet_DGN_DVG_TheNexus
096683,CollisionSetRegion_DGN_DVG_TheNexus_Region
097B86,CollisionSetRegion_INT_DAL_StEadricsPerpetualMission_Region
097B88,CollisionSet_INT_DAL_StEadricsPerpetualMission
097EF1,CollisionSet_DGN_HOL_TitarionsDreamworld
098055,CollisionSetRegion_DGN_STR_FallenHall
098067,CollisionSetRegion_DGN_STR_FallenHallRegion
098069,CollisionSet_DGN_STR_FallenHall
0980E0,CollisionSetRegion_DGN_HOL_TitarionsDreamworld_Region
098713,CollisionSet_DGN_STR_Ghennig
098719,CollisionSetRegion_DGN_STR_Ghennig_Region
098C1A,CollisionSetRegion_INT_POE_AnchraneTavern_Region
098CA0,CollisionSet_INT_POE_AnchraneTavern
099524,CollisionSetRegion_DGN_STR_BasillicaVault_Region
099526,CollisionSet_DGN_STR_BasillicaVault
099529,CollisionSet_DGN_DVG_Weconai
09952B,CollisionSetRegion_DGN_DVG_Weconai_Region
09AABA,CollisionSet_INT_KLU_FiretrenchInn
09AADB,CollisionSetRegion_INT_KLU_FiretrenchInn_Region
09AFCA,CollisionSet_DGN_STR_Dannestar
09AFCC,CollisionSetRegion_DGN_STR_Dannestar_Region
09B074,CollisionSet_DGN_STR_Dannestar_mid
09B077,CollisionSet_DGN_STR_Dannestar_end
09B079,CollisionSetRegion_DGN_STR_Dannestar_mid_Region
09B07C,CollisionSetRegion_DGN_STR_Dannestar_end_Region
09B9FC,CollisionSet_INT_POE_MelAglir_Inn
09BA12,CollisionSetRegion_INT_POE_MelAglir_Inn_Region
09BAAC,CollisionSet_INT_POE_MelAglir_House_A
09BAAE,CollisionSet_INT_POE_MelAglir_House_B
09BAB2,CollisionSet_INT_POE_MelAglir_House_C
09BACC,CollisionSetRegion_INT_POE_MelAglir_House_A_Region
09BACE,CollisionSetRegion_INT_POE_MelAglir_House_B_Region
09BAD0,CollisionSetRegion_INT_POE_MelAglir_House_C_Region
09BF49,CollisionSet_INT_POE_Emaire_Inn
09BF62,CollisionSetRegion_INT_POE_Emaire_Inn_Region
09BF64,CollisionSetRegion_INT_POE_Emaire_House_A_Region
09BF66,CollisionSetRegion_INT_POE_Emaire_House_B_Region
09BF69,CollisionSet_INT_POE_Emaire_House_A
09BF7C,CollisionSet_INT_POE_Emaire_House_B
09C37D,CollisionSetRegion_TMP_NA_ActivityTest_Region
09C37F,CollisionSet_TMP_NA_ActivityTest
09C791,CollisionSetRegion_DGN_STR_MelMuir_Level2_Region
09C793,CollisionSet_DGN_STR_MelMuir_Level2
09C79B,CollisionSet_INT_DAL_StOdwigs_Chapel
09C826,CollisionSetRegion_INT_DAL_StOdwigs_Chapel_Region
09C835,CollisionSet_INT_DAL_Gorhart_Merchant
09C85B,CollisionSetRegion_INT_DAL_Gorhart_Merchant_Region
09C868,CollisionSet_DGN_STR_EamonnsFortress
09C86E,CollisionSetRegion_DGN_STR_EamonnsFortress_Region
09C9E7,CollisionSet_INT_DAL_Gorhart_Spellbinder
09CA3C,CollisionSetRegion_INT_DAL_Gorhart_Spellbinder_Region
09CA75,CollisionSet_INT_DAL_StOdwigs_Bunks
09CADC,CollisionSetRegion_INT_DAL_StOdwigs_Bunks_Region
09CB13,CollisionSet_INT_DOK_Interior_Warehouse
09CB21,CollisionSetRegion_INT_DOK_Interior
09CCE0,CollisionSet_INT_DAL_LelandPost_Inn
09CCE5,CollisionSetRegion_INT_DAL_LelandPost_Inn_Region
09CDF6,CollisionSetRegion_INT_DAL_LelandPost_Rumscor_Region
09CDF8,CollisionSet_INT_DAL_LelandPost_RumscorHouse
09CDFA,CollisionSetRegion_INT_DAL_LelandPost_StellaCollinsHouse_Region
09CDFC,CollisionSet_INT_DAL_LelandPost_StellaCollinsHouse
09D1F3,CollisionSetRegion_DGN_STR_HouseOfVengeance_Region
09D1F5,CollisionSet_DGN_STR_HouseOfVengeance
09D5A0,CollisionSetRegion_DGN_STR_TR05Monestary_Region
09D5A2,CollisionSet_DGN_STR_TR05Monestary
09D7FF,CollisionSet_TMP_NA_NCA_TestSpace
09D802,CollisionSetRegion_TMP_NA_NCA_TestSpace_Region
09D974,CollisionSet_INT_POE_ForsakenRanch
09D97E,CollisionSetRegion_INT_POE_ForsakenRanch_Region
09D9AC,CollisionSet_DMO_Prod_Warehouse
09D9E8,CollisionSet_WAR_Production_Warehouse
09D9F7,CollisionSetRegion_WAR_Production_Warehouse_Region
09D9FC,CollisionSet_WAR_Production_Warehouse_Space_1
09DEDA,CollisionSetRegion_DGN_DVG_EamonnsPath_Region
09DEDC,CollisionSet_DGN_DVG_EamonnsPath
09E1D8,CollisionSet_OUT_DET_Saturnalia
09E1F1,CollisionSetRegion_OUT_DET_Saturnalia_Region
09E7B6,CollisionSetRegion_DGN_STR_Solstice_Region
09E7B8,CollisionSet_DGN_STR_Solstice
09EAC3,CollisionSetRegion_DGN_STR_Solstice_Level2_Region
09EAC5,CollisionSetRegion_DGN_STR_Solstice_Level3_Region
09EAC7,CollisionSet_DGN_STR_Solstice_Level2
09EAC9,CollisionSet_DGN_STR_Solstice_Level3
09EBB5,CollisionSetRegion_DGN_STR_Allestar_Lower
09EBB7,CollisionSet_DGN_STR_Allestar_Lower
09EC51,CollisionSet_DGN_CAV_Amethyn
09EC53,CollisionSetRegion_DGN_CAV_Amethyn_Region
09EC6E,CollisionSetRegion_TMP_QA_TestLand
09EC70,CollisionSet_TMP_QA_TestLand1
09F3D2,CollisionSet_DGN_ERU_CoilsbainRuins
09F3D4,CollisionSetRegion_DGN_ERU_CoilsbainRuins
09FEDE,CollisionSetRegion_INT_DET_Whitestone_MorkanHouse_Region
09FEE0,CollisionSet_INT_DET_Whitestone_MorkanHouse
0A0A0B,CollisionSet_TMP_QA_ALA_TRAN_JU_to_JP
0A0A3C,CollisionSet_TMP_QA_ALA_TRAN_Kitteh_to_JU
0A0D58,CollisionSet_DEV_TCMTestSpace
0A0D5B,CollisionSetRegion_DEV_TCMTestRegion
0A0F23,CollisionSetRegion_INT_POE_TirinsRest_Church_Region
0A0F26,CollisionSet_INT_POE_TirinsRest_Church
0A0F86,CollisionSetRegion_TMP_QA_Test_Region
0A0F92,CollisionSetRegion_INT_POE_TirinsRest_Inn_Region
0A0F98,CollisionSet_INT_POE_TirinsRest_Inn
0A1029,CollisionSet_TMP_QA_Junglesbee
0A104E,CollisionSetRegion_INT_POE_TirinsRest_Merchant_Region
0A1050,CollisionSet_INT_POE_TirinsRest_Merchant
0A28C4,CollisionSet_INT_CTY_MelSenshir_BrokenLance
0A28E0,CollisionSetRegion_INT_CTY_MelSenshir_BrokenLance_Region
0A38CC,CollisionSetRegion_TMP_Robtest_Region
0A38CE,CollisionSet_TMP_Robtest_Region_01
0A3932,CollisionSetRegion_TMP_Robtest_Region_01
0A3CCB,CollisionSet_DMO_NA_Awesomehouse_Level_01
0A3EA5,CollisionSet_DMO_NA_Awesomehouse_Level_02
0A4031,CollisionSet_DMO_NA_Awesomehouse_Level_03
0A4128,CollisionSet_DMO_NA_Awesomehouse_Level_04
0A41F8,CollisionSet_DMO_NA_Awesomehouse_Level_05
0A527D,CollisionSet_INT_CTY_Adessa_Prison
0A527F,CollisionSetRegion_INT_CTY_Adessa_Prison_Region
0A69C1,CollisionSet_DMO_Production_Dungeon
0A69C3,CollisionSetRegion_DMO_Production_Dungeon_Region
0A6C74,CollisionSet_TMP_QA_ALA_GC
0A6D88,CollisionSetRegion_CTY_Rathir_ScoliaArcana
0A6D98,CollisionSetRegion_CTY_Rathir_UpperCity
0A6DA8,CollisionSet_CTY_Rathir_UpperCity
0A6DAA,CollisionSet_CTY_Rathir_ScoliaArcana
0A707F,CollisionSet_TMP_NA_Cliff_Combat_Trans
0A708A,CollisionSet_TMP_NA_QAAutomation_TRANS
0A72ED,CollisionSet_TMP_NA_QAForestArea
0A7675,CollisionSetRegion_DMO_Nemcoriksen_Region
0A7677,CollisionSet_DMO_Nemcoriksen_Space
0A79B9,CollisionSetRegion_DMO_ViewerScene
0A79BE,CollisionSet_DMO_ViewerScene
0A7BB6,CollisionSet_TEST
0A7BB8,CollisionSetRegion_TEST
0A8DB4,CollisionSet_DGN_CAV_BloodstoneDeep
0A8DC7,CollisionSetRegion_DGN_CAV_BloodstoneDeep_Region
0A9196,CollisionSet_INT_DAL_Canneroc_PlayerHouse
0A9198,CollisionSetRegion_INT_DAL_Canneroc_PlayerHouse_Region
0A9DC4,CollisionSet_INT_DAL_Canneroc_PlayerHouse_L2
0A9E72,CollisionSetRegion_INT_DAL_Canneroc_PlayerHouse_L2_Region
0AA45D,CollisionSetRegion_NA_CinematicsEmptyRegion
0AA45F,CollisionSet_NA_CinematicsEmptySpace
0AAC10,CollisionSet_OUT_POE_Skycrown_Cave
0AAC12,CollisionSetRegion_OUT_POE_Skycrown_Cave_Region
0AAE0F,CollisionSetRegion_OUT_POE_Skycrown_Top_Region
0AB027,CollisionSet_OUT_POE_Travelers_Base
0AB029,CollisionSetRegion_OUT_POE_Travelers_Grounds_Region
0AB0AA,CollisionSet_INT_DAL_Canneroc_PlayerHouse_L3
0AB144,CollisionSet_INT_DAL_Canneroc_PlayerHouse_L4
0AB147,CollisionSetRegion_INT_DAL_Canneroc_PlayerHouse_L3_Region
0AB1B5,CollisionSetRegion_INT_DAL_Canneroc_PlayerHouse_L4_Region
0AB2BE,CollisionSetRegion_INT_DAL_Canneroc_PlayerHouse_L5_Region
0ABB51,CollisionSet_DGN_STR_WarswornVault
0ABB53,CollisionSetRegion_DGN_STR_WarswornVault_Region
0ABCF1,CollisionSet_INT_DAL_Canneroc_PlayerHouse_L5
0ABFBA,CollisionSetRegion_TMP_NA_CharacterLand_02_Region
0ABFD7,CollisionSet_TMP_ NA_CharacterLand_02
0ACA35,CollisionSetRegion_INT_DAL_Canneroc_PlayerHouse_L6_Region
0ACA53,CollisionSetRegion_INT_DAL_Canneroc_PlayerHouse_L7_Region
0ACB1C,CollisionSet_INT_DAL_Canneroc_PlayerHouse_L6
0ACCA8,CollisionSet_INT_DAL_Canneroc_PlayerHouse_L7
0AD19E,CollisionSetRegion_DGN_CAV_CharamsMine_Region
0AD272,CollisionSet_DGN_CAV_CharamsMine
0AD59A,CollisionSet_OUT_DET_Travelers_Grounds
0AD59C,CollisionSetRegion_OUT_DET_Travelers_Grounds_Region
0AE347,CollisionSet_OUT_ALA_West_01
0AE349,CollisionSet_OUT_ALA_East_01
0AE34C,CollisionSet_OUT_ALA_TRAN_North_01_to_West_01
0AE34E,CollisionSet_OUT_ALA_TRAN_East_01_to_North_01
0AE350,CollisionSet_OUT_ALA_TRAN_East_01_to_South_01
0AE36F,CollisionSet_OUT_ALA_TRAN_South_01_to_West_01
0AE372,CollisionSet_OUT_ALA_TRAN_Central_01_to_South_01
0AE37A,CollisionSet_OUT_ALA_North_02
0AE3F2,CollisionSet_OUT_ALA_West_02
0AE3FB,CollisionSet_OUT_ALA_TRAN_West_01_to_West_02
0AE3FF,CollisionSet_OUT_ALA_TRAN_South_01_to_West_02
0B0431,CollisionSetRegion_DMO_KLU_CollisionTest
0B0433,CollisionSet_DMO_KLU_CollisionTest
0B0624,CollisionSet_INT_POE_Ayten_IverHouse
0B0627,CollisionSet_INT_POE_Ayten_AlchemistShop
0B0629,CollisionSet_INT_POE_Ayten_Smithy
0B0682,CollisionSet_OUT_DET_HouseOfValor_Grounds
0B0684,CollisionSetRegion_OUT_DET_HouseOfValor_Grounds_Region
0B06AA,CollisionSetRegion_INT_POE_Ayten_Smithy_Region
0B06AC,CollisionSetRegion_INT_POE_Atyen_IverHouse_Region
0B06AE,CollisionSetRegion_INT_POE_Ayten_AlchemistShop_Region
0B0B97,CollisionSet_TMP_QA_Bweber
0B1C49,CollisionSetRegion_INT_CTY_Rathir_MerchantCircle
0B1C4B,CollisionSet_INT_CTY_Rathir_MerchantCircle
0B3A75,CollisionSet_CTY_Adessa_ScaffoldRun
0B3F38,CollisionSetRegion_CTY_Adessa_ScaffoldRun_Region
0B4B7C,CollisionSet_DGN_CAV_ValjeanMine
0B4B98,CollisionSetRegion_DGN_CAV_ValjeanMine_Region
0B4BA2,CollisionSet_INT_DET_ValjeanMiningCompany
0B4BA6,CollisionSetRegion_INT_DET_ValjeanMiningCompany_Region
0B57B1,CollisionSet_OUT_DET_HouseOfValor_Grounds_Arena
0B57B5,CollisionSetRegion_OUT_DET_HouseOfValor_Grounds_Arena_Region
0B5D89,CollisionSetRegion_INT_DET_ValjeanMiningCompany_L2_Region
0B5E72,CollisionSet_INT_DET_ValjeanMiningCompany_L2
0B6BD0,CollisionSet_TMP_QA_DBatson
0B6C79,CollisionSetRegion_INT_DET_ValjeanMiningCompany_L3_Region
0B6D52,CollisionSet_INT_DET_ValjeanMiningCompany_L3
0B6E52,CollisionSetRegion_INT_DET_ValjeanMiningCompany_L4_Region
0B6F37,CollisionSet_INT_DET_ValjeanMiningCompany_L4
0B7048,CollisionSetRegion_DGN_CAV_ValjeanMine_L2_Region
0B70AF,CollisionSet_DGN_CAV_ValjeanMine_L2
0B7304,CollisionSet_ALA_LandscapeWarehouse
0B7306,CollisionSetRegion_ALA_LandscapeWarehouse_Region
0B7420,CollisionSetRegion_CTY_YSA_Prototype
0B7422,CollisionSet_CTY_YSA_Prototype
0B783E,CollisionSetRegion_TMP_QA_BatsonRegion
0B7872,CollisionSet_TMP_QA_BATREG_01
0B792B,CollisionSet_TMP_QA_BATREG_02
0B7D54,CollisionSetRegion_DGN_CAV_DarkvariColliery_Region
0B7D56,CollisionSetRegion_DGN_CAV_CynricPit_Region
0B7D58,CollisionSetRegion_DGN_CAV_ZungarShaft_Region
0B7D5D,CollisionSet_DGN_CAV_DarkvariColliery
0B7D61,CollisionSet_DGN_CAV_ZungarShaft
0B7D64,CollisionSet_DGN_CAV_CynricPit
0B809A,CollisionSet_INT_DET_Apotyre_MotusMiningHQ
0B809C,CollisionSetRegion_INT_DET_Apotyre_MotusMiningHQ_Region
0B8409,CollisionSetRegion_DGN_CAV_ValjeanMine_L3_Region
0B8500,CollisionSet_DGN_CAV_ValjeanMine_L3
0B9084,CollisionSetRegion_DGN_CAV_ValjeanMine_L4_Region
0B925A,CollisionSet_DGN_CAV_ValjeanMine_L4
0B98AD,CollisionSet_INT_POE_Culn_SurvivorHideout
0B98AF,CollisionSetRegion_INT_POE_Culn_SurvivorHideout_Region
0BE3ED,CollisionSet_DGN_CAV_WhitestoneMayorsCave
0BE3EF,CollisionSetRegion_DGN_CAV_WhitestoneMayorsCave_Region
0C6F22,CollisionSet_INT_DET_Whitestone_MayorsVilla
0C6F3A,CollisionSetRegion_INT_DET_Whitestone_MayorsVilla_Region
0C6FE8,CollisionSet_INT_DET_Whitestone_MayorsCottage
0C6FEA,CollisionSetRegion_INT_DET_Whitestone_MayorsCottage_Region
0D09A9,CollisionSetRegion_INT_DAL_Ettinmere_Holnstead_Region
0D09AB,CollisionSet_INT_DAL_Ettinmere_Holnstead
0FC1C1,CollisionSet_INT_DET_Whitestone_Merchant
0FC1FF,CollisionSetRegion_INT_DET_Whitestone_Merchant_Region
1187A1,CollisionSet_INT_FAE_Warehouse
119B0F,CollisionSetRegion_INT_FAE_Interior
11CB6D,CollisionSetRegion_INT_DAL_Webwood_ToghFarm_Region
11CB6F,CollisionSet_INT_DAL_Webwood_ToghFarm
12E648,CollisionSet_TMP_QA_TRAN1
12E64E,CollisionSet_TMP_QA_NScamman
12F0AA,CollisionSet_DGN_DVG_CavernsOfIngress
12F0AB,CollisionSetRegion_DGN_DVG_CavernsOfIngress_Region
130F90,CollisionSet_DGN_CAV_BarrenCove
130F92,CollisionSetRegion_DGN_CAV_BarrenCove_Region
131EA5,CollisionSet_INT_CTY_Adessa_PlayerHouse
131EA7,CollisionSetRegion_INT_CTY_Adessa_PlayerHouse_Region
133CF1,CollisionSet_CTY_MelSenshir_BossBattle
133CF3,CollisionSetRegion_CTY_MelSenchir_Bossbattle_Region
133CF8,CollisionSetRegion_CTY_MelSenshir_BossBattle_Region
133DE9,CollisionSet_OUT_POE_TitarionsDreamworld
133DEB,CollisionSet_OUT_DET_TitarionsDreamworld
133DED,CollisionSet_OUT_DAL_TitarionsDreamworld
133DEF,CollisionSetRegion_OUT_POE_TitarionsDreamworld_Region
133DF1,CollisionSetRegion_OUT_DET_TitarionsDreamworld_Region
133DF3,CollisionSetRegion_OUT_DAL_TitarionsDreamworld_Region
133E99,CollisionSet_TMP_NA_KittyTestSpace
133E9B,CollisionSetRegion_TMP_NA_KittyTestSpace_Region
134429,CollisionSet_DGN_TMP_SHO_Test_02
13442C,CollisionSetRegion_DGN_TMP_SHO_Test_02
134437,CollisionSet_DGN_WellofSouls
1344DD,CollisionSetRegion_DGN_WellofSouls
134F45,CollisionSetRegion_INT_CTY_Adessa_BarterRow_Region
134F47,CollisionSet_INT_CTY_Adessa_BarterRow
137A6F,CollisionSet_INT_POE_DerfelHouse
137A71,CollisionSetRegion_INT_POE_DerfelHouseRegion
13838C,CollisionSetRegion_DGN_CAV_ScarbellyCavern_Region
1386A6,CollisionSet_DGN_CAV_ScarbellyCavern
138B9B,CollisionSet_OUT_DAL_Windemere
138BC9,CollisionSet_TESTSPACETEST
138BCB,CollisionSetRegion_TESTREGIONTEST
138BDA,CollisionSet_TESTSPACETEST_02
138BED,CollisionSet_TESTSPACETEST_03
138F64,CollisionSetRegion_DMO_NA_Unibox_Region
138F77,CollisionSetRegion_TMP_NA_JoeQ_Slope_Test
138F79,CollisionSet_TMP_NA_JoeQ_Slope_Test
139F3F,CollisionSet_INT_CTY_Adessa_GrandBursars
139F41,CollisionSetRegion_INT_CTY_Adessa_GrandBursars_Region
139F44,CollisionSetRegion_INT_CTY_Adessa_Arcadium_Region
139F47,CollisionSet_INT_CTY_Adessa_Arcadium
13A3F7,CollisionSet_DGN_TMP_NCA_prismere_test01
13A3F9,CollisionSetRegion_DGN_TMP_NCA_prismere_test01
13B79F,CollisionSetRegion_DGN_STR_SparringArena_Region
13B7A2,CollisionSet_DGN_STR_SparringArena
13C5A8,CollisionSet_TMP_QA_WCooper
13C5E4,CollisionSet_CTY_MelSenshir_BossBattle_2ndStage
13C5E7,CollisionSet_CTY_MelSenshir_BossBattle_3rdStage
13C5E9,CollisionSet_CTY_MelSenshir_BossBattle_4thStage
13CC58,CollisionSet_Spacefdsa
13E52D,CollisionSet_OUT_KLU_Saturnalia
13E530,CollisionSetRegion_OUT_KLU_Saturnalia_Region
13EB1E,CollisionSet_DGN_TMP_SHO_FAE01
13EB1F,CollisionSetRegion_DGN_TMP_SHO_FAE01
13F1A9,CollisionSetRegion_OUT_DAL_Travelers_Grounds_Region
13F1AB,CollisionSet_OUT_DAL_Travelers_Grounds
13F2BC,CollisionSet_INT_KLU_Sorrows_Grounds
13F3AD,CollisionSetRegion_INT_KLU_Sorrows_Regions
13F52A,CollisionSet_TMP_QA_Vwong
13F52C,CollisionSet_TMP_QA_Kstar
13F7CE,CollisionSetRegion_TMP_QA_DGN
13F8A5,CollisionSet_TMP_QA_DGN_JU
13FF33,CollisionSet_TMP_QA_TRAN2
1400BA,CollisionSetRegion_TMP_QA_Jungles_Region
1400BC,CollisionSet_TMP_QA_Jungles
1409CC,CollisionSet_TMP_QA_Mshearer
140BC3,CollisionSet_CTY_Ysa_HouseofBallads
140BCA,CollisionSetRegion_CTY_Ysa_UpperHouses_Region
141748,CollisionSetRegion_INT_DET_Hollowlands_Office
14174A,CollisionSet_INT_DET_Hollowlands_Office
142FBA,CollisionSet_CTY_Ysa_TheFont
142FBC,CollisionSetRegion_CTY_Ysa_TheFont_Region
143255,CollisionSet_INT_CTY_Ysa_HouseofBallads
143257,CollisionSetRegion_INT_CTY_Ysa_HouseofBallads_Region
14531A,CollisionSetRegion_tmp_qa_bvtregion_raym
145A3F,CollisionSet_INT_CTY_Ysa_Embassy
145AC9,CollisionSetRegion_INT_CTY_Ysa_Embassy_Region
145B57,CollisionSet_INT_CTY_Ysa_Merchans
145B5D,CollisionSetRegion_INT_CTY_Ysa_Merchants_Region
145BEC,CollisionSet_INT_CTY_Ysa_Inn
145BEF,CollisionSetRegion_INT_CTY_Ysa_Inn_Region
145CAC,CollisionSet_INT_CTY_Ysa_HallofEchoes
145D08,CollisionSetRegion_INT_CTY_Ysa_HallofEchoes_Region
145D3E,CollisionSet_INT_CTY_Ysa_HallofAppointments
145DC8,CollisionSetRegion_INT_CTY_Ysa_HallofAppointments_Region
146726,CollisionSetRegion_TMP_NA_WellOfSoulsWarehouse_Region
146728,CollisionSet_TMP_NA_WellOfSoulsWarehouse
14681C,CollisionSet_DGN_Tirnoch_BossBattle
14681E,CollisionSetRegion_DGN_Tirnoch_BossBattle
1469A6,CollisionSetRegion_TMP_NA_QAInteriorsRegion
1469AC,CollisionSet_TMP_NA_QATradersHouse
1473B4,CollisionSetRegion_Regionasdgsdzfgerttbwerbv
1473B6,CollisionSet_Spaceoijwe4tuiohewfuiohpwertajiohperg
147985,CollisionSetRegion_TMP_QA_Region_toBedeleted
1488A4,CollisionSet_DGN_CAV_KandrianCove
1488A6,CollisionSetRegion_DGN_CAV_KandrianCove_Region
14B61A,CollisionSet_TMP_QA_OThumel
14B629,CollisionSet_TMP_QA_Rorem
14B62C,CollisionSet_TMP_QA_RIchnoski
14C1EE,CollisionSet_OUT_ALA_Fenaster
14C1F0,CollisionSetRegion_OUT_Alabastra_Fenaster_Region
14ECC7,CollisionSet_DGN_STR_ShieldringKeep
14ECF7,CollisionSetRegion_DGN_STR_ShieldringKeep_Region
14FC45,CollisionSet_INT_DAL_Vaprend_Barracks
14FC47,CollisionSet_INT_DAL_Vaprend_Bunkhouse
14FC49,CollisionSetRegion_INT_DAL_Vaprend_Bunkhouse_Region
152C0A,CollisionSetRegion_DGN_STR_TirinsRest_LocksmithLab_Region
152C0C,CollisionSet_DGN_STR_TirinsRest_LocksmithLab
156BD0,CollisionSet_01_00_030
15828D,CollisionSet_01_00_040
15837F,CollisionSet_01_00_050
1583F4,CollisionSet_01_00_060
158525,CollisionSet_01_00_070
15874D,CollisionSet_01_00_080
158804,CollisionSet_01_00_090
1588E3,CollisionSet_01_00_110
158933,CollisionSet_01_00_120
15895E,CollisionSet_01_00_130
15897C,CollisionSet_01_00_140
158AA1,CollisionSet_01_00_170
1591CA,CollisionSetRegion_DGN_STR_HelmgardKeep_Region
1591CC,CollisionSet_DGN_STR_HelmgardKeep
159241,CollisionSetRegion_DGN_STR_IronfastKeep_Region
159243,CollisionSet_DGN_STR_IronfastKeep
1596BD,CollisionSet_DGN_STR_Rithen
15A023,CollisionSet_DGN_WellofSouls_1
15A026,CollisionSet_DGN_WellofSouls_2
15A028,CollisionSet_DGN_WellofSouls_3
15A02A,CollisionSet_DGN_WellofSouls_4
15A02C,CollisionSet_DGN_WellofSouls_5
15A02E,CollisionSet_DGN_WellofSouls_6
15A030,CollisionSet_DGN_WellofSouls_7
15A032,CollisionSet_DGN_WellofSouls_8
15AFCF,CollisionSet_TMP_RV3
15AFD1,CollisionSetRegion_TMP_RV3
15BEDD,CollisionSetRegion_DGN_CAV_TheLowerTunnels
15BEDF,CollisionSet_DGN_CAV_TheLowerTunnels
15C2ED,CollisionSet_03_02_010
15C8F2,CollisionSet_CIN_CTY_MelSenshir_BossBattle
15E48B,CollisionSetRegion_INT_CTY_Rathir_CityWatch_Region
15E48D,CollisionSet_INT_CTY_Rathir_CityWatch
15E9DD,CollisionSet_INT_CTY_Rathir_Prison
15E9E0,CollisionSetRegion_INT_CTY_Rathir_Prison_Region
15EEAB,CollisionSetRegion_DGN_FCA_Ghennig_Region
15EEAD,CollisionSet_DGN_FCA_Ghennig
15F11E,CollisionSet_02_01_010
15FA19,CollisionSetRegion_INT_CTY_Rathir_Storeroom_Region
15FA23,CollisionSet_INT_CTY_Rathir_Storeroom
15FF62,CollisionSetRegion_INT_CTY_Rathir_PoorHouse_01
15FF64,CollisionSet_INT_CTY_Rathir_PoorHouse_01
15FF70,CollisionSetRegion_INT_CTY_Rathir_PoorHouse_02_Region
15FF75,CollisionSet_INT_CTY_Rathir_PoorHouse_02
16003B,CollisionSetRegion_INT_CTY_Rathir_Pride_Region
160057,CollisionSet_INT_CTY_Rathir_Pride
160259,CollisionSetRegion_INT_CTY_Rathir_GoodsStore_Region
16025B,CollisionSet_INT_CTY_Rathir_GoodsStore
160C64,CollisionSetRegion_INT_CTY_Rathir_WGGreatHouse_Region
160C66,CollisionSet_INT_CTY_Rathir_WGGreatHouse
160C99,CollisionSetRegion_INT_CTY_Rathir_AberGreatHouse_Region
160C9B,CollisionSet_INT_CTY_Rathir_AberGreatHouse
160CD4,CollisionSetRegion_INT_CTY_Rathir_TempleofLyria_Region
160CD6,CollisionSet_INT_CTY_Rathir_TempleofLyria
16263D,CollisionSet_TMP_NA_QA_EffectsTestInterior
162E4A,CollisionSetRegion_Warehouse
162E4F,CollisionSet_Warehouse
164F6B,CollisionSet_TMP_QA_MBurroughs
167FE3,CollisionSetRegion_INT_ALA_Bhaile_CourtofWinter_Region
168114,CollisionSet_INT_ALA_Bhaile_CourtofWinter
168A90,CollisionSet_TMP_Adessa_Library
168A92,CollisionSetRegion_TMP_Adessa_Library
16ABEB,CollisionSet_CIN_POE_North_02
16ABED,CollisionSetRegion_CIN_POE_North_02_Region
16B17B,CollisionSet_CIN_DAL_North_03
16B17D,CollisionSetRegion_CIN_DAL_North_03_Region
16E025,CollisionSetRegion_CIN_OUT_POE_North_02_Region
16E0F5,CollisionSet_CIN_OUT_POE_South_02
170049,CollisionSet_DGN_CAV_Glendara_Jail
17004B,CollisionSetRegion_DGN_CAV_Glendara_Jail_Region
171083,CollisionSetRegion_INT_CTY_MelSenshir_Tavern_Region
171086,CollisionSet_INT_CTY_MelSenshir_Tavern
1714A4,CollisionSetRegion_DGN_DVG_ArchsageQuarters_Region
1714AA,CollisionSet_DGN_DVG_ArchsageQuarters
172068,CollisionSet_CIN_OUT_DAL_North_03
17207D,CollisionSetRegion_CIN_OUT_DAL_North_03_Region
17371D,CollisionSet_CIN_OUT_POE_North_02
173E5C,CollisionSetRegion_INT_CTY_MelSenshir_Barracks_Region
173E60,CollisionSet_INT_CTY_MelSenshir_Barracks
173E8E,CollisionSetRegion_INT_CTY_MelSenshir_Hospital_Region
173E90,CollisionSet_INT_CTY_MelSenshir_Hospital
175C13,CollisionSetRegion_DGN_HOL_Ysa_Jail_Region
175C15,CollisionSet_DGN_HOL_Ysa_Jail
175C19,CollisionSetRegion_DGN_STR_MelSenshir_Jail_Region
175C1B,CollisionSet_DGN_STR_MelSenshir_Jail
175C66,CollisionSetRegion_DGN_STR_BrokenTower_Region
175C69,CollisionSet_DGN_STR_BrokenTower
175C70,CollisionSetRegion_DGN_STR_BrokenTowerBasement_Region
175C72,CollisionSet_DGN_STR_BrokenTowerBasement
1782C8,CollisionSetRegion_DGN_DVG_TombOfFyragnos_Region
1782CA,CollisionSet_DGN_DVG_TombOfFyragnos
1797A3,CollisionSet_OUT_DAL_TRAN_South_04_to_Ysa
17BD21,CollisionSetRegion_qa_region_becky
17BD39,CollisionSet_Space_qa_becky
17C962,CollisionSet_00_00_010
17DD90,CollisionSet_INT_DET_HouseOfValor_Hypogeum
17DD93,CollisionSetRegion_INT_DET_HouseOfValor_Hypogeum_Region
17EDD7,CollisionSet_INT_DET_HouseOfValor_GrimshawsHouse
17EDD9,CollisionSetRegion_INT_DET_HouseOfValor_GrimshawsHouse_Region
17EE02,CollisionSetRegion_CIN_CTY_Rathir_Region
17EE04,CollisionSet_CIN_CTY_Rathir
17F0A7,CollisionSet_INT_DET_HouseOfValor_GamblingDen
17F0B0,CollisionSetRegion_INT_DET_HouseOfValor_GamblingDen_Region
17F3BB,CollisionSetRegion_CIN_CTY_MelSenshir_BossBattle_Region
1807AA,CollisionSetRegion_OUT_KLU_Dannestar_EXT_Grounds_Region
1807AF,CollisionSet_OUT_KLU_Dannestar_EXT_Grounds
18134D,CollisionSetRegion_CIN_Simtype_Warehouse
181625,CollisionSetRegion_DGN_STR_LostHall_04
181628,CollisionSet_DGN_STR_LostHall_04
181689,CollisionSetRegion_DGN_STR_LostHall_03_Region
18168B,CollisionSet_DGN_STR_LostHall_03
18168E,CollisionSetRegion_DGN_STR_LostHall_02_Region
181690,CollisionSet_DGN_STR_LostHall_02
181693,CollisionSetRegion_DGN_STR_LostHall_01_Region
181695,CollisionSet_DGN_STR_LostHall_01
182293,CollisionSet_TMP_DeletionTest_01
182295,CollisionSet_TMP_DeletionTest_02
182298,CollisionSetRegion_TMP_DeletionTest_Region
1829D9,CollisionSetRegion_Character_Generation
1829DC,CollisionSet_Character_Generation
18341A,CollisionSet_TMP_Lab_Screenshots
183428,CollisionSetRegion_TMP_Lab_Screenshots
1839B6,CollisionSetRegion_DGN_DVG_TheNexus2
1839B8,CollisionSet_DGN_DVG_TheNexus2
18442C,CollisionSet_DGN_CAV_MattB
185462,CollisionSetRegion_DGN_CAV_MattB_Region
185BCA,CollisionSet_DGN_STR_AncientMausoleum
185BCC,CollisionSetRegion_DGN_STR_AncientMausoleum_Region
18889E,CollisionSetRegion_DGN_CAV_Gorhart_Jail_Region
1888A0,CollisionSet_DGN_CAV_Gorhart_Jail
1888A3,CollisionSetRegion_DGN_CAV_Didenhil_Jail_Region
1888A5,CollisionSet_DGN_CAV_Didenhil_Jail
1888A8,CollisionSetRegion_DGN_CAV_Whitestone_Jail_Region
1888AA,CollisionSet_DGN_CAV_Whitestone_Jail
1888AD,CollisionSetRegion_DGN_CAV_Ayten_Jail_Region
1888AF,CollisionSet_DGN_CAV_Ayten_Jail
1888B2,CollisionSetRegion_DGN_CAV_Emaire_Jail_Region
1888B4,CollisionSet_DGN_CAV_Emaire_Jail
189409,CollisionSet_OUT_DET_TRAN_South_02_to_Adessa
189F86,CollisionSetRegion_DONTSUBMITME
18A050,CollisionSetRegion_DGN_STR_Kandrian_Jail_Region
18A07A,CollisionSet_DGN_STR_Kandrian_Jail
18AC2A,CollisionSetRegion_DGN_HOL_Odarath_Jail_Region
18AC2C,CollisionSet_DGN_HOL_Odarath_Jail
18AD37,CollisionSetRegion_DGN_HOL_Midden_Jail_Region
18AD39,CollisionSet_DGN_HOL_Midden_Jail
18AE3A,CollisionSetRegion_TMP_DGN_CAV_MaridianMine_Region
18AE3C,CollisionSet_TMP_DGN_CAV_MaridianMine
18C136,CollisionSetRegion_INT_DAL_Ettinmere_TheOratory_Region
18C139,CollisionSet_INT_DAL_Ettinmere_TheOratory
18D014,CollisionSetRegion_DGN_CAV_Jail_Test_Space_Region
18D016,CollisionSet_DGN_CAV_Jail_Test_Space
18E9B8,CollisionSetRegion_INT_DAL_StEadrics_Chapel_Region
18E9BA,CollisionSet_INT_DAL_StEadrics_Chapel
192E78,CollisionSet_TMP_NA_ActivityTest_02
195488,CollisionSet_DGN_STR_HouseOfSorrows_02
19548A,CollisionSetRegion_DGN_STR_HouseOfSorrows_02
1966F2,CollisionSetRegion_INT_CTY_Adessa_PlayerHouse_03_Region
1966F4,CollisionSet_INT_CTY_Adessa_PlayerHouse_03
196A60,CollisionSet_TMP_QA_KSwearman
197E2A,CollisionSet_CIN_Simtype_Warehouse_01_01
1986AF,CollisionSetRegion_INT_CTY_Adessa_SandstoneVilla_02_Region
1986B1,CollisionSet_INT_CTY_Adessa_SandstoneVilla_02
1994DA,CollisionSetRegion_INT_CTY_Adessa_SandstoneVilla_01_Region
1994EB,CollisionSet_INT_CTY_Adessa_SandstoneVilla_01
199DA0,CollisionSet_Lighting_ArchsageDreamworld_01
19B8A4,CollisionSet_INT_CTY_Adessa_ReddleOffice
19B8A6,CollisionSet_INT_CTY_Adessa_ReddlesOffice
19B8A8,CollisionSetRegion_INT_CTY_Adessa_ReddleOffice_Region
19BA69,CollisionSetRegion_tmp_cember
19BA6D,CollisionSet_TMP_Cember
19C407,CollisionSet_TMP_OUT_POE_Island_01
19C409,CollisionSetRegion_TMP_OUT_POE_Island_01_Region
19F751,CollisionSetRegion_TMP_NA_Character_Lighting_Region
19F754,CollisionSet_TMP_NA_Character_Lighting
1A3DFC,CollisionSet_CIN_Warehouse_03_03
1A4484,CollisionSet_CIN_CourtofWinter
1A449C,CollisionSetRegion_CIN_CourtofWinter_Region
1A4EA8,CollisionSetRegion_DGN_STR_EagonnsGrave_Region
1A4EAD,CollisionSet_DGN_STR_EagonnsGrave
1A7558,CollisionSet_INT_DET_Whitestone_Inn_Shadow_Setup
1A8B36,CollisionSetRegion_TMP_NA_ActivityTest_02_Region
1AA5AB,CollisionSetRegion_TMP_NA_Pathing_Small
1AA5AD,CollisionSet_TMP_NA_Pathing_Small
1AA9DA,CollisionSet_CIN_Warehouse_06_01
1AAB46,CollisionSet_CIN_Warehouse_03_05
1AAF77,CollisionSetRegion_TMP_NA_WellTest_Region
1AAF79,CollisionSet_TMP_NA_WellTest
1AB3DE,CollisionSet_TMP_QA_LStiger
1AB82E,CollisionSet_CIN_Warehouse_03_01
1AB8D6,CollisionSet_DGN_WellofSouls_1b
1AB8D9,CollisionSet_DGN_WellofSouls_1c
1B20D9,CollisionSet_TMP_QA_ADavis
1B34A4,CollisionSet_INT_CTY_Rathir_TilerasQuarters
1B34A6,CollisionSetRegion_INT_CTY_Rathir_TilerasQuarters
1B6139,CollisionSet_TMP_QA_AWeeks
1B613C,CollisionSet_TMP_QA_AOliver
1B6AE4,CollisionSet_DGN_DVG_GlendaraPassage
1B6AE9,CollisionSetRegion_DGN_DVG_GlendaraPassage_Region
1B81C9,CollisionSet_CIN_Warehouse_03_04
1B9A9F,CollisionSetRegion_DMO_MoveCapture_Region
1B9AC0,CollisionSet_DMO_MoveCapture
1B9E22,CollisionSet_DLC1_DMO_NA_Character_CombatTest
1B9E7D,CollisionSetRegion_DLC1_TMP_NA_Character_CombatTest_Region
1C6BEF,CollisionSet_OUT_ALA_TRAN_South_01_to_East_01
1C74C2,CollisionSet_CIN_DGN_WellofSouls_8
1C74C5,CollisionSetRegion_CIN_DGN_WellofSouls_Region
1C7605,CollisionSet_CIN_CTY_MelSenshir_BossBattle_4thStage
1C7C93,CollisionSetRegion_TMP_NA_DLC3Test_Region
1C7CA8,CollisionSet_TMP_NA_DLC3Test
1C9F9C,CollisionSetRegion_INT_DAL_StEadrics_Bunkhouse_2_Region
1C9F9E,CollisionSet_INT_DAL_StEadrics_Bunkhouse_2
1CA9C2,CollisionSetRegion_OUT_GAL_Prototype
1CAA02,CollisionSet_OUT_GAL_Prototype
1CB6F5,CollisionSet_DLC1_TMP_INT_TestSpace
1CB6F7,CollisionSetRegion_DLC1_TMP_TestSpace
1CB978,CollisionSetRegion_DGN_SEW_Test_01
1CB97A,CollisionSet_DGN_SEW_Test_01
1CC0D4,CollisionSet_DLC2_TMP_NA_CombatTest
1CC0F4,CollisionSetRegion_DLC2_TMP_NA_CombatTest_Region
1CF1F7,CollisionSetRegion_DLC2_TON_Prototype
1CF1F9,CollisionSet_DLC2_TON_Prototype
1D15C0,CollisionSet_CIN_CTY_MelSenshir_BossBattle_2ndStage
1D1AAB,CollisionSet_CIN_TilerasQuarters
1D1AB0,CollisionSetRegion_CIN_TilerasQuarters_Region
1D1F99,CollisionSetRegion_DLC1_OUT_GAL_Region
1D1FE5,CollisionSet_DLC1_OUT_GAL_North_01
1D1FE7,CollisionSet_DLC1_OUT_GAL_East_01
1D1FE9,CollisionSet_DLC1_OUT_GAL_South_01
1D1FEB,CollisionSet_DLC1_OUT_GAL_West_01
1D1FED,CollisionSet_DLC1_OUT_GAL_TRAN_North_01_to_East_02_A
1D1FEF,CollisionSet_DLC1_OUT_GAL_TRAN_North_01_to_East_02_B
1D1FF1,CollisionSet_DLC1_OUT_GAL_TRAN_North_01_to_East_01_A
1D1FF3,CollisionSet_DLC1_OUT_GAL_TRAN_North_01_to_East_01_B
1D1FF5,CollisionSet_DLC1_OUT_GAL_TRAN_North_01_to_West_01_A
1D1FF7,CollisionSet_DLC1_OUT_GAL_TRAN_North_01_to_West_01_B
1D2023,CollisionSet_DLC1_OUT_GAL_TRAN_South_01_to_West_01_A
1D2025,CollisionSet_DLC1_OUT_GAL_TRAN_South_01_to_West_01_B
1D2027,CollisionSet_DLC1_OUT_GAL_TRAN_South_01_to_East_01_A
1D2059,CollisionSet_DLC1_OUT_GAL_TRAN_South_01_to_East_01_B
1D22A6,CollisionSetRegion_DLC1_OUT_GAL_Sandbar
1D22AC,CollisionSet_DLC1_OUT_GAL_Sandbar_01
1D2395,CollisionSetRegion_DLC1_OUT_GAL_Island_Region
1D2397,CollisionSet_DLC1_OUT_GAL_Island_01
1D23F1,CollisionSetRegion_DLC1_OUT_GAL_TheKeep_Region
1D23F5,CollisionSet_DLC1_OUT_GAL_TheKeep_01
1D334D,CollisionSet_DLC1_DGN_CAV_Test_01
1D3350,CollisionSetRegion_DLC1_DGN_CAV_Test_01
1D3428,CollisionSetRegion_DLC2_OUT_TeethOfNaros_Region
1D3431,CollisionSet_DLC2_OUT_TON_North_01
1D343A,CollisionSet_DLC2_OUT_TON_South_01
1D3574,CollisionSetRegion_DLC2_CTY_Idylla_Region
1D3576,CollisionSet_DLC2_CTY_Idylla
1D5BBC,CollisionSet_CIN_DGN_Tirnoch_BossBattle_BlackBox
1D5BBE,CollisionSetRegion_CIN_DGN_Tirnoch_BossBattle_Region
1D6A52,CollisionSet_Vignette_Warehouse_OUT_DAL_West_01_AgarthAmbush
1D8AD2,CollisionSet_DGN_CAV_FloodedCavern
1D8AD4,CollisionSetRegion_DGN_CAV_FloodedCavern_Region
1D8AD9,CollisionSet_DGN_CAV_SirensDen
1D8ADB,CollisionSetRegion_DGN_CAV_SirensDen_Region
1D8AE6,CollisionSet_DLC1_DGN_DVG_AkaraTor
1D8AE8,CollisionSetRegion_DLC1_DGN_DVG_AkaraTor_Region
1D8AF2,CollisionSet_DLC1_DGN_DKP_CliffbreakFasting
1D8AF4,CollisionSetRegion_DLC1_DGN_DKP_CliffbreakFasting_Region
1D8AF7,CollisionSet_DLC1_DGN_DKP_MudholdFasting
1D8AF9,CollisionSetRegion_DLC1_DGN_DKP_MudholdFasting_Region
1D8B07,CollisionSet_DLC1_DGN_DKP_GrayvhalFasting
1D8B09,CollisionSetRegion_DLC1_DGN_DKP_GrayvhalFasting_Region
1D8E80,CollisionSetRegion_DGN_CAV_AirShrine_Region
1D8E82,CollisionSet_DGN_CAV_AirShrine
1D8E85,CollisionSetRegion_DGN_CAV_EarthShrine_Region
1D8E87,CollisionSet_DGN_CAV_EarthShrine
1D8E90,CollisionSetRegion_DGN_CAV_JottunTower_Region
1D8E92,CollisionSet_DGN_CAV_JottunTower
1D8E95,CollisionSetRegion_DGN_SEW_SouthernPassage_Region
1D8E97,CollisionSet_DGN_SEW_SouthernPassage
1D8E9A,CollisionSetRegion_DGN_SEW_HyperianComplex_Region
1D8E9C,CollisionSet_DGN_SEW_HyperianComplex
1D8E9F,CollisionSetRegion_DGN_SEW_Nyxaros_Region
1D8EA1,CollisionSet_DGN_SEW_Nyxaros
1D8FD9,CollisionSetRegion_OUT_TON_PassageExterior_Region
1D8FE1,CollisionSet_OUT_TON_PassageExterior
1D91DD,CollisionSet_DLC1_OUT_GAL_TRAN_West_01_to_East_01
1D94DA,CollisionSet_DLC1_OUT_GAL_TRAN_North_01_to_West_01
1D94DC,CollisionSet_DLC1_OUT_GAL_TRAN_North_01_to_East_01
1D9C8B,CollisionSetRegion_DGN_DVG_AkaraTor_Region
1D9C8E,CollisionSet_DGN_DVG_AkaraTor
1D9D16,CollisionSetRegion_DLC1_OUT_GAL_GayvhalKeep_Courtyard_Region
1D9D18,CollisionSet_DLC1_OUT_GAL_GayvhalKeep_Courtyard
1D9E64,CollisionSet_DLC1_INT_GAL_GrayvhalKeep
1D9E66,CollisionSetRegion_DLC1_INT_GAL_GrayvhalKeep_Region
1D9FD9,CollisionSet_DLC1_OUT_GAL_TRAN_West_01_to_East_01_B
1DA00D,CollisionSet_DLC1_DGN_DKP_UnderseaFasting
1DA00F,CollisionSetRegion_DLC1_DGN_DKP_UnderseaFasting_Region
1DA5CD,CollisionSetRegion_DLC2_DGN_SEW_IdyllaSewer_Region
1DA5CF,CollisionSet_DLC2_DGN_SEW_IdyllaSewer
1DA723,CollisionSetRegion_DLC2_INT_CTY_Idylla_The_Lykeios_Region
1DA825,CollisionSet_DLC2_INT_CTY_Idylla_The_Lykeios
1DA895,CollisionSetRegion_DLC2_INT_CTY_Idylla_Theater_of_Andronikos_Region
1DA897,CollisionSet_DLC2_INT_CTY_Idylla_Theater_of_Andronikos 
1DA95D,CollisionSetRegion_DLC2_INT_CTY_Idylla_Gaianas_Respite_Region
1DA95F,CollisionSet_DLC2_INT_CTY_Idylla_Gaianas_Respite
1DAAA7,CollisionSetRegion_INT_CTY_Idylla_Primos_Sanctuary_Region
1DAAAB,CollisionSet_INT_CTY_Idylla_Primos_Sanctuary
1DB34C,CollisionSet_DLC2_OUT_TON_KahrunkTower
1DB34E,CollisionSet_DLC2_OUT_TON_TRAN_North_01_South_01_A
1DB350,CollisionSet_DLC2_OUT_TON_North_01_to_South_01_B
1DB376,CollisionSetRegion_DLC2_DGN_SEW_Nerotelos_Region
1DB378,CollisionSet_DLC2_DGN_SEW_Nerotelos
1DB3C3,CollisionSetRegion_DLC1_DGN_CAV_TidalPools_Region
1DB5D3,CollisionSet_DLC1_DGN_CAV_TidalPools
1DBD4C,CollisionSetRegion_DLC1_DGN_CAV_BrigandHideaway_Region
1DBD4F,CollisionSet_DLC1_DGN_CAV_BrigandHideaway
1DEC11,CollisionSet_tmp_adavis2
1DEC13,CollisionSetRegion_tmp_adavis2_region
1DFFA5,CollisionSetRegion_DLC1_GAL_DGN_DarkHarbor_Region
1DFFAF,CollisionSet_DLC1_DGN_CAV_DarkHarbor
1E457E,CollisionSet_CIN_OUT_POE_Destiny_Cards
1E4581,CollisionSetRegion_CIN_OUT_POE_Destiny_Cards_Region
1E4889,CollisionSetRegion_DLC2_DEV_KahrunkTower_Peak
1E488B,CollisionSet_DLC2_DGN_DEV_KahrunkTower_Peak
1E5DC3,CollisionSet_DLC2_DGN_SEW_UnderSewer
1E5DC5,CollisionSetRegion_DLC2_DGN_SEW_UnderSewer_Region
1E6590,CollisionSetRegion_DLC1_OUT_GAL_GravehalKeep_Courtyard_Stg2
1E6592,CollisionSetRegion_DLC1_OUT_GAL_GravehalKeep_Courtyard_Region_Stg1
1E6594,CollisionSet_DLC1_OUT_GAL_GravehalKeep_Courtyard_Stg2
1E6596,CollisionSet_DLC1_OUT_GAL_GravehalKeep_Courtyard_Stg1
1E7016,CollisionSetRegion_DLC2_WAREHOUSE_Region
1E7039,CollisionSet_DLC2_WAREHOUSE
1E80C6,CollisionSet_DLC1_OUT_GAL_North_02
1E80C8,CollisionSet_DLC1_OUT_GAL_TRAN_North_01_to_North_02
1E8A23,CollisionSet_DLC1_WAREHOUSE
1E8ABB,CollisionSetRegion_DLC1_WAREHOUSE_Region
1E92A3,CollisionSet_DLC1_INT_GAL_GravehalKeep_L1
1E92AD,CollisionSetRegion_DLC1_INT_GAL_GravehalKeep_L1
1E954F,CollisionSet_DLC1_INT_GAL_GravehalEmbassy
1E9551,CollisionSetRegion_DLC1_INT_GAL_GravehalEmbassy_Region
1E9844,CollisionSet_DLC1_INT_GAL_GravehalLibrary
1E9846,CollisionSetRegion_DLC1_INT_GAL_GravehalLibrary_Region
1EB5C4,CollisionSet_CIN_Warehouse_01_02
1EBA87,CollisionSet_DLC1_INT_GAL_GravehalKeep_L2
1EBA89,CollisionSetRegion_DLC1_INT_GAL_GravehalKeep_L2
1EBD14,CollisionSet_DLC1_INT_GAL_GravehalKeep_L3
1EBD17,CollisionSetRegion_DLC1_INT_GAL_GravehalKeep_L3
1EC63C,CollisionSet_DLC1_INT_GAL_GravehalKeep_L4
1EC643,CollisionSetRegion_DLC1_INT_GAL_GravehalKeep_L4
1F39CD,CollisionSet_DLC1_OUT_GAL_East_02
1F3BC7,CollisionSet_DLC1_OUT_GAL_TRAN_East_01_to_East_02
1F6D56,CollisionSetRegion_DLC2_TMP_Blackness
1F6D77,CollisionSet_DLC2_TMP_Blackness
1FB626,CollisionSet_DLC1_TMP_Pieces_Test_01
1FB629,CollisionSetRegion_DLC1_TMP_Pieces_Test_01_Region
1FFF9D,CollisionSetRegion_DLC2_DGN_CAV_EyriePeak_Region
1FFF9F,CollisionSet_DLC2_DGN_CAV_EyriePeak
2012BF,CollisionSetRegion_DLC2_INT_CTY_Idylla_Market
2012C5,CollisionSet_DLC2_INT_CTY_Idylla_Market
201E69,CollisionSet_TMP_RMorgan
201EA0,CollisionSetRegion_TMP_RMorgan_Region
202139,CollisionSet_DLC2_Warehouse_Idylla
202510,CollisionSetRegion_DLC2_WAREHOUSE_IDYLLA_REGION
203121,CollisionSetRegion_DLC3_DGN_DVG_Heddles_Region
203123,CollisionSet_DLC3_DGN_DVG_Heddles
203EB8,CollisionSet_DLC3_DGN_NCA_ToSocket
203ECE,CollisionSetRegion_DLC3_DGN_NCA_ToSocket_Region
2043D5,CollisionSetRegion_DLC3_DGN_STR_HuntsmansKeep_Region
2043D7,CollisionSet_DLC3_DGN_STR_HuntsmansKeep
204A19,CollisionSet_DLC3_DGN_NCA_ToSocket_Bright
204A1C,CollisionSetRegion_DLC3_DGN_NCA_ToSocket_Bright_Region
204C3E,CollisionSet_DLC3_TEMP_DGN_CAV_DwellersDen
204C40,CollisionSetRegion_DLC3_TEMP_DGN_CAV_DwellersDen
204D31,CollisionSetRegion_DLC3_DGN_DVG_Lyrden_Region
204D33,CollisionSet_DLC3_DGN_DVG_Lyrden
204FE5,CollisionSet_DLC3_DGN_CAV_RustedPit
205118,CollisionSetRegion_DLC3_OUT_IsleWytren_Region
20511A,CollisionSet_DLC3_OUT_IsleWytren
2051B6,CollisionSetRegion_DLC3_DGN_CAV_RustedPit_Region
205595,CollisionSet_DLC3_DGN_DVG_CabhanKeep
205596,CollisionSetRegion_DLC3_DGN_DVG_CabhanKeep_Region
205E91,CollisionSet_DLC3_DGN_CAV_DwellersDen
205EBF,CollisionSetRegion_DLC3_DGN_CAV_DwellersDen
206A5F,CollisionSetRegion_DLC3_DGN_DVG_Mondul
206A61,CollisionSet_DLC3_DGN_DVG_Mondul
