id,value
02702B,NPC_Grunt_Sword_01
027052,NPC_SK_Fist
032004,Player_Fists
03211A,Bow_Knee
03476C,NPC_Mura_Axe_01
039B4B,NPC_Defender_Spear_01
039B58,NPC_Defender_Shield_01
03A0EF,NPC_Berserker_Scythe_01
03A0F2,NPC_Berserker_Scythe_Left_01
03AC74,Player_Dash
03BCCB,Player_MirrorBlades
03CEAA,Player_Spear
03CF8C,NPC_Gonguan_Club_01
03DA37,NPC_Gonguan_Mesh_01
03E875,NPC_ScourgeKnight_Mesh_01
03EF1D,NPC_Mura_Right_Hand_01
03F2F9,NPC_Berserker_Mace_01
03F500,NPC_Bomber_Right_Arm_01
03FA96,NPC_Thraan_Mesh_01
0425CE,NPC_Gunner_Blowgun_01
045B97,NPC_Mura_TreeStaff_01
04AB1A,NPC_Massariol_Arms_01
04AB1B,NPC_Massariol_Legs_01
050321,NPC_Jottun_Hammer_01
051D77,Player_Hammer
051D7D,Player_Sword
058152,TMP_Trap_Spikes_01
0588A5,Trap_SpinningBlades
058D3D,Trap_SlidingBlades
058D3E,Trap_SlidingBlades_Double
05DE03,M0_Novarrean_Sword
0603BD,Player_Unarmed
0664AD,NPC_Niskaru
06B224,Player_Staff
06B5CA,NPC_Jottun_OCP
06C165,Meteor_Projectile
06C18A,NiskaruProjectile_OCP
06C7BF,Player_Defense
06C7C1,Antelope_Defense
06C7C4,Chicken_Defense
06C7C9,NPC_Jottun_DCP
06C7CA,Niskaru_Defense
06C7CB,Human_Defense
06C86A,Default
06C8A2,Gonguan_Defense
0718F4,Massariol_Defense
072117,Thraan_Defense
073946,Smashable_Small_Defense
074568,Player_Daggers
078C3B,Boggart_DCP
078C3F,Boggart_OCP
07C30A,Brownie_DCP
07C4B2,Brownie_OCP
07C7AF,Giant_Spider_Defense
07C7B9,Giant_Spider_Offense
07F216,Trap
07F217,Trap_Proximity_OCP
08351F,Murghan_Trident_OCP
0841CE,Empty_OCP
0842B4,jwats_test
0842B5,Shield
0849D0,NPC_Barghest_OCP
0849D1,NPC_Barghest_DCP
084E3B,NPC_GiantSpider_OCP
084F68,Player_Sword2H
08D9C2,TMP_Trap_Pendulum
08FBE5,NPC_Troll_DCP
08FBF1,NPC_Troll_OCP
08FDC1,NPC_Troll_Club_OCP
090596,NPC_GiantRat_DCP
0905A8,NPC_Sprite_DCP
0918A4,NPC_GiantRat_OCP
092644,NPC_Sprite_OCP
09281E,Player_Magic_Lunge
094FA6,Kobold_Stick_OCP
098A68,NPC_Kobold_Javelin_Projectile_OCP
09F5C4,Smashable_Small_Offense
0A0BD8,Niskaru_Hunter_OCP
0A0BF9,Niskaru_Hunter_DCP
0A454B,Smashable_Medium_Defense
0A454C,Smashable_Medium_Offense
0A4558,Smashable_Large_Defense
0A4559,Smashable_Large_Offense
0A4562,Smashable_XLarge_Defense
0A4563,Smashable_XLarge_Offense
0A9E99,Trap_Arrow_OCP
0AE0D7,Bolgan_DCP
0AF3AC,Bolgan_Sword_OCP
0AF76C,Bolgan_OCP
0AFFFE,Leanashe_DCP
0B043D,Fear_Gorta_OCP
0B043F,Fear_Gorta_DCP
0B0441,Fear_Gorta_Axe_OCP
0B1248,Leanashe_OCP
0B18C1,Bolgan_Shield_OCP
0B7F2D,Chicken_Overlord_Offense
0B8BA4,QA_RayM_BVT_CollisionProf
0B9CED,Ettin_OCP
12F9F3,Ettin_Hammer_OCP
136889,Player_Chakram
13A008,Balor_offense
13B56C,balor_defense
13BF68,Bogeyman_DCP
13C500,test_balor_left_hand
13D1B1,balor_head_defense
13DDA0,Bogeyman_OCP
13FB26,Ettin_DCP
14091B,NPC_Spear_OCP
141BB6,Bogeyman_Ammo_DCP
143CA1,NPC_OCP
143CE3,NPC_DCP
144335,NPC_Sorcerer_SpellRune_OCP
145249,Banshaen_DCP
14524B,Banshaen_OCP
145DC5,NPC_Sorcerer_BubbleShield_DCP
1475EF,Trap_Pendulum_OCP
147D61,Weapon_Bow_OCP
15314F,Kobold_Dagger_OCP
153EA5,ammo_basic
154956,DOK_MEL_Ladder_DCP
15B80E,NPC_Thresh_DCP
15D747,NPC_Thresh_OCP
15FE6B,Player_Offense
161356,TRP_MagicalMine01
164C40,TRP_Beartrap
164DB1,TRP_PoisonPool01
164DC7,TRP_PoisonWater_1x1
167001,TRP_Plant_Snapper01
16D725,TRP_Blades_ammo01_OCP
172061,Tirnoch_OCP
172062,Tirnoch_DCP
177252,NPC_Explodapod_OCP
17B3B6,smashable_tirnoch_prismere_small
17B3B7,smashable_tirnoch_prismere_medium
17B3B8,smashable_tirnoch_prismere_large
187452,Bear_DCP
187453,Bear_OCP
187465,Wolf_OCP
187466,Wolf_DCP
188FEB,Cow_DCP
188FEC,Cow_OCP
189A2D,Sceptre_Ground_Projectile
18C0BE,Chicken_Overlord_DCP
18C689,NPC_SplinterOfFate_OCP
19382C,TRP_Fire01_Collision
19B0A6,RootOnly_DCP
19E391,RainingArrows
1A697C,Balor_Malwyn_offense
1A7336,EchoesOfFate
1A858D,GEN_sparringdummy_01_DCP
1B20A8,NPC_Tilera_Shield_DCP
1B5C25,WoS_LightningMagic_DeviceDCP
1B5EF2,Trap_FallingSpike_OCP
1B60AB,Trap_FallingPile_OCP
1B8063,WOS_Spiderweb_Door_DCP
1BB257,GiantSpider_Small_DCP
1BC94E,TUA_Prismere_Chantry_Crystal_DCP
1CDFE9,GNO_CollapsingTower_OCP
1CFCB4,Arrow_OCP
1D3897,DLC1_RootGolem_DCP
1D4450,DLC1_Scarab_OCP
1D4451,DLC1_Scarab_DCP
1D5CCB,WAR_Barrier_OCP
1D5CCC,WAR_Barrier_DCP
1D7E90,SonsOfLaz_Sword_OCP
1D976F,DLC1_RootGolem_OCP
1DAAA4,DLC2_Kollossae_OCP
1DAAA6,DLC2_Kollossae_DCP
1DCFA1,DLC1_Boggart_Ammo_OCP
1DD739,DLC1_TRP_Fishhead_Spike_01
1E4B84,DLC2_Pteryx_OCP
1E71F5,DLC1_Grimjaw_DCP
1E71FC,DLC1_Grimjaw_Hammer
1E87C1,DLC1_Grimjaw_OCP
1EB6B1,DLC2_Pteryx_DCP
1FB281,NPC_Spear_KOLL_OCP
1FE4F0,DLC2_NPC_Sprite_OCP
20088E,DLC2_Kollossae_Statue_OCP
200FE8,DLC2_OBJ_UpwardBlast_OCP
2038B0,DLC1_RockMonster_Weapon_OCP
20563B,DLC3_TRP_Plant_Snapper01_Defensive
