id,value
09514F,FirstDecalEver
0ABCE9,Decal_FX_BloodSplat_01
0AEFA8,Decal_FX_Scorch_01
1424B9,Decal_FX_Spell_Lightning_01
1428B2,Decal_FX_Sprite_Champ_Lightning_01
142AD5,Decal_FX_Staff_Fire_Ball_01
142E3A,Decal_FX_Sceptre_Lightning_Proj_01
142E70,Decal_FX_Sceptre_Fire_Proj_01
142E84,Decal_FX_Bow_Fire_Proj_01
142EC9,Decal_FX_Bow_Lightning_Proj_01
143635,Decal_FX_Spell_Quake_01
1478C1,Decal_FX_Spell_Quake_Scorch_01
148FA9,Decal_FX_Spell_Quake_Attack_01
1498B8,Decal_FX_Chakram_Ice_Proj_01
14A601,Decal_FX_Balor_Claw_Smash_Crack_01
152045,Decal-FX_Sorcerer_RuneTrap_Explo_01
153161,Decal_FX_BloodSplat_02
153165,Decal_FX_BloodSplat_03
153168,Decal_FX_BloodSplat_04
153197,Decal_Static_BloodSplat_02
15319A,Decal_Static_BloodSplat_03
1531A2,Decal_Static_BloodSplat_01
1531A4,Decal_Static_BloodSplat_04
15DA73,Decal_FX_Wrath_launch_Crack_01
160D7D,Decal_FX_FrostTrap_01
1626AB,Decal_FX_Ice_Proj_Big_01
167708,Decal_Staff_Fire_Spec_AOE_03
173516,Decal_FX_SlimeSplat_01
182E93,Decal-FX_Meteor_Expl_02
182F13,Decal-FX_Meteor_Expl_01
18884B,Decal_FX_Reckoning_Enter
1893C6,Decal_FX_Niskaru_Portal_01
1A4943,Decal_FX_EHarmony_Ice
1A5FCC,Decal-FX_EHarmony_Fire
1A5FF6,Decal_FX_Sceptre_Ice_Proj_01
1AB898,Decal_FX_BloodSplat_01_Med
1C230D,Decal-FX_Scorch_02
1CAC10,Decal_FX_Scorch_01_large
1CADEA,Decal_FX_SlimeSplat_01_small
1D1CEC,Decal_FX_BloodSplat_02_med
1D1CED,Decal_FX_BloodSplat_01_SM
1D1CEE,Decal_FX_BloodSplat_05
1D24DD,Decal_FX_Ice_Proj_Med_01
1D24DE,Decal_FX_Scorch_01_Med
1D25AD,Decal_FX_Storm_Small_01
1D50CC,Decal_FX_BloodSplat_02_Med2
1D50CD,Decal_FX_BloodSplat_01_Med2
1D5BD4,Decal_FX_Scorch_01_Sml
1D5BD7,Decal_FX_Ice_Sml_01
1E21A0,DLC1_Decal_FX_Cracks_02_MD
1E254D,DLC1_Decal_FX_Cracks_01_LG
1E25FD,DLC1_Decal_FX_Scarab_Spore_Imp_01
1EE952,Decal-FX_Scorch_03
1FA2F7,DLC1_Decal_FX_VIne_Crack_LG
1FC840,DLC2_Decal-FX_Scorch_02
20566B,DLC2_Primos_Battle_Rock_Crack
