id,value
03E285,standard01
082F9D,90 degree standard
082FC6,Intimidation_Standard
0841C8,Unsociable_Standard
166031,Gnome_Standard
16C7B9,Ohnstand_Jail
16E060,Tulan_Jail
170F9C,Dreamworld
173373,Skycrown
173E69,Nyrilm
188E3B,Prison_Close
189BF4,Prison_Medium
189C1C,Prison_Long
1A2F65,Crown_Clouds
1A4210,Meditation
1B3662,Sociable
1E663D,Kollossae_standard
1EBE0D,Kollossae_Prisoner
1ECB35,Throne_Player
1F35CF,DLC1_DedKel_Dailogue
1FA4EF,Ethene_Standard
1FD236,Gnome_Throne
1FE705,DLC1_AkaraTree_Dialogue
200102,DLC2_Kollossae_Distance
