id,value
082C95,Hero-Staff_Attack_Chain
083610,Hero-Staff_Idles
08D02A,Hero-Hammer
0930E2,Hero_Bow_Character_Fx
0931C9,Hero_bow_Character_fx_table
130BFD,Hero-Sword_2H
130BFE,Hero-Sceptre
134582,Hero-Dagger_Character_FX
136916,Hero-Chakram
1486B0,Hero-FaeBlade_Character
16230C,Hero-Staff_Attack_Charge_Special
170157,Hero-Hammer_Special
173E10,Hero-Staff_Attack_Block_Special
17685D,Hero-Staff_Delay_Special
18275B,Hero-Sword
18600F,Hero-Sceptre_Special
1887C2,Hero-Arrow_Trail
198A25,Hero-Chakram_Special
