id,value
03CD18,StatusEffect_Fire
03F10A,Loot
03F1BA,StatusEffect_Berserk
040A5C,Ghost
04359F,StatusEffect_Lightning
0435A0,StatusEffect_Ice
0435A1,StatusEffect_Bleeding
0435A2,StatusEffect_Poison
0435A4,StatusEffect_Charm
0435A5,StatusEffect_Petrify
057528,Stealth
06B5C2,SlowTime
06C4EC,ManaShield
06F86C,Invisible
08023C,StatusEffect_Stun
0831F1,Healing
08BD77,Enraged
08CEAE,UnEnraged
094494,SpriteChampionFlame
094495,SpriteChampionFrost
094496,SpriteChampionStorm
09755E,SpriteBoostFlame
09755F,SpriteBoostFrost
097560,SpriteBoostStorm
09C186,Fate_RightArm_Stage1
09C187,Fate_RightArm_Stage2
09C188,Fate_RightArm_Stage3
09C18A,Fate_RightArm_Stage4
09D9D3,Fate_BothArms_Stage1
09D9D8,Fate_BothArms_Stage2
09D9D9,Fate_BothArms_Stage3
09D9DA,Fate_BothArms_Stage4
0A34BD,Reckoning_Effects
0A42F9,Reckoning_NPC
0A4833,Fate_Hammer_Stage1
0A4834,Fate_Hammer_Stage2
0A4835,Fate_Hammer_Stage3
0A4836,Fate_Hammer_Stage4
1374A7,Ambient_Boggart
13B8DC,Ambient_Boggart_Plaguebearer
1415DD,Ambient_Sorcerer
15853B,WarCry
158542,Terror
15C3D6,Weapon_Flaming_RightHand
15C543,Wrath
15F030,Sorcery_SummonFamiliar_IsFamiliar
1606E8,Ambient_Boggart_Tainted
161970,Ambient_Thresh
167C5A,BattleFrenzy
167E72,MarkOfFlame
16C1B1,Ambient_Jottun_Runelord
16DAE1,Ambient_NiskaruHunter
170F1A,MarkOfFlame_Prime
170F1B,MarkOfFlame_Execute
17318E,Dagger_Hold_Special_FX
176BA4,Just_Frame
177D74,PlayerAbility_Adrenaline_Surge
177E8A,Sorcery_SummonFamiliar_BuffAura
178FB1,PlayerAbility_Envenomed_Edge
17D52E,BladeHoning
17E5DA,Might_Vengeance
181BCB,PlayerAbility_EtherealGuard
187BAE,Ambient_FaerGorta
187D9B,Sceptre_Block_Special_Execute_Ice
1881EF,Ambient_Banshaen
18BF86,Ambient_Niskaru_Tyrant
18BF87,Ambient_Niskaru_Horrinox
18C0AF,Ambient_Cow
18CCBB,Quest_BalladsEnchantment
18F2EC,Sceptre_Block_Special_Execute_Lightning
18F2ED,Sceptre_Block_Special_Execute_Fire
1923B2,Ambient_Tirnoch
193076,PlayerAbility_Celerity
193918,Quest_HouseOfBallads_WindemereDoor
1980B8,StatusEffect_Frozen
198C12,Splinter_Weapon_Warrior
198C21,Splinter_Weapon_Mage
198C26,Splinter_Weapon_Rogue
19AB33,Quest_HouseOfBallads_MaidOfWindemere
19B12C,StatusEffect_Invincibility
19FBB4,DestinyBuff_Merciless
1A02A3,Curse_BloodSacrifice
1A13A8,Ambient_DaughterOfLaz
1A1A76,Ambient_Gadflow_Projection
1A2D3C,Quest_SQ61_Bleeding_Ambient
1AE15E,FX_Execution_Small
1AE293,FX_Execution_Large
1AE764,DestinyBuff_Merciless_Impact
1AE8A6,React_StaffDelay_Ice
1AE8A7,React_StaffDelay_Fire
1AE8A8,React_StaffDelay_Lightning
1B38DB,FX_Execution_Medium
1B5BC7,Player_Fate_Rewarded
1B60E5,Player_Fate_Full
1B7FA4,NPC_BulwarkStunned
1BAD40,NPC_BulwarkStunned_Large
1BD771,Additive_WeaponPush
1C0DB0,Ambient_NPC_FX_Remove_On_Death
1CF014,Fate_Splinter_Ambient_FX
1D673D,NPC_QuestEssential_Dead
1D6754,StatusEffect_IncapFSK
1D82DD,Activate_Impact_1_VeryLight
1D82DF,Activate_Impact_2_Light
1D82E0,Activate_Impact_3_Normal
1D82E4,Activate_Impact_4_Heavy
1D82E5,Activate_Impact_5_VeryHeavy
1DDE47,Quest_Possessed_FX
1DEAB2,StatusEffect_Primal
1E9AA2,NPC_Sleeping
1EA4D9,NPC_Sheathing_HideDuringActivity
1EC095,SoundEvent_VeryLoud
1EC097,SoundEvent_Loud
1EC099,SoundEvent_Medium
1EC09C,SoundEvent_Quiet
1F0179,Ambient_Maiden_Windemere
1F1C75,NPC_Props_HideDuringContextReact
1F56AD,React_PlayersManaDrain
1F8021,Sceptre_Block_Special_Execute_Primal
1FB85B,DLC1_Effect_MagicStun
1FCC43,DLC1_Baronett_Image
1FE282,DLC2_SpriteChampionPrimal
205916,DLC2_Kahrunk_A
205917,DLC2_Kahrunk_B
207C15,DLC2_SpriteBoostPrimal
207FBE,DLC2_Primos_Curse_Triggered_FX
