id,value
0615CF,OBSOLETE_ENC_Specific_Boggarts_L
0615D0,OBSOLETE_ENC_Specific_Boggarts_M
0615D1,OBSOLETE_ENC_Specific_Boggarts_S
061CDB,OLD_ENC_Grasslands_Barghest_E_M
061FEA,OBSOLETE_ENC_Specific_Jottun_S
061FEB,OBSOLETE_ENC_Specific_Jottun_M
061FEC,OBSOLETE_ENC_Specific_Jottun_L
061FED,OBSOLETE_ENC_Specific_Barghest_S
061FEE,OBSOLETE_ENC_Specific_Barghest_M
061FEF,OBSOLETE_ENC_Specific_Barghest_L
061FF0,OBSOLETE_Specific_Kobolds_L
061FF1,OBSOLETE_Specific_Kobolds_M
061FF2,OBSOLETE_Specific_Kobolds_S
06200E,OBSOLETE_Specific_Ettins_S
06200F,OBSOLETE_Specific_Ettins_M
062010,OBSOLETE_Specific_Ettins_L
062014,OBSOLETE_ENC_Caves_Kobolds_E_S
062015,OBSOLETE_ENC_Caves_Kobolds_E_M
062016,OLD_DONTUSE_ENC_Caves_Kobolds_E_L
06BA66,OBSOLETE_ENC_Specific_Bears_S
06BA67,ENC_Specific_Bears
06BA68,OBSOLETE_ENC_Specific_Bears_L
06BA69,OBSOLETE_Specific_GiantSpiders_L
06BA6A,OBSOLETE_Specific_GiantSpiders_M
06BA6B,OBSOLETE_Specific_GiantSpiders_S
06BA6C,OBSOLETE_Specific_Brownies_L
06BA6D,OBSOLETE_Specific_Brownies_M
06BA6E,OBSOLETE_Specific_Brownies_S
06BA6F,OBSOLETE_ENC_Specific_Sprites_L
06BA70,OBSOLETE_ENC_Specific_Sprites_M
06BA71,OBSOLETE_ENC_Specific_Sprites_S
06BA72,OBSOLETE_ENC_Specific_Sprites_L_Hard
06BA73,OBSOLETE_ENC_Specific_Sprites_M_Hard
07F02F,OBSOLETE_ENC_Specific_Trolls_S
07F030,OBSOLETE_ENC_Specific_Trolls_M
088055,ENC_Forest_Bandits_S
088056,ENC_Forest_Bandits_M
088057,ENC_Forest_Bandits_L
0915F9,ENC_UnseelieGuards_S_01
092C08,OBSOLETE_ENC_Specific_Niskaru_S
092C09,ENC_Specific_NiskaruTyrant
096908,OBSOLETE_ENC_Specific_GiantRats_S
096909,OBSOLETE_ENC_Specific_GiantRats_M
09690A,OBSOLETE_ENC_Specific_GiantRats_L
097B55,ENC_QUEST_KV03_Mages_S
097B56,ENC_QUEST_KV03_Mages_M
097B57,ENC_QUEST_KV03_Mages_L
09FC9D,ENC_QUEST_HM06_Boggarts
09FC9E,ENC_QUEST_HM06_Trolls
09FC9F,ENC_QUEST_HM06_Sprites
09FCEB,ENC_QUEST_HM06_Kobolds
0A2437,OLD_DONTUSE_Specific_Murghan_L
0A2438,ENC_Specific_Murghan
0A2439,OLD_DONTUSE_Specific_Murghan_S
0A3C02,OBSOLETE_ENC_Specific_Sprites_Frost_M_Hard
0A57A2,OBSOLETE_ENC_Specific_Sprites_Flame_M_Hard
0A57A3,OBSOLETE_ENC_Specific_Sprites_Flame_L_Hard
0A60D5,OBSOLETE_ENC_Specific_Bolgans_L
0A60D6,OBSOLETE_ENC_Specific_Bolgans_M
0A60D7,OBSOLETE_ENC_Specific_Bolgans_S
0A90D3,OBSOLETE_ENC_Specific_SonsofLaz_S
0A90D4,OBSOLETE_ENC_Specific_SonsofLaz_M
0A90D5,OBSOLETE_ENC_Specific_SonsofLaz_L
0A9311,ENC_Specific_NiskaruHorrinox
0A98C7,OBSOLETE_ENC_Specific_NiskaruHunters_M
0A98C8,OBSOLETE_ENC_Specific_NiskaruHunters_S
0AB535,OBSOLETE_ENC_Specific_Sprites_Frost_S_Hard
0AEA92,OLD_DONTUSE_Specific_TuathaRaiders_S
0AEA93,OLD_DONTUSE_Specific_TuathaRaiders_M
0B1B49,OBSOLETE_ENC_Specific_Threshes_S
0B1B4A,ENC_Specific_Thresh
0B1B4B,OBSOLETE_ENC_Specific_Threshes_L
0B3556,ENC_Specific_Bogeyman_S
0B3557,ENC_Specific_Bogeyman_M
0B3558,ENC_Specific_Bogeyman_L
0B355C,OBSOLETE_ENC_Specific_Leanashe_S
0B355D,ENC_Specific_Leanashe
0B355E,OBSOLETE_ENC_Specific_Leanashe_L
0B498A,ENC_Specific_Gnomes_S
0B99F7,OBSOLTE_ENC_Darkvari_Bandits_S
0B99F8,ENC_Specific_Darkvari_Bandits
0B99F9,OBSOLTE_ENC_Cynric_Bandits_S
0B99FA,ENC_Specific_Cynric_Bandits
0B9A00,OBSOLTE_ENC_Zungar_Bandits_S
0B9A01,ENC_Specific_Zungar_Bandits
0CE49C,OBSOLETE_ENC_Specific_Wolves_S
0CE49E,OBSOLETE_ENC_Specific_Wolves_M
0CE4A0,OBSOLETE_ENC_Specific_Wolves_L
12F993,ENC_DAL_WildFae_M
12F994,ENC_DAL_WildFae_L
12F9E2,ENC_DET_WildFae_M
12F9EC,ENC_Quest_HV07_Assassins
1319C6,ENC_POE_WildFae_S
1319C7,ENC_POE_WildFae_M
1319C8,ENC_POE_WildFae_L
1319CC,ENC_POE_Spooky_S
131C99,OBSOLETE_Specific_FaerGorta_S
131C9A,OBSOLETE_Specific_FaerGorta_M
131C9B,OBSOLETE_Specific_FaerGorta_L
133CE3,ENC_Specific_Banshaen_Cave
133CE8,OBSOLETE_ENC_Specific_Banshaen_High
133CE9,ENC_Specific_Banshaen
133CF5,OLD_DONTUSE_Specific_Banshaen_Murghan_S
133CF6,ENC_SpecificGroup_Banshaen_Murghan_Cave
133CF7,OLD_DONTUSE_Specific_Banshaen_Murghan_L
135260,ENC_U04_FearGorta_M
135DE2,ENC_Specific_BoggartPlaguebearers
136915,ENC_MQ13_TuathaCamp_L
13AA1B,ENC_MelSenshir_Ladder
13AA6B,ENC_MelSenshir_CrossBattle
13B070,ENC_MelSenshir_Tuatha_Melee_Mix
13B23F,ENC_QUEST_Adessa_Sparring
13B25D,ENC_AdessaChest_VeryEasy
13B25E,ENC_AdessaChest_Easy
13B25F,ENC_AdessaChest_Average
13B260,ENC_AdessaChest_Hard
13B261,ENC_AdessaChest_VeryHard
13B444,ENC_Crime_Adessa
13BE33,ENC_Adessa_BankEnforcers
13E68F,ENC_Quest_KV10_Finale_Mages
13E690,ENC_Quest_KV10_Finale_Niskaru
13E691,ENC_Quest_KV10_Mages_L
13E692,ENC_Quest_KV10_Mages_M
13E73D,ENC_MQ15_Pride_Attackers
13E9C4,ENC_Quest_TR08_GnomeSentries
13E9D6,ENC_Quest_TR08_TravelerGuards
13EA0C,ENC_Quest_FFQ23_Cynric
13EA0D,ENC_Quest_FFQ23_Darkvari
13EA0E,ENC_Quest_FFQ23_Zungar
13EC6A,ENC_Quest_HM02_Uduath
13EC6B,ENC_Quest_HM02_Uduath_BloodyBones
13EDDD,MQ09_Azaghaal
13EDDE,MQ09_Windstone_Niskaru_01
13EDF1,ENC_MQ14_FinalBattle_FirstWave
13EDF2,MQ14_Defense_1x1B
13EDF3,MQ14_Defense_2x1
13EDF5,MQ14_Defense_2x1B
13EDF6,MQ14_Defense_3x1
13EDF7,MQ14_Defense_3x1B
13EE25,ENC_CASE_Adessa
13EE2C,ENC_Quest_SQ29_CulnCenter
13EE33,ENC_Quest_MQ14_ASE_Laz_Ambush
13EE35,ENC_Quest_SQ52_Miners
13EEF2,ENC_Quest_SQ12_Brownies
13EEF3,ENC_Quest_SQ15_Barghest
13EEF4,ENC_Quest_SQ15_Boggarts
13EEF5,ENC_Quest_SQ16_Spiders
13EEF6,ENC_Quest_SQ18_CannerocSpiders
13EEF9,MQ15_Pride_Warband
13EF58,ENC_Quest_MQ03_Assassins_W1_4x1
13EF5A,ENC_Quest_MQ03_Niksaru_Attack
13EF67,ENC_Quest_SQ26_Bell
13EF68,ENC_Quest_SQ26_Book
13EF6A,ENC_Quest_SQ26_First
13F029,ENC_Quest_MQ07_Assassins_4x1
13F02A,ENC_Quest_SQ61_OrwinAttack
13F02B,ENC_Quest_MQ11_Tuatha
13F032,ENC_Quest_SQ29_NearAnela
13F034,ENC_Quest_SQ60_LoutreEncounter
13F717,ENC_Quest_SQ09_ConnovarCamp
13FDFA,ENC_FP02_Boggarts
13FDFB,ENC_FP02_Barghests
13FDFC,ENC_FP02_Leanashe
14256D,ENC_Quest_SQ95_Brownies
142CD2,ENC_Quest_FP03_Sorrows_S
142CD3,ENC_Quest_FP03_Sorrows_M
143314,ENC_Quest_SQ96_MirriusGuards
143527,ENC_SQ102_TuathaRaiders_L
1435F0,ENC_SQ102_TuathaRaiders_M_2
144C66,ENC_FP04_Kobolds
1466CC,OBSOLETE_ENC_Specific_Jottun_Runewielder_M
1466E1,OBSOLETE_ENC_Specific_Jottun_Chieftain_S
148157,ENC_MelSenshir_Reinforcement_Melee
148158,ENC_MelSenshir_Reinforcement_Ranged
148ED5,ENC_Specific_DeadGiantRats_M
148FD1,ENC_Specific_Niskaru_NoEmerge_S
1496A7,ENC_MelSenshir_Tuatha_Melee_1h
1496AA,ENC_MelSenshir_Guard_Melee
14A454,ENC_FP05_Monsters
14A455,ENC_FP05_Final
14A625,ENC_MelSenshir_Tuatha_CasterAmbush
14C7D7,ENC_Tuatha_Soldier
14C7D8,ENC_Tuatha_Zealot
14C7DD,ENC_Tuatha_Overlord
14C7E7,ENC_FP06_FinalBattle_01
14CC6A,ENC_Tuatha_Raider
14CC9A,ENC_POE_TywiliCoast
14CCAE,ENC_DET_Apotyre
14CCB2,ENC_DET_TheHollowlands
14D58D,ENC_Specific_Prismere_Troll
14D967,ENC_WoS_Crossbattle_L
14F29F,OBSOLETE_ENC_Specific_RedLegion_S
14F2A0,ENC_Specific_RedLegion
14F9F2,ENC_FFQ08_Encounter
14FADF,ENC_WoS_Crossbattle_S
150936,ENC_Specific_Freemen
1509A8,ENC_WoS_FinalAssassin_01
150DAC,ENC_SQ69_Tuatha01
150DCF,ENC_SQ69_Tuatha02
150DD0,ENC_SQ69_Tuatha03
150DD1,ENC_SQ69_Tuatha04
150DD2,ENC_SQ69_Tuatha05
150DD5,ENC_SQ69_Tuatha06
15185D,ENC_SQ114_Bolgan_1
151860,ENC_SQ114_Bolgan_2
151B5C,ENC_WoS_Kobolds_S
151B60,ENC_WoS_Crossbattle_Kobolds
1526FC,ENC_KV_Dokkalfar_Sorcerers_LowTier
1526FE,ENC_KV_Dokkalfar_Sorcerers_HighTier
1559F9,ENC_DET_Menetyre_Jottun
1559FA,ENC_DET_Menetyre_Spiders
155A68,ENC_DET_Menetyre_Kobolds
155F7A,OBSOLETE_ENC_AllestarGlade_Kobolds_Barghests_S
155F7B,OBSOLETE_ENC_AllestarGlade_Kobolds_Barghests_M
155F7C,OBSOLETE_ENC_AllestarGlade_Kobolds_Barghests_L
15647F,ENC_CASE_Arden
1565BB,ENC_Bhaile_SpearsArchers
1567CA,ENC_CASE_Gorhart
1586ED,ENC_Quest_HV03_01
1586EF,ENC_Quest_HV05
1586F0,ENC_Quest_HV06
15877D,ENC_WoS_FinalAssassin_02
158803,ENC_WoS_Assassins_Lab
159323,ENC_Quest_TR01_Penalty
1598C7,MQ03_Ettin_Ambush
15BB6D,ENC_CASE_Ysa
15BF3F,ENC_POE_Galafor
15C302,ENC_MQ03_Kobolds_M
15C303,ENC_MQ03_Kobolds_S
15C354,ENC_MQ03_Ettins_M_NoFate
15C356,ENC_MQ03_Ettins_S_NoFate
15EF65,ENC_KLU_CaeledCoast
15EF68,ENC_DAL_Haxhi
160B82,ENC_DET_TheHollowlands_Quick
160B9C,OBSOLETE_ENC_DET_TheHollowlands_Small
162D56,ENC_Specific_Crudok
16464F,SQ124_Encounter2
16466A,SQ124_Encounter3
16E0F7,ENC_CASE_Didenhil
170715,ENC_DAL_Webwood
170716,ENC_DAL_Webwood_Battles
170717,ENC_DAL_Webwood_Brood
170960,ENC_DET_TheRedMarches
17101C,HV02_Bandits
17484C,ENC_CASE_Rathir
175EF9,HV02_Remus
176754,ENC_DAL_TheSidhe
17678F,HV03_Sorcerers
177DDE,ENC_CASE_HouseofValor
178300,ENC_Specific_Kobolds
178306,ENC_Specific_Brownies
17831A,OBSOLETE_ENC_Specific_Brownies_QuickAggro
17832A,ENC_Specific_GiantSpiders
1783DA,ENC_SpecificGroup_Crudok_GiantSpiders
1783F9,ENC_Specific_FaerGorta
1783FA,ENC_SpecificGroup_Barghests_Brownies
178548,ENC_Specific_Ettins
178549,ENC_SpecificGroup_Boggarts_Sprites
17AD00,ENC_HV04_Blademaster
17AE09,ENC_HV04_ArenaArmed
17AE0A,ENC_HV04_ArenaUnarmed
17C044,SQ125_Encounter01
17CBAD,ENC_SQ80_AlfarSoldiers
17CC36,ENC_SQ80_Tuatha_1
17CC37,ENC_SQ80_Tuatha_2
17CC38,ENC_SQ80_Tuatha_3
17CC39,ENC_SQ80_Tuatha_4
17D6FF,ENC_SpecificGroup_Banshaen_Murghan
17D700,OBSOLETE_ENC_SpecificGroup_Banshaen_Murghan_High
17D70D,ENC_Specific_Murghan_Cave
17D70E,ENC_Specific_Murgan_Elite
17F3AF,ENC_CASE_Emaire
17F3BA,ENC_CASE_TirinsRest
180389,ENC_FFQ71_Tuatha_1
18038A,ENC_FFQ71_Tuatha_2
180C0D,OBSOLETE_ENC_Specific_Murghan_Elite
180CE5,ENC_HaxhiDam_CaveEncounter
180E37,ENC_SQ94_Mercenaries
181019,ENC_Specific_Rock_Troll
181025,ENC_Specific_Mountain_Troll
181083,ENC_CAV_Sundur_Troll_Sprites
181592,ENC_Specific_BelensTestament
1822AD,ENC_DVG_Aodh_Small
1822AE,ENC_DVG_Aodh_Large
18237C,ENC_DAL_Ettinmere
183EDB,ENC_Quest_SQ67_Petraun
183EDC,ENC_Quest_SQ67_Meraun
183EDD,ENC_Quest_SQ67_Orsaun
183FE6,HV03_Jottun
1844D4,ENC_HOL_Arduath_S
1844D5,ENC_HOL_Arduath_L
184B8B,ENC_HOL_Uduath_S
184B8C,ENC_HOL_Uduath_L
185329,HV04_Encounter
1854F8,ENC_DET_Alserund
185876,ENC_QUEST_HV01
185CA4,MQ14_ENC_SonsofLaz_Alyn_Attack
186B62,ENC_Specific_SonsofLaz
187349,ENC_HOL_ProvingHalls_L
18734A,ENC_HOL_ProvingHalls_S
1876BC,ENC_Specific_NiskaruHunters
1884E9,ENC_Specific_FreemenDeserters
188876,ENC_CASE_MelSenshir
188A92,ENC_Quest_HV06_Jottun
188EC3,ENC_HOL_Sinsear
1892A7,SQ124_Encounter1
18936B,ENC_Specific_Bolgan
189466,ENC_Quest_SQ145_Spiders
18AC45,ENC_JailBreak_Didenhil
18AC46,ENC_JailBreak_DET
18AC47,ENC_Jailbreak_Kandrian
18AC54,ENC_JailBreak_KLU
18BAE3,ENC_Bhaile_Swords
18BAE5,ENC_Bhaile_Archers
18BCA8,ENC_QUEST_SQ125_EncounterCedric
18CB3F,ENC_Quest_SQ119_Ettins
18E182,ENC_HOL_Rahnil
18F4C7,ENC_CASE_Whitestone
18F724,ENC_ALA_HighFulgen
19005E,ENC_CASE_Ayten
191104,ENC_MQ08_Scaffold_1
191105,ENC_MQ08_Scaffold_2
191106,ENC_MQ08_Scaffold_3
191154,ENC_MQ08_Scaffold_Archer_2x1
191156,ENC_MQ08_Scaffold_Archer_1x1
191399,ENC_MQ08_Scaffold_Intermission
1915FB,ENC_CASE_MelAglir
192050,ENC_TRSQ03_MixedBandits
192051,ENC_TRSQ03_ZungarBandits
192052,ENC_TRSQ03_DarkvariBandits
192053,ENC_TRSQ03_CynricBandits
1920BC,ENC_TRSQ03_Guard
192627,ENC_STR_ForbiddenHall
1946BD,ENC_CASE_ScholiaArcana
1948BB,ENC_KLU_Keening_BogAmbush
1948DB,ENC_KLU_TheKeening
1948DE,ENC_KLU_BalorPath_Niskaru
194927,ENC_KLU_BalorPath_Niskaru_Cursewood
19506D,ENC_DAL_Ettinmere_EttinGroups
1956C6,ENC_DAL_Yolvan
1956C7,ENC_DAL_Yolvan_North
1956C8,ENC_DAL_Yolvan_South
195B52,HV07_Guard
195B54,ENC_SQ114_Bolgan_3
195CE9,ENC_DAL_Haxhi_Ambush
195CF0,ENC_DAL_Haxhi_WithTrolls
195D04,ENC_DAL_Haxhi_OnlyTrolls
196310,ENC_Quest_HV07_Pit
196336,ENC_Quest_HV07_Arena
197FF6,ENC_Specific_Barghests
198016,ENC_Specific_Sprites_Frost
198017,ENC_Specific_Sprites_Flame
198018,ENC_Specific_Sprites_Storm
19867E,ENC_Specific_Sprites_Soldiers
19867F,ENC_Specific_Sprites
19AB09,ENC_POE_TalaRane
19AB0F,ENC_POE_TalaRane_Ambush
19AB11,ENC_POE_TalaRane_EttinGroups
19AB15,ENC_POE_TalaRane_JottunGroups
19B0A9,ENC_Specific_GiantRats
19B60D,NPCcrew_GiantSpider
19B60E,NPCcrew_NiskaruHunter
19B60F,NPCcrew_Crudok
19BA2B,ENC_POE_Acatha
19BA2E,OBSOLETE_ENC_POE_Acatha_Ambush
19BA2F,ENC_POE_Acatha_Spawn
19BA4E,ENC_KLU_TheMidden
19BA4F,ENC_KLU_TheMidden_Ambush
19BA50,ENC_KLU_TheMidden_Spawn
19BA64,ENC_POE_Galafor_Ambush
19BA72,ENC_POE_TywiliCoast_Ambush
19BA73,ENC_POE_TywiliCoast_Spawn
19BB9D,DLC0_HoV_Arena_UntouchableTroll
19C0C9,DEV_GDC_WhitePalm_Daggers
19C27E,DLC0_HoV_Arena_StrengthInNumbers
19C402,ENC_DVG_CavernsOfIngress
19D2C1,ENC_MQ17_Splinter_Warrior
19D2C2,ENC_MQ17_Splinter_Rogue
19D2C3,ENC_MQ17_Splinter_Mage
19D2C4,ENC_MQ17_Splinter_Mix1
19D2C5,ENC_MQ17_Splinter_Mix2
19D2C6,ENC_MQ17_Splinter_Mix3
19D9DC,ENC_DET_TheRedMarches_Ambush
19D9DE,ENC_DET_TheRedMarches_Spawn
19D9DF,ENC_DET_TheRedMarches_Fights
19D9E2,ENC_DET_TheRedMarches_Creatures
19D9E5,ENC_DET_TheRedMarches_Demons
19DA33,ENC_DAL_LorcaRane
19DA34,ENC_DAL_LorcaRane_Ambush
19DA39,ENC_DAL_LorcaRane_Spawn
19DA3C,ENC_DAL_Yolvan_Spawn
19DA3F,ENC_DET_TheHollowlands_Spawn
19DA9B,ENC_KLU_Cursewood
19DA9F,ENC_KLU_Cursewood_Ambush
19DAA2,ENC_KLU_Cursewood_Spawn
19DB31,ENC_ALA_TwilightPass
19DB37,OBSOLETE_ENC_ALA_TwilightPass_Ambush
19DB38,ENC_ALA_TwilightPass_Spawn
19DB49,ENC_DAL_Glendara
19DB4A,ENC_DAL_Glendara_Ambush
19DB4B,ENC_DAL_Glendara_Spawn
19EED2,ENC_Quest_HV05_Pit
19F53B,ENC_Specific_Seelie_Narca
19F593,ENC_Quest_SQ97_AltarEncounter
19F772,ENC_DET_Alserund_Ambush
19FAD6,ENC_DET_Alserund_Spawn
1A01C2,ENC_POE_Kandrian
1A01CF,ENC_POE_Kandrian_Spawn
1A01D0,ENC_POE_Kandrian_Wild
1A01D3,ENC_POE_Kandrian_Freemen
1A0282,ENC_Jailbreak_Rathir
1A0288,ENC_JailBreak_Adessa
1A0289,ENC_Jailbreak_MelSenshir
1A129F,MQ03_Agarth_Tuatha_g1
1A12A0,MQ03_Agarth_Tuatha_g2
1A2530,ENC_Quest_HV07_Alserund
1A4CCA,ENC_DAL_Ettinmere_GnomeCamp_01
1A5394,ENC_Quest_SQ83_Brownies
1A5DC8,OBSOLETE_ENC_Specific_Boggarts_M_NoEmerge
1A62D7,ENC_QUEST_SQ95_Bloodbane
1A6816,ENC_Quest_KV05_Freemen
1A755E,ENC_KLU_DrownedForest_Thresh_Boggarts
1A7E33,ENC_Quest_SQ96_Calovar
1AA5A6,ENC_Quest_SQ96_EdgarsBodyguards
1AA6BF,NPCcrew_Leanashe
1ACC86,ENC_DET_Menetyre
1ACC87,ENC_DET_Menetyre_Spawn
1ACC88,ENC_DET_Menetyre_Bottom
1ACCF8,ENC_KLU_DrownedForest
1ACCF9,ENC_KLU_DrownedForest_Bog
1ACCFA,ENC_KLU_DrownedForest_Water
1ACCFC,ENC_POE_TheWolds
1ACCFD,ENC_POE_TheWolds_Spawn
1ACCFE,ENC_POE_TheWolds_Freemen
1ACCFF,ENC_POE_TheWolds_Natural
1ACD0F,ENC_ALA_HighFulgen_Spawn
1ACD10,ENC_ALA_HighFulgen_Bolgan
1ACD11,ENC_ALA_HighFulgen_Tuatha
1ACDB7,ENC_DAL_AllestarGlade
1ACDE7,ENC_DAL_Odarath_West
1ACDED,ENC_DAL_Odarath_East
1ACDF2,OBSOLETE_ENC_DAL_Odarath_West_NoBandits
1ACDF3,OBSOLETE_ENC_DAL_Odarath_East_NoBandits
1ACE81,ENC_ALA_Amaura
1ACE99,ENC_ALA_Amaura_Spawn
1ACE9C,ENC_ALA_Amaura_Tuatha
1ACEA9,ENC_ALA_Amaura_Monsters
1ACF4E,ENC_DAL_LorcaRane_Lower
1ACF4F,ENC_DAL_LorcaRane_Upper
1ACFB8,ENC_DAL_TheSidhe_Spawn
1ACFCA,ENC_DAL_AllestarGlade_Ambush
1ACFDD,ENC_DAL_Odarath_West_Ambush
1ACFE6,ENC_DAL_Odarath_East_Ambush
1ACFEA,ENC_DAL_Odarath_West_Spawn
1ACFEB,ENC_DAL_Odarath_East_Spawn
1AD01B,ENC_DAL_TheSidhe_Ambush
1AD035,ENC_DET_TheHollowlands_Ambush
1AD0D8,ENC_KLU_DrownedForest_Ambush
1AD0E1,ENC_ALA_HighFulgen_Ambush
1AD0E4,ENC_ALA_Amaura_Ambush
1AE80D,ENC_Quest_HV06_Pit
1AF533,ENC_WoS_GiantSpiders__A
1AF534,ENC_WoS_GiantSpiders__B
1AF535,ENC_WoS_GiantSpiders__Z
1AF546,ENC_Specific_Jottun
1AF60A,ENC_Quest_SQ68_Jottun
1B0C93,ENC_DAL_Webwood_Ambush
1B1374,ENC_Quest_SQ56_Encounter01
1B137B,ENC_Quest_SQ56_Encounter02
1B137E,ENC_Quest_SQ56_Encounter03
1B1C43,DMO_Rathir_TuathaInVirki_BigRoom
1B1F7D,ENC_WoS_GiantRats__A
1B24A3,ENC_Caves_Kobolds_NoXP_E_S
1B24AC,ENC_Caves_Kobolds_NoXP_E_M
1B302E,ENC_QUEST_Sq56_Engard
1B3975,ENC_Quest_SQ133_Niskaru
1B3B72,ENC_Quest_SQ125_Encounter02
1B494B,ENC_KLU_DrownedForest_Thresh_Only
1B496D,ENC_KLU_DrownedForest_Boggarts_Only
1B4F12,ENC_Quest_SQ124_AncientLeanshe
1B6987,ENC_Quest_HV08_Pit
1B6A71,ENC_Quest_HV08_Arena
1B7233,ENC_Quest_SQ44_01
1B7295,ENC_Quest_SQ44_02
1B7298,ENC_Quest_SQ44_03
1B769C,ENC_Quest_FFQ64_Adessa
1B769D,ENC_Quest_FFQ64_Rathir
1B76A4,ENC_Quest_FFQ64_MelSenshir
1B97DB,ENC_POE_CradleOfSummer
1B9F35,ENC_JoeOnly_Bolgan_Thug_VignetteAmbush
1B9F80,ENC_Quest_HV05_Crudok
1B9F81,ENC_POE_ForsakenPlain
1B9F84,ENC_POE_ForsakenPlain_Small
1B9F88,ENC_POE_ForsakenPlain_Spawn
1BB20B,ENC_Quest_SQ108_Jottun
1BB20C,ENC_Quest_SQ108_Kobold
1BB98F,ENC_JoeOnly_Bolgan_Brute_VignetteAmbush
1BB990,ENC_JoeOnly_Ettin_Brute_VignetteAmbush
1BB991,ENC_JoeOnly_Ettin_WarPriest_VignetteAmbush
1BB992,ENC_JoeOnly_Ettin_Shaman_VignetteAmbush
1BB9A7,ENC_JoeOnly_Troll_Rock_VignetteAmbush
1BB9A8,ENC_JoeOnly_Troll_Mountain_VignetteAmbush
1BB9A9,ENC_JoeOnly_Troll_Prismere_VignetteAmbush
1BB9AA,ENC_JoeOnly_Jottun_Warrior_VignetteAmbush
1BB9AB,ENC_JoeOnly_Jottun_Chieftain_VignetteAmbush
1BB9AC,ENC_JoeOnly_Jottun_Runewielder_VignetteAmbush
1BB9AD,ENC_JoeOnly_Jottun_Runelord_VignetteAmbush
1BC215,ENC_JoeOnly_Banshaen_Cave_Priestess_VignetteAmbush
1BC216,ENC_JoeOnly_Banshaen_High_Priestess_VignetteAmbush
1BC62A,ENC_JoeOnly_Banshaen_Priestess_Vignette_Ambush
1BC646,ENC_JoeOnly_Niskaru_Tyrant_VignetteAmbush
1BC676,ENC_JoeOnly_Niskaru_Horrinox_VignetteAmbush
1BCB3E,ENC_JoeOnly_Niskaru_Hunter_VignetteAmbush
1BD534,ENC_MQ07_FirstLaz
1BDCC0,ENC_DET_Apotyre_Spawn
1BDCD3,ENC_DET_Apotyre_Bandits
1BDCD4,ENC_DET_Apotyre_Critters
1BDE0D,ENC_KLU_CaeledCoast_Tuatha
1BDE10,ENC_KLU_CaeledCoast_Bolgan
1BDFB5,ENC_KLU_TheKeening_Jottun
1BDFB8,ENC_KLU_TheKeening_Tuatha
1BDFF6,ENC_ALA_ShadowPass
1BE010,ENC_ALA_Bhaile
1BE6E8,ENC_Quest_SQ124_Thresh
1BEAE4,ENC_Quest_SQ61_DunnmenBandits
1BEC75,ENC_KV03_Niskaru_Tyrant_VignetteAmbush
1C3D67,ENC_Quest_SQ55
1C6E29,ENC_DVG_Aodh_FlameSprite
1C9570,ENC_DVG_SkycrownCave
1C96BB,ENC_SA08_Runes
1C9882,ENC_SA08_Students
1C9883,ENC_SA08_FaerGorta
1CA153,ENC_SpecificGroup_Tuatha_FaerGorta
1CA464,ENC_DVG_FallenHall
1CAD04,ENC_Specific_Sprite_Champions
1CB106,TR02_AmetairHealth
1CBD62,ENC_Quest_FFQ69_Boggart
1CC76D,ENC_CAV_DarkGlowCaverns_sprite_champs
1CC7C0,ENC_HaxhiDam_TuathaAmbush
1CC8D3,ENC_HaxhiDam_TuathaGnarsh
1CC9F9,ENC_Specific_Sprite_Champs_Misc
1CCE45,ENC_CAV_PrismereBasin_Tuatha_Soldier_SwordsmanAndSpearwielder
1CD117,ENC_CAV_PrismereBasin_SmallSpiders
1CD6F4,ENC_FP03_Bolgan_Barghest
1CD8EF,Quest_MQ08_Assassins_Saltwell
1CDF45,MQ09_Windstone_Niskaru_02
1CDF46,MQ09_Windstone_Tuatha_03
1CDF47,MQ09_Windstone_Niskaru_04
1CDF48,MQ09_Windstone_Niskaru_05
1CDF50,MQ09_Windstone_Tuatha_03b
1CE331,ENC_CAV_PrismereBasin_LargeSpiders
1CF62C,ENC_Specific_SmallSpiders
1CF63C,ENC_HOL_Cathrus_Spiders
1CF64F,DGN_STR_Yolvan_Spiders
1CF8CC,ENC_Specific_SmallAndGiantSpiders
1CFCBF,ENC_Gadflow_Runes
1D010C,ENC_Quest_HM05_Thresh
1D0147,ENC_Specific_Boggarts
1D0148,OBSOLETE_ENC_Specific_Boggarts_NoEmerge
1D179A,ENC_JoeOnly_Giant_Webspider_VignetteAmbush
1D179B,ENC_JoeOnly_Giant_Venomspitter_VignetteAmbush
1D17FD,ENC_JoeOnly_SonsOfLaz_Swordwielder_VignetteAmbush
1D1834,ENC_JoeOnly_Crudok_Vagrant_VignetteAmbush
1D1835,ENC_JoeOnly_Crudok_Webwood_VignetteAmbush
1D1C64,ENC_Quest_FP01_Beast
1D1CDF,ENC_QUEST_FP02_Thresh
1D1D03,ENC_Quest_FP03_FallenHallFB
1D1E97,ENC_FP06_FinalBattle_02
1D1E98,ENC_FP06_FinalBattle_03
1D230D,ENC_MQ14_FinalBattle_SecondWave
1D230E,ENC_MQ14_FinalBattle_ThirdWave_Laz
1D231E,ENC_MQ14_FinalBattle_ThirdWave_Leanashe
1D24F4,ENC_JoeOnly_SonsofLaz_VignetteAmbush
1D29EE,ENC_MQ16_Cur_TuathaZealots
1D338F,ENC_KV_Dokkalfar_Sorcerers_LowTier_NoNiskaru
1D3D1A,ENC_Bhaile_BladesSorc
1D45B1,ENC_FFQ08_Encounter_NoXP
1D45DE,ENC_KV_Dokkalfar_Sorcerers_MagesOnly
1D4757,ENC_KV_Dokkalfar_Sorcerers_HighTier_NoNiskaru
1D510B,ENC_Specific_Wolves
1D51A3,ENC_Quest_HV03_Pit
1D539F,ENC_Quest_HV01_Pit
1D53CC,ENC_Quest_HV02_Pit
1D53E2,ENC_Quest_HV04_Pit
1D58AF,ENC_Specific_Sprites_FlameFrost
1D58B0,ENC_Specific_Sprites_FlameStorm
1D58B1,ENC_Specific_Sprites_FrostStorm
1D58B2,ENC_Specific_Sprites_FlameFrostStorm
1D5B46,ENC_Tuatha_Zealot_Spawn
1D5C95,ENC_POE_Acatha_South
1D5DB9,ENC_KV10_NiskaruHunter_NoXPNoLoot
1D5E4F,ENC_SpecificGroup_Bolgan_Barghest
1D611A,Chicken_Overlord_Small
1D611C,Chicken_Overlord_Medium
1D6158,ENC_JoeOnly_Sprite_Champion_of_Flame_VignetteAmbush
1D615C,ENC_JoeOnly_Sprite_Champion_of_Frost_VignetteAmbush
1D615D,ENC_JoeOnly_Sprite_Champion_of_Storm_VignetteAmbush
1D615E,ENC_JoeOnly_Sprite_Soldier_VignetteAmbush
1D6397,ENC_JoeOnly_Tuatha_Zealot_Swordsman_VignetteAmbush
1D6398,ENC_JoeOnly_Tuatha_Tutorial_Swordsman_VignetteAmbush
1D6399,ENC_JoeOnly_Tuatha_Soldier_Swordsman_VignetteAmbush
1D639A,ENC_JoeOnly_Tuatha_Raider_Swordsman_VignetteAmbush
1D639B,ENC_JoeOnly_Tuatha_MelSenshir_1h_VignetteAmbush
1D6C40,ENC_SpecificGroup_Boggarts_Brownies
1D6C43,ENC_SpecificGroup_Boggarts_Wolves
1D6C49,ENC_SpecificGroup_Brownies_GiantRats
1D6C4A,ENC_SpecificGroup_Brownies_FaerGorta
1D6C4B,ENC_SpecificGroup_FaerGorta_GiantRats
1D6C4C,ENC_Specific_Ettins_Wolves
1D6C7D,ENC_SpecificGroup_RedLegion_Wolves
1D6C89,ENC_SpecificGroup_Barghests_Boggarts
1D6C8D,ENC_SpecificGroup_Bears_Kobolds
1D6CAB,ENC_SpecificGroup_Leanashe_Crudok
1D6CAD,ENC_SpecificGroup_FaerGorta_Leanashe
1D6D24,ENC_SpecificGroup_Bears_Brownies
1D6D4E,ENC_SpecificGroup_Boggarts_Bears
1D6D50,ENC_SpecificGroup_FaerGorta_GiantSpiders
1D6DD3,ENC_SpecificGroup_Boggart_Thresh
1D6F2F,ENC_SpecificGroup_Sprites_Thresh
1D6F34,ENC_SpecificGroup_Brownies_Thresh
1D6F5A,ENC_SpecificGroup_Barghests_Thresh
1D6FE3,ENC_AQ_Feeding_Chickens
1D707A,ENC_Specific_Troll
1D707B,ENC_SpecificGroup_Troll_Murghan
1D707C,ENC_SpecificGroup_Troll_Murghan_Cave
1D70F1,ENC_SpecificGroup_Sprites_Troll
1D7157,ENC_SpecificGroup_Boggarts_Troll
1D7254,ENC_SpecificGroup_Boggarts_Murghan
1D7256,ENC_SpecificGroup_Boggarts_Murghan_Cave
1D72DC,ENC_AQ_Brownies
1D72E8,ENC_SpecificGroup_Murghan_Thresh
1D72E9,ENC_SpecificGroup_Murghan_Thresh_Cave
1D746C,ENC_SpecificGroup_Freemen_Wolves
1D759B,ENC_SpecificGroup_Freemen_Jottun
1D75E3,ENC_SpecificGroup_Brownies_Trolls
1D76BF,ENC_SpecificGroup_Brownies_Crudok
1D76C0,ENC_SpecificGroup_FaerGorta_Wolves
1D76C3,ENC_SpecificGroup_Crudok_FaerGorta
1D76F5,ENC_SpecificGroup_Kobolds_GiantRats
1D770F,ENC_SpecicGroup_Seelie_Narca_Wild
1D773E,ENC_SpecificGroup_Boggarts_FaerGorta
1D773F,ENC_SpecificGroup_FaerGorta_SonsOfLaz
1D7775,ENC_SpecificGroup_Brownies_Kobolds
1D7777,ENC_SpecificGroup_Bolgan_Troll
1D7891,DLC0_HoV_Arena_WoodForTheFire_Wave1
1D7892,DLC0_HoV_Arena_WoodForTheFire_Wave2
1D7893,DLC0_HoV_Arena_WoodForTheFire_Wave3
1D7894,DLC0_HoV_Arena_TEMPLATE
1D78DC,ENC_SpecificGroup_Leanashe_GiantSpiders
1D78E4,ENC_SpecificGroup_Spiders_Thresh
1D78EC,ENC_SpecificGroup_FaerGorta_Thresh
1D78F2,ENC_SpecificGroup_Tuatha_Jottun
1D78F3,ENC_SpecificGroup_Tuatha_Barghests
1D78F4,ENC_SpecificGroup_Tuatha_Bolgan
1D78F5,ENC_SpecificGroup_Tuatha_Troll
1D78F6,ENC_SpecificGroup_FaerGorta_Troll
1D78F7,DLC0_HoV_Arena_WrathOfTheStorm_Wave1
1D78F8,DLC0_HoV_Arena_WrathOfTheStorm_Wave2
1D78F9,DLC0_HoV_Arena_WrathOfTheStorm_Wave3
1D7908,DLC0_HoV_Arena_FromPartsUnknown_Wave1
1D7909,DLC0_HoV_Arena_FromPartsUnknown_Wave2
1D790A,DLC0_HoV_Arena_RaceAgainstTime_1_Wave1
1D790B,DLC0_HoV_Arena_RaceAgainstTime_2_Wave1
1D790C,DLC0_HoV_Arena_RaceAgainstTime_3_Wave1
1D790D,DLC0_HoV_Arena_Contagion_Wave1
1D790E,DLC0_HoV_Arena_Contagion_Wave2
1D790F,DLC0_HoV_Arena_TuathaVanguard_Wave1
1D7910,DLC0_HoV_Arena_WarriorKings_Wave1
1D7911,DLC0_HoV_Arena_Scavengers_Wave1
1D7912,DLC0_HoV_Arena_WarriorKings_Wave2
1D7913,DLC0_HoV_Arena_UntouchableJottun
1D7914,DLC0_HoV_Arena_UntouchableLeanashe
1D7915,DLC0_HoV_Arena_FromBeyondTheVeil_Wave1
1D7916,DLC0_HoV_Arena_FromBeyondTheVeil_Wave2
1D7917,DLC0_HoV_Arena_PotentialRealized_Male_Wave1
1D7918,DLC0_HoV_Arena_PotentialRealized_Male_Wave2
1D7919,DLC0_HoV_Arena_PotentialRealized_Female_Wave1
1D791A,DLC0_HoV_Arena_PotentialRealized_Female_Wave2
1D791B,DLC0_HoV_Arena_FaeMania_Wave1
1D791C,DLC0_HoV_Arena_FaeMania_Wave2
1D791D,DLC0_HoV_Arena_FaeMania_Wave3
1D791E,DLC0_HoV_Arena_SpriteShowdown_Flame
1D791F,DLC0_HoV_Arena_SpriteShowdown_Storm
1D7920,ENC_Quest_SQ55_PostQuest
1D7921,DLC0_HoV_Arena_SpriteShowdown_Frost
1D7922,DLC0_HoV_Arena_SpriteShowdown_Soldier
1D7997,DLC0_HoV_Arena_Contagion_Wave3
1D79A7,DLC0_HoV_Arena_FaeMania_Wave4
1D79A8,DLC0_HoV_Arena_FaeMania_Wave5
1D7B6A,ENC_JoeOnly_Leanashe_Ancient_VignetteAmbush
1D7B6C,ENC_JoeOnly_Leanashe_Starved_VignetteAmbush
1D7B6E,ENC_JoeOnly_Kobold_Minion_VignetteAmbush
1D7B6F,ENC_JoeOnly_Kobold_Nightblade_VignetteAmbush
1D7B70,ENC_JoeOnly_Kobold_Rogue_VignetteAmbush
1D7B71,ENC_JoeOnly_Kobold_Savage_VignetteAmbush
1D7DDC,DLC0_HoV_Arena_RaceAgainstTime_2_Wave2
1D80C3,ENC_SpecificGroup_Barghest_Leanashe
1D88F0,DLC0_HoV_Arena_Scavengers_Wave2
1D88F1,DLC0_HoV_Arena_Scavengers_Wave3
1D88F2,DLC0_HoV_Arena_Scavengers_Wave4
1D8C50,DLC1_ENC_Specific_BoggartUrchins
1D8C51,DLC1_ENC_Specific_Boggarts
1D8C60,DLC1_ENC_Specific_RootGolem
1D8C6B,DLC1_ENC_SpecificGroup_Boggarts_RootGolem
1D8C90,DLC1_ENC_SpecificGroup_Boggarts_Thresh
1D8C93,DLC1_ENC_SpecificGroup_RootGolem_Thresh
1D8C94,OBSOLETE_DLC1_ENC_GAL_GallowsEnd
1D8C95,DLC1_ENC_GAL_GallowsEnd_TreeCreatures
1D8C96,DLC1_ENC_GAL_GallowsEnd_Wildlife
1D8C9B,DLC1_ENC_Specific_FaerGortaCaptain
1D8C9F,DLC1_ENC_SpecificGroup_Boggarts_FaerGorta
1D8CA2,DLC1_ENC_SpecificGroup_Crudok_FaerGorta
1D8CA7,DLC1_ENC_SpecificGroup_FaerGorta_Leanashe
1D8CAC,DLC1_ENC_SpecificGroup_FaerGorta_Thresh
1D8CAF,DLC1_ENC_SpecificGroup_FaerGorta_RootGolem
1D8CB0,DLC1_ENC_GAL_TheBlackAtoll
1D8CB1,DLC1_ENC_GAL_TheBlackAtoll_Ambush
1D8CB2,DLC1_ENC_GAL_TheBlackAtoll_Spawn
1D8CB7,DLC1_ENC_Specific_Scarab
1D91B0,DLC2_ENC_Specific_Pteryx
1D91B1,DLC2_ENC_Specific_Sprites
1D91B2,DLC2_ENC_Specific_SpritePrimal
1D91B6,DLC2_ENC_Specific_Troll
1D91B7,DLC2_ENC_Specific_TrollNarros
1D9259,ENC_SpecificGroup_Barghests_Troll
1D931E,DLC2_ENC_SpecificGroup_Barghests_TrollNarros
1D9342,DLC2_ENC_SpecificGroup_Jottun_Pterx
1D9462,ENC_SpecificGroup_Jottun_Sprites
1D9479,ENC_SpecificGroup_Jottun_Wolves
1D9582,DLC2_ENC_TON_TeethOfNarros
1D95F5,DLC2_ENC_TON_TeethOfNarros_Giants
1D95F9,DLC2_ENC_TON_TeethOfNarros_Spawn
1DA9EC,ENC_FFQ04_Antelope
1DB872,DLC2_ENC_MQ03_Pteryx
1DBF78,DLC2_ENC_Quest_SQ01
1DC921,MQ09_Azag_Hunters
1DC965,ENC_MQ15_Runes
1DCE9D,DLC2_ENC_SilentChoir_Specific
1DDA4B,ENC_MQ15_MyrnaFaerGorta
1DF28E,ENC_Jailbreak_Gorhart
1DF755,ENC_Jailbreak_Ayten
1DF758,ENC_Jailbreak_Emaire
1DF75A,ENC_Jailbreak_Whitestone
1DFF45,DLC1_ENC_SpecificGroup_SQ06_Archers_Hunters
1DFF46,DLC1_ENC_SpecificGroup_SQ06_Swordsmen_Hunters
1DFF47,DLC1_ENC_SpecificGroup_SQ06_Bandits
1E0834,ENC_JoeOnly_Troll_Mountain_VignetteAmbush_AltCam01
1E0835,ENC_JoeOnly_Troll_Prismere_VignetteAmbush_AltCam01
1E0836,ENC_JoeOnly_Troll_Rock_VignetteAmbush_AltCam01
1E4DB1,DLC1_ENC_MQ03_FaerGorta
1E5040,DLC1_ENC_MQ05_BaronettImage
1E5725,DLC1_ENC_SQ02_SummonedGorta
1E9F5A,ENC_JoeOnly_Ettin_Brute_VignetteAmbush_AltCam01
1E9F5B,ENC_JoeOnly_Ettin_Shaman_VignetteAmbush_AltCam01
1E9F5C,ENC_JoeOnly_Ettin_WarPriest_VignetteAmbush_AltCam01
1EB280,DLC0_HoV_Arena_BloodAndSteel_1_Wave1
1EB281,DLC0_HoV_Arena_BloodAndSteel_1_Wave2
1EB282,DLC0_HoV_Arena_BloodAndSteel_1_Wave3
1EB283,DLC0_HoV_Arena_BloodAndSteel_1_Wave4
1EB284,DLC0_HoV_Arena_BloodAndSteel_2_Wave1
1EB28A,DLC0_HoV_Arena_BloodAndSteel_2_Wave2
1EB28B,DLC0_HoV_Arena_BloodAndSteel_2_Wave3
1EB28C,DLC0_HoV_Arena_BloodAndSteel_2_Wave4
1EF7FB,DLC1_ENC_MQ04_FaerGortaSummoned
1F0EB8,DLC1_ENC_WhisperingWitch
1F1310,SASQ01_Ambush
1F1FF0,DLC2_ENC_Specific_Marauders
1F5668,DLC1_ENC_SpecificGroup_BoggartsPanicking
1F5684,ENC_Jailbreak_TirinsRest
1F7D36,DLC1_ENC_DvergaWarParty
1F7D37,DLC1_ENC_LjosalfarWarParty
1F7D39,DLC1_ENC_VaraniWarParty
1F9D3E,DLC1_ENC_SpecificGroup_Boggarts_Brownies
1F9D45,DLC1_ENC_GAL_GallowsEast
1F9D50,DLC1_ENC_GAL_ScuttleBeach
1F9D67,DLC1_ENC_GAL_GallowsWest
1F9E03,DLC1_ENC_SpecificGroup_Barghests_RootGolem
1F9E0E,DLC1_ENC_SpecificGroup_RootGolem_Sprites
1F9E10,DLC1_ENC_GAL_GallowsNorth
1F9E25,DLC1_ENC_GAL_SeaCaves
1F9E40,DLC1_ENC_GAL_DvergaFastings
1F9E4F,DLC1_ENC_GAL_AkaraTor
1FA8AD,ENC_JoeOnly_DLC1_Scarab_VignetteAmbush
1FA8B1,ENC_JoeOnly_DLC1_Root_Golem_VignetteAmbush
1FC13B,DLC2_ENC_SEW_Idylla
1FC142,DLC1_ENC_Baronett
1FC148,DLC1_ENC_Bloodgrin
1FC149,DLC2_ENC_SEW_Generic
1FC1B6,DLC2_ENC_Specific_Jottun
1FC21A,DLC2_ENC_Specific_Kobold
1FC271,DLC2_ENC_Specific_Pteryx_AvenOnly
1FC2B0,DLC2_ENC_VignetteAmbush_Sprite_Champion_of_Primal
1FC2B1,DLC2_ENC_VignetteAmbush_Kollossae_Marauder
1FC2B2,DLC2_ENC_VignetteAmbush_Troll_Naros
1FC2B3,DLC2_ENC_VignetteAmbush_Pteryx_Aven
1FC2B4,DLC2_ENC_VignetteAmbush_Pteryx_Alpha
1FC2B5,DLC2_ENC_VignetteAmbush_Kobold_Minion
1FC2B6,DLC2_ENC_VignetteAmbush_Kobold_Rogue
1FC2BA,DLC2_ENC_VignetteAmbush_Jottun_Chieftain
1FC2BE,DLC2_ENC_VignetteAmbush_Jottun_Runelord
1FC2C8,DLC2_ENC_VignetteAmbush_SilentChoir
1FC411,DLC2_ENC_Specific_Wolves
1FCC01,DLC2_ENC_TON_TeethOfNarros_NoAlphaPteryx
1FCC14,DLC2_ENC_TON_TeethOfNarros_Giants_NoAlphaPteryx
200899,DLC2_PrimosBossBattle_Statues
20095C,DLC2_ENC_MQ06_Spear
20095D,DLC2_ENC_MQ06_Fist
20095E,DLC2_ENC_MQ06_Mixed
20095F,DLC2_ENC_MQ06_Beasts
2018F0,DLC2_MQ02_Kollossae_Soldiers
201B72,DLC2_ENC_MQ06_Wolves
204745,DLC1_ENC_DeadKel_Preload
204F68,DLC3_SQ03_Encounter01
205019,DLC3_SQ03_LeftRoomEncounter
2064BC,DLC3_SQ03_NiskaruEncounter
206B1F,DLC2_PrimosBossBattle_Statues_Faster
206B20,DLC2_PrimosBossBattle_Statues_Fastest
2070BA,DLC3_SQ05_ENC_Murghan_01
2070BC,DLC3_SQ05_ENC_Murghan_02
