id,value
063BAD,Gem2
064EB0,Gem3
06634B,Gem4
0673F6,Gem5
075A15,Hat
08B526,Feet
08D25F,Legs
098837,Horn
0A3AD3,Hand
0AB472,head
0AE3A7,Arms
0AE65C,Body
0BA022,Gem1
0BB398,Robe
0BC615,Ears
0FA0B2,Torso
0FABAE,Codex
102335,Hands
125C42,Spear
1457EE,Shield
178E40,broken
1A734F,Weapon
1B0080,agarth
2E2A64,alynshir
41D862,WholeBody
464F6E,Ship_body
469ECD,Full_Body
46F65D,Bird_Body
4ECE44,Left_Claw
598511,Troll_Body
5C3B09,FacialHair
67F063,Codex_Shown
687996,Ettin_Torso
690DFC,SpearSheath
6D0B57,OLD_DeleteMe
6D512C,Sprite_Body
6EE311,Corpse_body
6F85F5,Gurney_body
7974B8,ShoulderPads
7A9050,FxNodeWeapon
80AC65,Sheath_Back
80C9E5,Ettin_Weapon
83E800,Second_Spear
881253,HairAndHelmet
89D9DB,Boggart_body
8A061A,Niskaru_Body
8E9DB7,Prop_LeftHand
950577,Prop_TwoHands
9BF596,Barghest_Body
9DE32A,Weapon_Node_A
9F526F,Weapon_Node_B
A621D6,Prop_RightHand
A6809A,FaceAccessory
A93068,Head_Collision
ACCB19,CIN_Spear_Mesh
ADF886,BoggartPreAmmo
AE253B,CIN_Arrow_Mesh
AF1DB0,Prop_BothHands
BCCF15,asseteditoronly
BF762F,FateShift_Claw
C07311,Flashing Blades
C14269,Weapon_LeftHand
C24616,Weapon_Node_AB
C9EBD1,Weapon_TwoHands
CDEC4D,FaceAccessories
D17965,Ship_Group_body
D6E4E4,Spear_Swap_Spot
DC4FB6,Weapon_RightHand
F47D5E,Giant_Spider_Mesh
F93396,Weapon_Equip_Left
1002A92,asset_editor_only
1008D29,Weapon_Sheath_Hip
10C2CF2,Weapon_Equip_Both
10E790F,FacialAccessories
116BFE0,FateSplinterHammer
11AE57D,Weapon_Equip_Right
129282A,WeaponSheath_Back
12D00FB,Hyperion_Door_body
13130A9,PressurePlate_Body
151BD1F,Weapon_Sheath_Back
1563C35,FateSplinterLeftHand
1568DEE,SpinningBlades_Body
1AE14B7,CIN_Army_Formation_01
1C63A43,CIN_WOS_DoorGnome_Body
1DFF4C4,CIN_VIL_BannerStand_01
29F0F3E,CIN_MEL_Rock_Collapse_Mesh
2FF495F,CIN_DOK_MEL_DoorOutside_Body
30C01FD,CIN_Gnome_Hall_Collapse_Mesh
31C87A3,CIN_Tirnoch_DoorCrystal_Mesh
33BE929,CIN_DOK_BossBattleBridge_Mesh
3AEDB95,Weapon_Equip_Both_(Hip_Attach)
