id,value
002557,Default
004316,Player
02DC1F,Default_Good
02DC20,Default_Evil
02DC22,Default_Ambient
05CD92,Default_Ghost
05CE14,Default_Guard
065FC1,Default_Chicken
06AE9B,Quest_SQ01_WolfCompanion
06B5E2,Quest_SQ08_Woerlowe
06D156,Quest_SQ08_Hunter
06D813,Quest_SQ09_OldHermit
06DA6D,Village_Didenhil
06DA6E,Narrative_Warsworn
06EB0F,Quest_SQ02_GeoffMadmyr
06FCFA,Quest_SA01_DelGadra
06FD5A,Quest_SA01_FireSpriteChampion
0700CE,Quest_TR01_Ametair
0716AC,Narrative_HouseofBallads
0716CD,Narrative_HouseofBallads_Pledges
073115,Quest_SA03_Cathan
07346E,Quest_SA03_GarGwydern
0739E0,Quest_HM04_CrethChampion
0739E1,Quest_HM04_AirmerChampion
075C90,Quest_KV05_HofweSmugglers
075D6D,Default_Prisoners
0781FE,Quest_SQ03_CrimsonFist
078B0C,Narrative_ScholiaArcana
079504,Quest_HM08_RathirDock
07AB09,Narrative_Travelers
07ABF5,Quest_HM06_Kobold
07ABF7,Quest_HM06_Troll
07B2E7,Quest_HM07_KingWencen
07B2E8,Quest_HM07_MaidOfWindemere
07B365,Quest_HM07_KingWencen_Clones
07C603,City_Adessa
07C604,City_Ysa
07C605,City_Rathir
07C606,City_MelSenshir
07EF92,Quest_SQ15_Mermaid
07F937,Quest_SQ23_UgnarOdgray
07F938,Quest_SQ23_RedtheDead
07FACE,Quest_SQ16_Spider
07FCC2,Quest_SQ16_Barten
080A96,Quest_SQ12_TestSubject
0811D7,Quest_SQ21_thief
081320,Quest_SQ18_Paedryygyn
08266E,Quest_KV10_AnruBesin
085400,Quest_SQ26_Faitir
08540B,Quest_SQ26_ScathGhost
08540D,Quest_SQ26_FirstScath
085EEA,Quest_SQ27_Niahm
08612C,Quest_SQ27_Runnelskirt
0869FD,Faction_Assassins
087B4B,Quest_HP02_UnseelieAssassins
087CC4,Default_Ettin
08817E,Quest_MQ03_AlynShir
0881CE,Quest_SQ26_Scrivener
0881D7,Village_MelAglir
088548,Quest_SQ36_Guards
08855F,Quest_SQ36_Scouts
088837,Default_EnvironmentalDamage
089E27,Narrative_HouseofSeasons
08A80D,Quest_SQ31_Hillared
08A80E,Quest_SQ31_Racinon
08B48D,Default_Jottun
08B48E,Default_Boggart
08B4C6,Default_Niskaru
08CE32,Quest_SQ35_Hreid
08D612,Quest_SQ44_ghost_faction_1
08D613,Quest_SQ44_ghost_faction_2
08DF37,Quest_SQ44_Aurenda
08EB78,Narrative_HouseOfValor
08F72C,Quest_SQ54_StegLaval
08F96E,Quest_SQ54_Ambard
08FDEF,Quest_SQ54_GrundiAmbard
0900AE,Quest_SQ61_Eriad
0900B0,Quest_SQ61_Sparrows
090490,Quest_SQ52_Mayor
090942,Default_Beasts
090943,Default_WildFae
090B7B,Quest_SQ61_Dunnmen
0914EE,Quest_SQ62_Daltyn
0914EF,Quest_SQ62_Walen
091988,Quest_SQ52_Miners
091F33,Quest_FFQ999_Faintheart
09213D,Quest_SQ60_Loutre
09273D,Item_Neutral
09287D,Item_Hostile
092C36,Quest_SQ56_Weod
092CCD,Quest_SQ63_Abergawein
093792,Quest_SQ55_Pura
093BF1,Narrative_LetheaThanric
093BF3,Narrative_KalliadesAscanius
094457,Narrative_UrorFaction
094458,Narrative_VeshaniFaction
094459,Narrative_AtroposFaction
0945EA,Narrative_AzariahFaction
0945ED,Narrative_DrereniFaction
095531,Quest_KV01_Outlaws
0966F4,Quest_TR01_Gnomes
097316,Quest_MQ12_Erawn
097784,Quest_TR03_Labs
097FDA,Quest_FP04_ValorRefugee
097FDB,Quest_FP04_Dreamwalker
09813C,Quest_FP04_Saturnyn
09813E,Quest_FP04_Lieutenant1
09813F,Quest_FP04_Lieutenant2
098141,Quest_FP04_Lieutenant3
0984FC,Quest_HM03_BloodyBones
0989FC,Quest_KV_HofweEnemies
099831,Quest_SQ67_Brother_Orsaun
099832,Quest_SQ67_Sister
099C70,Quest_SQ67_Brother_Petraun
099CBB,Quest_SQ67_Brother_Meraun
099EDD,Narrative_FifeFaction
09A6AB,Narrative_NualaIgnasFaction
09A6AE,Narrative_CadocReenFaction
09AD1E,Quest_SQ65_MauraChalin
09AD20,Quest_SQ65_Hero
09C5ED,Quest_MQ15_Dren
09EF47,Quest_HM05_Airor
09F172,Quest_FP08_Bisarane
09FCDE,Quest_HM06_Boggart
09FCDF,Quest_HM06_Sprite
0A0C1D,Quest_TR06_Aife
0A0DF8,Quest_HM07_FarraraChampion
0A0DF9,Quest_HM07_BelmaidChampion
0A0E30,Quest_HM07_Belmaid_Oleyn
0A23F2,Quest_KV_BesinCultists
0A2AF2,U03_BossTroll
0A2F2D,Narrative_ThorinSedrusFaction
0A2F5F,Narrative_BalthasarFaction
0A61B2,Quest_SQ06_Finna
0A671A,Narrative_StOdwigsMission
0A68AD,Quest_SQ06_Egan
0A7142,Quest_SQ15_Enconneg
0A824C,Village_Canneroc
0A8ACF,Quest_SQ23_Itran
0A8E3D,Quest_SQ08_Bandit
0A9011,Quest_SQ08_Prisoner
0A963E,Narrative_PatrickMorkanFaction
0AB615,Quest_SQ13_Ondea
0AB616,Quest_SQ13_Oreyn
0AB757,Narrative_AethanEngarPossessedFaction
0AB972,Quest_SQ12_Karth
0ABA7F,Narrative_SA06Id
0ABA81,Narrative_SA06Superego
0ADEB6,Village_Emaire
0AE8A5,Quest_SQ29_Anela
0B1F58,Quest_TR01_Gastet
0B2CF2,Quest_SQ25_FireGuy
0B2F63,Quest_TR02_AmetairAggressive
0B2FD1,Quest_SQ25_RondFamily
0B531B,Quest_SQ29_Atheof
0B70F6,Quest_MQ04_Wolves
0B98F2,Quest_SQ53_WhitestoneMercenaries
0B98F3,Quest_SQ53_WhitestoneMiners
0BA680,Narrative_SA06Ego
0F6308,MQ_Allies
10B95A,Narrative_Galafor_Fae
1265ED,Village_TirinsRest
12C71D,Narrative_CiaraSydanusFaction
12EA7C,Village_Ayten
12F1FC,Quest_FFQ35_Cartery
130BEB,Quest_SQ13_Antelope
13265C,Default_Ally
133020,Village_TirinsRest_Aurela
134F3E,Village_Gorhart
134F3F,Village_StOdwigs_Mission
134F40,Village_StHadwyns_Mission
134F41,Villlage_StEadrics_Mission
136429,Narrative_Didenhil_AstridFrisk
136557,CTY_Adessa_BountyHunters
137A9E,MQ_Uninvolved
13807E,CTY_Adessa_Longroad
138080,CTY_Adessa_Walls
138081,CTY_Adessa_Isles
1382E7,Quest_SQ57_ReddleFaction
1382E8,Quest_SQ57_RichilFaction
1390A0,Narrative_Didenhil_Militia
139A07,Quest_SQ11_Urlik
139E84,Narrative_ShasterFaction
13AF33,Quest_MQ10_MelSenshirPrisoners
13AFB5,Quest_MQ10_MelSenshirAlfar
13BA38,Quest_SQ57_Esklad
13BB1F,Quest_SQ36_Eva
13BCFD,Quest_SQ11_Refugees
13CC6E,Default_Follower
13CE30,Village_DrownedForest_Camp
13DF5A,MQ15_Attack_Faction
13F195,Quest_SQ11_Cras
13FE5C,Village_Hollowlands_MotusOutpost
13FE5D,Quest_SQ96_FaerGorta
13FEC9,Narrative_HouseOfSorrows
140B9F,Narrative_QACookieCarl
141E03,Quest_SQ103_Niskaru
141E1C,Quest_SQ103_Cryamor
142436,Quest_FP02_Cadoroc
14276C,Quest_FP03_Netteren
143311,Quest_SQ96_MirriusFighters
143528,Quest_SQ107_Deadeye
143EC8,Village_Hollowlands_Miner1
143EC9,Village_Hollowlands_Miner2
143ECA,Village_Hollowlands_Miner3
147A7F,Quest_SQ108_Warsworn
148802,Narrative_QATownsFolk
148906,Quest_SQ46_Prentice
14A2E6,Quest_SQ09_Connovar
14C501,Quest_FP06_Priest
14D41D,Village_Vaprend
14D55C,Quest_SQ13_Pennaroe
14D9A8,Village_Vaprend_Courtyard
14D9A9,Village_Vaprend_Gate
14D9AA,Village_Vaprend_Bridge
14D9B3,Village_Vaprend_Bunkhouse
14D9B6,Village_Vaprend_Scholar
14D9C1,Village_Vaprend_Local
14DF67,Quest_SQ04_Osduin
14FAD0,Quest_MQ01_Gorta
1516CD,Quest_FFQ04_Penri
1516D1,Gorhart_Citizen
1517CC,Gorhart_Citizen_Female
15184C,Quest_SQ114_Brun
15197B,Tutorial_Well_Defense_Gnome
151990,Quest_SQ69Ariad
1519F2,Tutorial_WhitePalm_Tower
151B5E,Quest_MQ01_Kobolds
151F24,Narrative_MelSenshir_MalwynSupport
152A45,Narrative_MelSenshir_Malwyn
1533DE,Quest_SQ118_Wolf
155516,Quest_HM02_Prisoner_Male
155517,Quest_HM02_Prisoner_Female
156700,Quest_KV05_ShadyCharacter
15C3D7,City_Rathir_Guards
15DD0B,Narrative_SA06_Cups
15DD0C,Narrative_SA06_Courts
160F6D,City_Rathir_Pryderi
160F72,City_Rathir_Quays
1614AB,City_Rathir_Wending
1614AC,City_Rathir_UpperNoble
1614AD,City_Rathir_UpperServant
1614AE,City_Rathir_UpperTemple
1625F7,Quest_SQ67_Liordran
16356E,Quest_SQ119_Elric
164A82,City_Rathir_Merchant
167436,Quest_SQ125_Iltheia
167629,Quest_SQ124_Aergase
16762A,Quest_SQ124_Frama
16762B,Quest_SQ124_Aeldheah
168516,Quest_SQ119_Khleran
16BD6E,Quest_TR08_Grim
16BD6F,Quest_TR08_Argine
16CCBD,Quest_SQ126_MythanyKeen
16CCBE,Quest_SQ126_KiernaBrenner
16E27F,Quest_TR08_Guards
16FB39,Quest_HV01_Helga
170082,HoV_Arena_Allies
1707D4,Narrative_Webwood
1718C4,HV02_Bandits
173CB7,Narrative_Travelers_SunCamp
173CB8,Narrative_Travelers_StarCamp
173CB9,Narrative_Travelers_MoonCamp
174627,City_Ysa_Felltown
174628,City_Ysa_Felltown_Tavern
174634,City_Ysa_Understyle
174635,City_Ysa_Trellis
174636,City_Ysa_Font
174637,City_Ysa_Terraces
17595C,HV02_EinarThugFaction
17624F,Narrative_Warsworn_Shieldring
176250,Narrative_Warsworn_Helmgard
176251,Narrative_Warsworn_Ironfast
177D63,HV03_Sorcerers
177DCA,HoV_Crime
1793E3,Quest_SQ127_Corialia_Boss
179993,Quest_NQD_Ysa_Heralds
179B54,Quest_HM04_Priests
17ADAF,HV04_GuardSpecial
17B0FC,Quest_SA01_Tuatha
17BFF0,SQ125_Cedric
17C04C,SQ133_Bandits
17CAEF,Quest_SQ80_Soldiers
17E07B,Quest_SQ136_Tuatha
17FA16,Quest_SQ137_Belne
17FE72,Narrative_Emaire_Militia
17FE73,Narrative_TirinsRest_Militia
18056E,Narrative_RedMarches_Belen
180CE7,Quest_SQ140_Giran
180D87,Quest_SQ136_Trolls
180FE6,Narrative_RedMarches_Eathe
180FE7,Narrative_RedMarches_Colm
180FE9,Narrative_RedMarches_Hreid
1822DB,Quest_SQ142_Fyragnos
182FF5,Village_TirinsRest_Citizen
185465,HoV_Opponents
185709,HoV_GrimshawHouse
185A78,Village_CradleofSummer_Fae
185BD3,POE_NPC_Nareen
187C38,Village_Ballads
187EC6,Quest_MQ08_Octienne
1884EE,Quest_FFQ29_DeserterFreemen
188914,FFQ62_Escaped_Captives
1889E9,SQ127_Hawkins
188A83,City_MelSenshir_Arena
189BBA,SQ133_BanditFaction
189BBB,SQ133_FaeFaction
18ABA0,Guard_DAL_JailBreak
18ABA1,Guard_POE_JailBreak
18ABA4,Guard_DET_JailBreak
18ABA5,Guard_KLU_JailBreak
18BBE3,Quest_SQ94_Mercenaries
18E54B,Quest_SQ119_Yurele
18F16B,Quest_SA01_Sorceress
18F43E,Whitestone_Village
18FFCC,HoV_Pit
192049,Quest_TRSQ03_Darkvari
19204A,Quest_TRSQ03_Zungar
19204B,Quest_TRSQ03_Cynric
1920B8,Quest_TRSQ03_Guard
193D50,Quest_MQ08_Jorielle
193EBA,Quest_CaeledCoast_AlfarSoldiers
1943B9,Travelers_MoonCamp_Crime
1943BA,Travelers_StarCamp_Crime
1943BC,Travelers_SunCamp_Crime
1966FD,ScholiaArcanaInitiate_Faction
196C8C,City_Rathir_Waitress
197C44,City_Rathir_Soldiers
197C45,City_Rathir_Sparrows
1999B1,Quest_TR08_Gnomes
19BA6C,Quest_SQ57_Bruten
19BA96,Narrative_TheRedMarches_Ettin
19BA97,Narrative_TheRedMarches_Belen
19BA98,Narrative_TheRedMarches_Niskaru
19D8E2,Quest_SQ59_Brownies
19D8E4,Quest_SQ59_Boggarts
19D8E5,Quest_SQ59_Kobolds
19D8E6,Quest_SQ59_Trolls
19DD83,Quest_Ballads_Echostone
19F11E,Quest_HM04_BrotherWulf
19F391,Quest_SQ97_Kandrian
19FE0E,Quest_HM02_Farrara
1A3928,HV07_AlmaFaction
1A420D,Narrative_TheSidhe
1A551D,MQ03_Ambush_Ettin
1A756F,Quest_KV05_ElbinsFriends
1A7FCD,SQ96_CalovarFaction
1A7FD0,SQ96_CalovarFaeGuards
1A84BE,SQ96_CrazedMinerFaction
1A9126,Narrative_VormLodge
1AA4A5,SQ96_EdgarsFaeBodyguards
1AA4E4,SQ96_EdgarFaction
1AA5AA,Quest_KV03_Summoner
1AA5F7,Quest_SA01_Initiators
1AA7FA,HV07_EdgardBastionFaction
1AA8A5,Narrative_HouseOfSorrows_Citizens
1AB311,SQ96_Miners
1AC088,Quest_SQ127_WoundedAlfar
1AD0F4,Quest_SQ129_TavernAlfar
1AD65C,City_MelSenshir_Guards
1AD65E,City_MelSenshir_Civilians
1AE88C,DEMO_Rathir_PickpocketFail
1AFB0F,Quest_SQ144_Refugees
1AFBBB,MQ_S1_Tuatha_Faction
1AFBC1,MQ_S1_Victim_Faction
1AFBC5,MQ_Encel_Faction
1B111C,City_Rathir_Prisoners
1B1276,Quest_FFQ17_Froma
1B1277,Quest_FFQ17_Nag
1B1278,Quest_FFQ17_Anred
1B129B,Village_Emaire_Prisoners
1B129C,Village_Whitestone_Prisoners
1B1FC1,Quest_SQ25_Dennrit
1B2603,Quest_FP06_Cadoroc
1B262A,Quest_FP06_Caelrod
1B262B,Quest_FP06_Alarane
1B262C,Quest_FP06_Myrcyr
1B2898,SQ56_EngardFaction
1B31FA,Tutorial_Well_Spiders
1B37CB,Tutorial_Well_Spiders_Scene
1B52DC,Quest_SQ02_Derfel
1B5AD9,City_Adessa_Prisoners
1B5C72,MQ01_Flee_Victim1_Faction
1B5C73,MQ01_Flee_Victim2_Faction
1B6369,Village_Didenhil_Well
1B636A,Village_Didenhil_Sick
1B7375,Quest_SQ86_RogueRunner
1B761A,Quest_SQ80_ColmBardan
1B76FA,Default_Guards_Ysa
1B785F,Quest_U04_Balthasar
1B7BE3,Citizen_Tywili_Soldiers
1BB1F8,Quest_SQ108_Jottun
1BB1F9,Quest_SQ108_Kobolds
1BB25E,Narrative_ScholiaArcana_Guard
1BBE83,Narrative_Gorhart_Guards
1BC8D1,Quest_FP03_Rebels
1BCA48,Quest_KV03_NiskaruHunter
1BCA95,Quest_SQ46_EfyrDynnwel
1BD492,Quest_MQ14_TowerGorta
1BD520,Quest_MQ07_Laz
1BD52B,Village_Gorhart_Prisoners
1BDE26,Narrative_OctienneGuardFaction
1BDE29,Militia_Ayten
1BE717,Village_Ayten_Prisoners
1BEC5D,Narrative_RedLegion
1BECB5,Narrative_Freemen
1BF709,Narrative_Darkvari
1BF70A,Narrative_Zungar
1BF716,Narrative_Cynric
1BFD2B,Narrative_Warsworn_MelSenshir
1C3D60,Quest_SQ105_Guran
1C48A6,Quest_SQ55_Halcyor
1C6B94,HV07_CyrilFaction
1C6D20,HV07_CyrusFaction
1C966B,Quest_MQ10_MelSenshir_DoorGuy
1C9F42,Village_Didenhil_Prisoners
1CA234,City_Ysa_Prisoners
1CADC4,Quest_MQ01_SKTuathaArchers
1CB572,Quest_MQ03_ToF_EttinBattleKobolds
1CBD0C,City_MelSenshir_Prison_Guards
1CD15A,Quest_SQ78_IdwaWidfrond
1D0721,Quest_SQ63_Guards
1D1620,Region_Tywili_Crime
1D18B8,Quest_MQ01_Rats
1D22DB,Quest_MQ14_Laz_01
1D22DC,Quest_MQ14_Laz_02
1D2BFE,Quest_KV03_Swordsmen
1D342E,Alserund_Narca_Faction
1D4D40,Quest_HM01_Thresh
1D69D5,Narrative_Taibreah
1D6A8B,Quest_FP05_Alarane
1D6A8C,Quest_FP05_Caelrod
1D6E75,SQ65_OrdoFaction
1D72CE,Narrative_SA_Brownies
1D7941,Faction_SQ55_SeeliePostQuest
1D8A7D,Warsworn_Shieldring_Crime
1D8A80,Warsworn_Helmgard_Crime
1D8A82,Warsworn_Ironfast_Crime
1D8FE3,Quest_SQ108_Crime
1DA657,DLC2_Quest_MQ01_Helyc
1DAA1F,DLC2_Quest_MQ02_Kahrunk
1DAA20,DLC2_Quest_MQ02_Attendant_A
1DAA21,DLC2_Quest_MQ02_Attendant_B
1DAB6E,DLC2_Quest_MQ_Secandra
1DC0EA,DLC2_Quest_SQ02_Lykeios
1DC3A7,DLC2_Quest_MQ_Anokatos
1DC902,DLC2_Thais_Fighter
1DC903,DLC2_Sistus_Fighter
1DC905,DLC2_Xeno_Fighter
1DC906,DLC2_Phinneas_Fighter
1DC907,DLC2_Onesimos_Fighter
1DCC29,DLC1_Quest_DeadKel
1DCE24,DLC2_Narrative_SilentChoir
1DD2CB,Quest_SQ30_ClyethArne_Crime
1DD2D4,DEV_EmotionalHuman
1DD2D5,DEV_EmotionalHumanF
1DD2D6,DEV_EmotionalFae
1DD2D8,DEV_EmotionalGnome
1DDE94,Quest_SQ01_Manwolf
1DE041,Quest_SQ11_Crime
1DE470,Region_ForsakenPlain_Crime
1DE550,DLC2_Quest_MQ05_Arches
1DE62C,DLC2_Quest_MQ05_Jottun
1DE765,Region_CradleOfSummer_Crime
1DE766,Engard_Faction
1DE964,DLC2_Quest_MQ05_JottunPrisoners_1
1DEA99,DLC2_Quest_MQ05_JottunPrisoners_2
1DEA9B,DLC2_Quest_MQ05_JottunPrisoners_3
1DEA9C,DLC2_Quest_MQ05_JottunPrisoners_4
1DF1DD,DLC1_Quest_Olaf
1DF613,DLC1_Narrative_Castaways
1DF614,DLC1_Narrative_Disciples
1DFF33,DLC1_Narrative_Invaders
1E027B,DLC1_Quest_SQ05_Scion
1E06F5,Faction_Idylla_Citizen
1E0B8E,Region_CaeledCoast_Crime
1E0D95,DLC2_Faction_Idylla_Citizens
1E236F,DLC2_Faction_SQ01_Rat
1E3D16,Quest_SQ77_Iluvia
1E4C8A,Quest_KV05_ElbinMeroch
1E5902,Quest_HP02_ErionRaff_Crime
1E5DB1,MQ_Nyralim_Tender_Faction
1E8A16,Region_Apotyre_Crime
1E8E9F,Quest_SA03_LerkaraFel
1E9574,SQ124_Alard_Faction
1E9B87,City_Rathir_Prison
1EA204,Narrative_Midden_Faction
1EA3BA,Quest_SQ131_Onlookers
1EB483,DLC2_Narrative_Scourger
1EB96F,DLC2_Quest_MQ0_Geoff
1EB9EA,Quest_KV05_Elbin_Crime
1EBE0E,DLC1_Narrative_Malcontents
1ECDA4,Quest_SQ140_BrotherSafety
1ED196,DLC2_Narrative_Kollossae_Barks
1ED926,Quest_HM03_Tenhwa
1EE011,Narrative_CaeledCoast_ElyaMadmyr
1EE012,Narrative_Ettinmere_ReyKildeen
1EE9AC,Quest_SQ103_Nel
1EE9AD,Quest_SQ21_Stellan
1EEBAF,Quest_TR02_Aergase
1EECC7,DLC1_SQ02_Faction_AngharadGlyndowr
1EEECF,Quest_SQ55_Maxen
1EEF0E,OUT_ALA_East_01_Troll
1EEFFF,Faction_MithBeodith
1EF79E,DLC1_Quest_BridgetteMaloi
1EF7FA,Faction_AlserundPilgrims
1EF882,Jail_Prisoners_Didenhil
1EF890,Faction_GarrickCastorFaction
1EFBB5,HV07_TrollGroundsFaction
1F0F21,Narrative_Adessa_SparringTroll
1F0F22,Narrative_Adessa_SparringLeanashe
1F14B7,Quest_SQ61_RafKlyr
1F157D,Quest_KV10_BesinsLads
1F15C7,Quest_SQ97_KandrianKeep
1F1BAC,Narrative_Sorrows_BisaraneAlly
1F38AB,DLC1_Narrative_Watchers
1F559E,Region_Alserund_Crime
1F7BDF,Quest_TR05_Phasmer
1F806A,Quest_SQ53_Thelgood
1FA5BA,DLC2_Narrative_Jottun
1FAD48,DLC2_Lykeios_Fighter_Faction
1FF158,DLC1_Quest_Tari
1FF159,DLC1_Quest_Nina
1FF5D1,DLC1_Quest_Brattigan
1FFF5E,DLC1_Quest_Gnomes
2004F0,DLC1_Quest_Baronett
200849,DLC1_Gravehal_AmbroseFlora
20084A,DLC1_Gravehal_CillianKeen
20084D,DLC1_Gravehal_OllieMadsen
200850,DLC1_Gravehal_ZefwynLan
200851,DLC1_Gravehal_MyfaRhonwen
200852,DLC1_Gravehal_BenwickAthelm
20085A,DLC1_Gravehal_DeirdreGwint
20085D,DLC1_Gravehal_Jacinda
20085E,DLC1_Gravehal_MartenStrand
200861,DLC1_Gravehal_AledPowell
200874,DLC1_Gravehal_BertrandSeznec
200875,DLC1_Gravehal_CalumToomey
200878,DLC1_Gravehal_KailMurdagh
200879,DLC1_Gravehal_AdelineKirk
20087C,DLC1_Gravehal_ErlenVanik
20087D,DLC1_SunhildaLorelle
20089C,DLC1_Gravehal_SunhildaLorelle
2008B2,DLC1_Gravehal_Padrig
200B07,DLC1_Quest_Gwynedds
201045,DLC2_MQ06_UpwardBlast
2015B8,DLC2_Idylla_Crime
20180B,DLC2_Lykeios_Observer_Faction
2022EB,DLC1_Narrative_Pets
2044AD,DLC1_Quest_Baronett_PlayerFocused
204BBF,DLC3_Faction_Haeste_Wildfrand
204E73,DLC3_SQ03_FridaFaction
204EA6,DLC3_Faction_SQ04_Bear
204ECC,DLC3_SQ03_Osrik_Faction
204ECE,DLC3_SQ03_Kean_Faction
205340,DLC2_IdyllaSewers_Soldier_01
205341,DLC2_IdyllaSewers_Soldier_02
205406,DLC2_TheaterofAndronikos_Actor_Faction
205791,DLC2_Quest_MQ05_SlaveLeader
206335,DLC3_Quest_SQ06_Griselda
206336,DLC3_Quest_SQ06_Lysander
2067E4,DLC3_SQ03_FateweaverFaction
2067E5,DLC3_SQ03_NiskaruFaction
20709D,DLC3_SQ05_Murghan_01
2070AF,DLC3_SQ05_Murghan_02
2070D8,DLC3_SQ05_Grain_01
2070D9,DLC3_SQ05_Grain_02
2070DA,DLC3_SQ05_Pot_01
2070DB,DLC3_SQ05_Pot_02
2070DD,DLC3_SQ05_Spear_01
2070DF,DLC3_SQ05_Spear_02
2070E0,DLC3_SQ05_Hammer_01
2070E1,DLC3_SQ05_Hammer_02
2070E2,DLC3_SQ05_Mug_01
2070E3,DLC3_SQ05_Mug_02
2070E5,DLC3_SQ05_Pestal_01
2070E6,DLC3_SQ05_Pestal_02
