id,value
025DE7,Alars_haste_path_01
025DE8,Ancestral_Runes_path_01
025DEA,dark_flame_circle_01
025DEB,drowe test arc path
025DEC,drowe test circle path
025DED,Kerrod_ground_pound_01
025DEE,Spell_Quake_Attack_02_ring
025DEF,Sorcerer_Shield_Pattern_01
025DF0,tengri_portal_smoke_ring_01
147596,Hero-Water_splash_torso
147640,Spell_Quake_Attack_03_Vent
149FC4,Summoner_Fire_Ring_01
14A5BC,Sorcerer_AOE_Fire_Ring
14A5F5,Boss_Balor_Claw_Slam_01
14D33D,Boss_Balor_Collapse_Dust
150C2F,Boss_Balor_Collapse_Impact_Debris
152687,Boss_Balor_Collapse_02
152703,Boss_Balor_Claw_Slam
1530EF,Sorcerer_Cyclone_Pattern_A
153112,Sorcerer_Cyclone_Pattern_B
153113,Sorcerer_Cyclone_Pattern_C
153114,Sorcerer_Cyclone_Pattern_D
1536A4,Sorcerer_Cyclone_Pattern_F
1536A9,Sorcerer_Cyclone_Pattern_E
15D5C3,Hero-Wrath_Slam_01_Pattern
162401,Staff_Fire_Chg_AOE_Fire_Ring_02
165760,Staff_Special_Fire_Ring
166130,Staff_Ice_chg_special_AOE_03
167A59,Warcry_AOE_Ring_01
1734E8,FXMesh-Banshaen_CallStorm_Cast_01_Ring
181821,Reckon_AOE_Ring_01
1849E6,Summoner_Fire_Ring_02
1B96E7,WOS_Magiceenergy_Top_base_01
1E55EF,DLC1_Rock_Monster_Spike
1ED684,DLC1_FXMesh_Deadkel_teleport_start
1ED8B5,DLC1_FXMesh_Deadkel_tele_finish02
1EE801,War_Barrier_Repel_pattern
1F0BF5,Well_transport_SQ01
1FBDEE,DLC1_Altar_Edge_Smoke
2036CE,DLC2_Primal_Chakram_Idle
205604,DLC2_Primos_Battle_Rock_Emerge
20789D,DLC2_Jottun_Ice_AOE
