id,value
001EDA,modalwindowmode
001EDD,AbilitySelectMode
001EDE,AimingMode
001EDF,AncestorShardMenuMode
001EE0,BattleofRovennaCombatMode
001EE1,BattleResultsMode
001EE2,BattleStartMode
001EE3,BattleWinMode
001EE4,BigBattlePlanMode
001EE5,CheatMode
001EE6,CinematicMode
001EE7,CombatTestMenuMode
001EE8,CompanionSelectMode
001EE9,ConversationMode
001EEA,DangerRoom_Controls
001EEB,DangerRoom_Disabled
001EEC,DangerRoom_DisabledWithCamera
001EED,DangerRoom_Menu
001EEE,DangerRoom_NoSlowAttack
001EEF,DeathMode
001EF0,DemoCinematicMode
001EF1,DemoInventoryWin
001EF2,DemoPlayerCity
001EF3,DemoPlayerWalk
001EF4,EmptyMode
001EF5,FreeCameraCheatMode
001EF6,invalid
001EF7,inventorywin
001EF8,KingdomWindowMode
001EF9,LedgerMode
001EFA,LedgerRadial
001EFB,MagicMode
001EFC,MajestyAttackMode
001EFD,MarqueeMode
001EFE,MotionSetWin
001EFF,oppAttackMode
001F00,PauseMode
001F01,QuickPause
001F02,radialmenumode
001F03,radialmenumodeAncestor
001F04,radialmenumodeMagic
001F05,SpellAimingMode
001F06,TutorialTipMode
001F07,uninited
003A8E,PlayerMelee
003A8F,PlayerRanged
003A90,PlayerMagic
004200,TeleportPlacementMode
004F4D,WeaponSelectMode
00550C,BlockingMode
005FBA,MerchantMode
012F92,controllerCommonMode
01F6E6,ElementalMode
024DD8,alchemy_mode
028975,FastTravelWinMode
02EC00,FreeCameraTeleportCheatMode
0344A7,level_alert_mode
03C0BC,Exp_Summary_Danger_Room_Mode
03CF04,usable_items_radial_mode
03E52C,universal_information_window_mode
040CEF,loot_popup_mode
06346D,alchemy_analyze_minigame_mode
065ABF,BlacksmithMode
06995F,spell_selection_radial_mode
06AF6E,MercuryBaseControlMode_1
070564,MercuryBaseControlMode_2
070567,PlayerMelee_SingleWeapon
07057B,PlayerMagic_SingleWeapon
075060,BookMode
0847F7,SagecraftMode
088F08,MessageBoxMode
0B0BC9,quest_alert_mode
13DCCE,LockpickingMinigameMode
14CA7D,pc_weapon_1
14CAF8,pc_weapon_2
14CB3A,pc_magic_1
14CBE7,pc_magic_2
14CBE9,pc_magic_3
14CBEA,pc_magic_4
14D8D4,pc_base
160AED,ScrollMode
179754,Player Fate Mash 1
179759,Player Fate Mash 2
17975C,Player Fate Mash 3
17975D,Player Fate Mash 4
189A6F,AggressiveMode
19141F,pc_magic_5
191420,pc_magic_6
191423,pc_magic_7
191424,pc_magic_8
191425,pc_magic_9
191426,pc_magic_0
1B006F,AlwaysOnCheats
1B67BB,PlayerConsoleRangedSlot1
1B67BC,PlayerConsoleRangedSlot2
