id,value
001ECB,invalid
001ECC,uninited
001ECD,AimingControl
001ECE,BigBattleRadialLeftStick
001ECF,BigBattleRadialRightStick
001ED0,CameraControl
001ED1,CheatsPlaceObjLeftStick
001ED2,CheatsRightStick
001ED3,ConversationMenuLeftStick
001ED4,LedgerLeftStick
001ED5,LedgerRadialRightStick
001ED6,MovementControl
001ED7,radialmenucontrol
001ED8,RadialMenuLeftStick
004201,TeleportPlacementLeftStick
012E0C,AimingControl_RightStick
057953,alchemy_mode_primary
065D2D,Blacksmith_LeftStick
065D2E,Blacksmith_RightStick
177FF6,RightTrigger
177FF8,LeftTrigger
