id,value
001CED,360AButtonLong
001CEE,360LBdownlong
001CEF,360RBdownlong
001CF0,360rbuttonandlbutton
001CF1,360rbuttondownandlbuttondown
001CF2,360RStickLeftHardStart
001CF3,360RStickRightHardStart
001CF4,360StartDownUp
001CF5,360StartLong
001CF6,360YButtonLong
001CF8,PCKB_A
001CFA,PCKB_AltDown
001CFB,PCKB_AltLong
001CFC,PCKB_D
001CFD,PCKB_Down
001CFE,PCKB_E
001CFF,PCKB_EDown
001D00,PCKB_ELong
001D01,PCKB_Enter
001D02,PCKB_Escape
001D03,PCKB_I
001D04,PCKB_Left
001D05,PCKB_LeftCtrlDown
001D06,PCKB_LeftCtrlUp
001D07,PCKB_P
001D08,PCKB_P_Long
001D09,PCKB_Q
001D0A,PCKB_Right
001D0B,PCKB_S
001D0C,PCKB_Space
001D0D,PCKB_SpaceDown
001D0E,PCKB_SpaceLong
001D10,PCKB_Tab
001D11,PCKB_Up
001D12,PCKB_W
001D13,PS3CircleButtonDown
001D14,PS3CrossButtonLong
001D15,PS3LBdownlong
001D16,PS3r1buttonandl1button
001D17,PS3StartLong
001D18,PS3TriangleButtonLong
001D25,360_Button_A_Hold
001D26,360_Button_A_Hold_Long
001D27,360_Button_A_Press
001D28,360_Button_A_Release
001D29,360_Button_Back_Press
001D2A,360_Button_Back_Release
001D2B,360_Button_B_Hold
001D2C,360_Button_B_Hold_Long
001D2D,360_Button_B_Press
001D2E,360_Button_B_Release
001D2F,360_Button_L_Press
001D30,360_Button_L_Release
001D31,360_Button_R_Press
001D32,360_Button_R_Release
001D33,360_Button_Start_Press
001D34,360_Button_Start_Release
001D35,360_Button_X_Hold
001D36,360_Button_X_Hold_Long
001D37,360_Button_X_Press
001D38,360_Button_X_Release
001D39,360_Button_Y_Hold
001D3A,360_Button_Y_Hold_Long
001D3B,360_Button_Y_Press
001D3C,360_Button_Y_Release
001D3D,360_DPad_Down_Hold
001D3E,360_DPad_Down_Press
001D3F,360_DPad_Down_PureHold
001D40,360_DPad_Down_Release
001D41,360_DPad_Left_Hold
001D42,360_DPad_Left_Press
001D43,360_DPad_Left_PureHold
001D44,360_DPad_Left_Release
001D45,360_DPad_Right_Hold
001D46,360_DPad_Right_Press
001D47,360_DPad_Right_PureHold
001D48,360_DPad_Right_Release
001D49,360_DPad_Up_Hold
001D4A,360_DPad_Up_Press
001D4B,360_DPad_Up_PureHold
001D4C,360_DPad_Up_Release
001D4D,360_StickButton_L_Release
001D4E,360_StickButton_R_Release
001D4F,360_Stick_L_Down_Hard
001D50,360_Stick_L_Down_Pure_Hold
001D51,360_Stick_L_Left_Hard
001D52,360_Stick_L_Left_Pure_Hold
001D53,360_Stick_L_Right_Hard
001D54,360_Stick_L_Right_Pure_Hold
001D55,360_Stick_L_Up_Hard
001D56,360_Stick_L_Up_Pure_Hold
001D57,360_Stick_R_Down_Hard
001D58,360_Stick_R_Down_Pure_Hold
001D59,360_Stick_R_Left_Hard
001D5A,360_Stick_R_Left_Pure_Hold
001D5B,360_Stick_R_Right_Hard
001D5C,360_Stick_R_Right_Pure_Hold
001D5D,360_Stick_R_Up_Hard
001D5E,360_Stick_R_Up_Pure_Hold
001D5F,360_Trigger_L_Hold
001D60,360_Trigger_L_Hold_Hard
001D61,360_Trigger_L_Hold_Soft
001D62,360_Trigger_L_Press
001D63,360_Trigger_L_Press_Hard
001D64,360_Trigger_L_Press_Soft
001D65,360_Trigger_L_Pure_Hold
001D66,360_Trigger_L_Release
001D67,360_Trigger_L_Release_Hard
001D68,360_Trigger_L_Release_Soft
001D69,360_Trigger_R_Hold
001D6A,360_Trigger_R_Hold_Hard
001D6B,360_Trigger_R_Hold_Soft
001D6C,360_Trigger_R_Press
001D6D,360_Trigger_R_Press_Hard
001D6E,360_Trigger_R_Press_Soft
001D6F,360_Trigger_R_Pure_Hold
001D70,360_Trigger_R_Release
001D71,360_Trigger_R_Release_Hard
001D72,360_Trigger_R_Release_Soft
001D73,PS3_Button_Circle_Press
001D74,PS3_Button_Circle_Release
001D75,PS3_Button_Cross_Press
001D76,PS3_Button_Cross_Release
001D77,PS3_Button_L1_Press
001D78,PS3_Button_L1_Release
001D79,PS3_Button_L2_Press
001D7A,PS3_Button_L2_Release
001D7B,PS3_Button_L3_Press
001D7C,PS3_Button_L3_Release
001D7D,PS3_Button_R1_Press
001D7E,PS3_Button_R1_Release
001D7F,PS3_Button_R2_Press
001D80,PS3_Button_R2_Release
001D81,PS3_Button_R3_Press
001D82,PS3_Button_R3_Release
001D83,PS3_Button_Select_Press
001D84,PS3_Button_Select_Release
001D85,PS3_Button_Square_Press
001D86,PS3_Button_Square_Release
001D87,PS3_Button_Start_Press
001D88,PS3_Button_Start_Release
001D89,PS3_Button_Triangle_Press
001D8A,PS3_Button_Triangle_Release
001D8B,PS3_DPad_Down_Press
001D8C,PS3_DPad_Down_Release
001D8D,PS3_DPad_Left_Press
001D8E,PS3_DPad_Left_Release
001D8F,PS3_DPad_Right_Press
001D90,PS3_DPad_Right_Release
001D91,PS3_DPad_Up_Press
001D92,PS3_DPad_Up_Release
001DC7,360LTdownlong
001DC8,360XButtonLong
001DC9,360_StickButton_L_Press
001DCA,PS3l2up
001DCC,PS3R1up
001DCD,PS3r2up
001DCE,PS3SquareButtonLong
018589,360_Button_R_Hold
019B28,PS3_Button_Circle_Hold
028E20,360_Button_LT_Hold_And_X_Press
028E21,360_Button_LT_Press_And_X_Press
028E23,PS3_Button_L2_Hold_And_Square_Press
028E24,PS3_Button_L2_Press_And_Square_Press
0290BC,360_Button_LT_Hold_And_X_Hold
02A615,360_Button_A_Hold_2s
02A749,PS3_Button_L2_Hold
02B2D8,PS3_Button_R2_Hold
02D688,360_Button_LT_Press_And_Y_Press
02D689,360_Button_LT_Hold_And_Y_Press
037B1B,PS3_Button_Triangle_Hold
03CF88,360_Button_L_Hold
05BC38,360_DPad_Down_PureHold_50ms
05BC39,360_Stick_L_Down_Pure_Hold_50ms
05BC3C,360_Stick_L_Up_Pure_Hold_50ms
05BC3D,360_DPad_Up_PureHold_50ms
05C26A,PCKB_Up_PureHold_50ms
05C26B,PCKB_Down_PureHold_50ms
05C2E5,360_Stick_R_Up_Pure_Hold_50ms
05C2E6,360_Stick_R_Down_Pure_Hold_50ms
05C329,360_StickButton_R_Press
05E0F7,360_DPad_Right_PureHold_50ms
05E0F8,360_Stick_L_Right_Pure_Hold_50ms
05E0F9,360_DPad_Left_PureHold_50ms
05E0FA,360_Stick_L_Left_Pure_Hold_50ms
06BB73,360_Block_and_Roll
06BB74,PS3_Block_and_Roll
06C24B,360_Button_X_Hold_Short
06C24C,PS3SquareButtonShort
06C24D,360_Button_Y_Hold_Short
06C24E,PS3TriangleButtonShort
06FB77,PS3_Button_Cross_Hold_Long
06FB78,PS3_Button_Square_Hold_Long
06FB79,PS3_Button_Triangle_Hold_Long
06FB7A,PS3_Button_Circle_Hold_Long
06FBA1,PS3_DPad_Down_PureHold_50ms
06FBA2,PS3_DPad_Up_PureHold_50ms
06FBA3,PS3_R1_down_long
06FBA4,PS3_Cross_Button_long
06FBA5,PS3_R1_down_and_L1_button_down
06FBA6,PS3_L1_down_long
06FBB8,PS3_Button_Cross_Hold_2s
06FBB9,PS3_Button_L1_Hold
06FBC1,PS3_Button_R1_Hold
06FBC2,PS3_DPad_Right_PureHold_50ms
06FBC3,PS3_DPad_Left_PureHold_50ms
06FBC4,PS3StartDownUp
06FBC6,PS3LTdownlong
071B25,PS3_Button_Cross_Hold
0722FC,PS3_Stick_R_Up_Hard
072411,PS3_Stick_R_Down_Hard
072412,PS3_Stick_R_Up_Pure_Hold_50ms
072413,PS3_Stick_R_Down_Pure_Hold_50ms
082F78,360_Button_Back_Long
082F79,360_Button_Start_Long
082F7A,PS3_Button_Select_Long
082F8B,PS3_Button_Start_Long
082F8C,360_Button_Start_And_Back
082F8E,PS3_Button_Start_And_Back
083A5D,360_StickButton_R_Hold
083A5E,PS3_Button_R3_Hold
083A60,PS3_StickButton_R_Hold
083B31,PS3_Stick_R_Left_Hard
083B32,PS3_Stick_R_Right_Hard
083B37,PS3_Stick_R_Left_Pure_Hold
083B38,PS3_Stick_R_Right_Pure_Hold
0B0C70,360_Button_A_Hold_1.2s
0B0C71,PS3_Button_Cross_Hold_1.2s
13B8DD,360_Trigger_LT_RT_Hold
13B8E2,360_Trigger_LT_RT_Press
13B8F0,360_Trigger_LT_RT_Release
13B910,PS3_Button_L2_R2_Press
13B912,PS3_Button_L2_R2_Hold
13B913,PS3_Button_L2_R2_Release
13B9A3,360_Trigger_R_NotHeld
13BA42,PS3_Button_R2_NotHeld
13BA5C,360_Button_A_NotHeld
13BA62,PS3_Button_Cross_NotHeld
13BCB7,360_Stick_L_R_Press
13BCB8,360_Stick_L_R_Release
13BCB9,360_Stick_L_R_Hold
13BCBA,PS3_Stick_L3_R3_Press
13BCBB,PS3_Stick_L3_R3_Hold
13BCBC,PS3_Stick_L3_R3_Release
13D670,360_Trigger_L_NotHeld
13D671,PS3_Button_L2_NotHeld
144043,PCKB_Escape_Hold
144047,PCKB_Escape_Press
144048,PCKB_Escape_Release
14404B,PCKB_1_Hold
14404D,PCKB_1_Press
14404F,PCKB_1_Release
144052,PCKB_2_Press
144053,PCKB_2_Hold
144054,PCKB_2_Release
14406A,PCKB_3_Press
14406C,PCKB_3_Hold
14406E,PCKB_3_Release
144073,PCKB_4_Hold
144074,PCKB_4_Press
144075,PCKB_4_Release
1440A4,PCKB_5_Press
1440A5,PCKB_5_Hold
1440A6,PCKB_5_Release
144198,PCKB_6_Press
144199,PCKB_6_Hold
14419A,PCKB_6_Release
14419C,PCKB_SLEEP_Hold
1441AB,PCKB_SLEEP_Press
1441AC,PCKB_7_Press
1441AD,PCKB_SLEEP_Release
1441B3,PCKB_7_Hold
1441B7,PCKB_7_Release
1441BB,PCKB_8_Press
1441BD,PCKB_APPS_Hold
1441BE,PCKB_APPS_Press
1441BF,PCKB_8_Hold
1441C0,PCKB_APPS_Release
1441C1,PCKB_8_Release
1441C2,PCKB_9_Press
1441C3,PCKB_RWIN_Hold
1441C4,PCKB_RWIN_Press
1441C5,PCKB_9_Hold
1441C6,PCKB_RWIN_Release
1441C7,PCKB_9_Release
1441C8,PCKB_LWIN_Hold
1441C9,PCKB_LWIN_Press
1441CB,PCKB_LWIN_Release
1441D6,PCKB_0_Press
1441D7,PCKB_0_Hold
1441DA,PCKB_0_Release
1441DD,PCKB_MINUS_Press
1441DE,PCKB_MINUS_Hold
1441DF,PCKB_MINUS_Release
1441E4,PCKB_EQUALS_Press
1441E5,PCKB_EQUALS_Hold
1441E6,PCKB_EQUALS_Release
1441E7,PCKB_BACK_Press
1441E8,PCKB_BACK_Hold
1441E9,PCKB_BACK_Release
1441EB,PCKB_DELETE_Hold
1441EE,PCKB_DELETE_Press
1441EF,PCKB_DELETE_Release
1441F1,PCKB_TAB_Press
1441F3,PCKB_TAB_Hold
1441F4,PCKB_INSERT_Hold
1441F5,PCKB_INSERT_Press
1441F6,PCKB_TAB_Release
1441F7,PCKB_INSERT_Release
1441F8,PCKB_Q_Press
1441F9,PCKB_NEXT_Hold
144201,PCKB_Q_Hold
144202,PCKB_NEXT_Press
144203,PCKB_NEXT_Release
144204,PCKB_Q_Release
144206,PCKB_DOWN_Hold
144207,PCKB_DOWN_Press
144208,PCKB_W_Press
144209,PCKB_DOWN_Release
14420B,PCKB_END_Hold
14420C,PCKB_END_Press
14420D,PCKB_END_Release
14420E,PCKB_RIGHT_Hold
14420F,PCKB_RIGHT_Press
144210,PCKB_RIGHT_Release
144211,PCKB_W_Hold
144212,PCKB_W_Release
144213,PCKB_LEFT_Hold
144214,PCKB_LEFT_Press
144215,PCKB_LEFT_Release
144217,PCKB_E_Press
144218,PCKB_E_Hold
144219,PCKB_E_Release
14421B,PCKB_R_Press
14421D,PCKB_R_Hold
14421F,PCKB_R_Release
144221,PCKB_PRIOR_Hold
144222,PCKB_PRIOR_Press
144223,PCKB_PRIOR_Release
144226,PCKB_T_Press
14423C,PCKB_T_Hold
14423D,PCKB_T_Release
14423E,PCKB_Y_Press
14423F,PCKB_UP_Hold
144240,PCKB_Y_Hold
144241,PCKB_Y_Release
144242,PCKB_U_Press
144244,PCKB_U_Hold
144245,PCKB_UP_Press
144246,PCKB_U_Release
144247,PCKB_UP_Release
144248,PCKB_I_Press
144249,PCKB_I_Hold
14424A,PCKB_I_Release
14424B,PCKB_HOME_Hold
14424C,PCKB_HOME_Press
14424D,PCKB_HOME_Release
14424E,PCKB_O_Press
14424F,PCKB_O_Hold
144250,PCKB_PAUSE_Hold
144251,PCKB_O_Release
144252,PCKB_PAUSE_Press
144253,PCKB_PAUSE_Release
144254,PCKB_P_Press
144255,PCKB_P_Hold
144256,PCKB_P_Release
144257,PCKB_RMENU_Hold
144258,PCKB_RMENU_Press
144259,PCKB_RMENU_Release
14425B,PCKB_LBRACKET_Press
14425E,PCKB_LBRACKET_Hold
14425F,PCKB_LBRACKET_Release
144260,PCKB_RBRACKET_Press
144262,PCKB_RBRACKET_Hold
144265,PCKB_RBRACKET_Release
144266,PCKB_RETURN_Press
14426A,PCKB_RETURN_Hold
14426D,PCKB_RETURN_Release
14426F,PCKB_LCONTROL_Press
144271,PCKB_LCONTROL_Hold
144274,PCKB_LCONTROL_Release
144275,PCKB_A_Press
144276,PCKB_A_Hold
144278,PCKB_A_Release
14427B,PCKB_S_Press
14427C,PCKB_S_Hold
14427F,PCKB_S_Release
144281,PCKB_D_Press
144282,PCKB_D_Hold
144283,PCKB_D_Release
144286,PCKB_F_Press
144287,PCKB_F_Hold
144288,PCKB_F_Release
14428A,PCKB_G_Press
14428B,PCKB_G_Hold
14428D,PCKB_G_Release
14428E,PCKB_H_Press
14428F,PCKB_H_Hold
144290,PCKB_H_Release
144297,PCKB_J_Press
144299,PCKB_J_Hold
14429B,PCKB_J_Release
14429F,PCKB_K_Press
1442A1,PCKB_K_Hold
1442A2,PCKB_K_Release
1442A4,PCKB_L_Press
1442A6,PCKB_L_Hold
1442A8,PCKB_L_Release
1442AC,PCKB_SEMICOLON_Press
1442AD,PCKB_SEMICOLON_Hold
1442AE,PCKB_SEMICOLON_Release
1442B2,PCKB_APOSTROPHE_Press
1442B4,PCKB_APOSTROPHE_Hold
1442B5,PCMouse_Button_1
1442B6,PCKB_APOSTROPHE_Release
1442B7,PCMouse_Button_2
1442B8,PCKB_GRAVE_Press
1442BA,PCMouse_Button_3
1442BB,PCKB_GRAVE_Hold
1442BC,PCMouse_Button_4
1442BD,PCKB_GRAVE_Release
1442BE,PCMouse_Button_5
1442BF,PCMouse_Button_6
1442C0,PCMouse_Button_7
1442C8,PCMouse_Button_8
1442C9,PCKB_LSHIFT_Press
1442CA,PCKB_LSHIFT_Hold
1442CE,PCKB_RCONTROL_Hold
1442CF,PCKB_RCONTROL_Press
1442D0,PCKB_RCONTROL_Release
1442D1,PCKB_LSHIFT_Release
1442F4,PCKB_BACKSLASH_Press
1442F5,PCKB_BACKSLASH_Hold
1442F7,PCKB_BACKSLASH_Release
1442FA,PCKB_Z_Press
1442FD,PCKB_Z_Hold
1442FE,PCKB_Z_Release
144303,PCKB_X_Press
144304,PCKB_X_Hold
144305,PCKB_X_Release
14430C,PCKB_C_Press
14430D,PCKB_C_Hold
14430F,PCKB_C_Release
144310,PCKB_V_Press
144311,PCKB_V_Hold
144313,PCKB_V_Release
144316,PCKB_N_Press
144317,PCKB_N_Hold
144318,PCKB_N_Release
144319,PCKB_M_Press
14431A,PCKB_M_Hold
14431B,PCKB_M_Release
14432C,PCKB_SLASH_Press
14432D,PCKB_SLASH_Hold
14432E,PCKB_SLASH_Release
14432F,PCKB_RSHIFT_Press
144330,PCKB_RSHIFT_Hold
144331,PCKB_RSHIFT_Release
144333,PCKB_MULTIPLY_Press
144334,PCKB_MULTIPLY_Hold
144338,PCKB_MULTIPLY_Release
1443B1,PCKB_LMENU_Press
1443B3,PCKB_LMENU_Hold
1443B7,PCKB_LMENU_Release
1443CF,PCKB_SPACE_Press
1443D4,PCKB_SPACE_Hold
1443D9,PCKB_SPACE_Release
1443E3,PCKB_CAPITAL_Press
1443E5,PCKB_CAPITAL_Hold
144406,PCKB_CAPITAL_Release
14441E,PCKB_NOCONVERT_Hold
14441F,PCKB_NOCONVERT_Press
144421,PCKB_NOCONVERT_Release
144422,PCKB_F1_Press
144432,PCKB_F1_Hold
144435,PCKB_F1_Release
144437,PCKB_CONVERT_Hold
144438,PCKB_CONVERT_Press
14443B,PCKB_CONVERT_Release
14443C,PCKB_F2_Press
14443D,PCKB_F2_Hold
144440,PCKB_F2_Release
144447,PCKB_F3_Press
14444E,PCKB_F3_Hold
144450,PCKB_F3_Release
144452,PCKB_F4_Press
144453,PCKB_KANA_Hold
144454,PCKB_F4_Hold
144455,PCKB_KANA_Press
144456,PCKB_KANA_Release
144457,PCKB_F4_Release
144458,PCKB_F15_Hold
144459,PCKB_F15_Press
14445A,PCKB_F15_Release
14445B,PCKB_F5_Press
14445D,PCKB_F5_Hold
14445E,PCKB_F14_Hold
14445F,PCKB_F14_Press
144460,PCKB_F5_Release
144461,PCKB_F14_Release
144462,PCKB_F6_Press
144463,PCKB_F6_Hold
144464,PCKB_F13_Hold
144465,PCKB_F6_Reslease
144469,PCKB_F7_Press
14446B,PCKB_F7_Hold
14446D,PCKB_F7_Release
14446E,PCKB_F8_Press
144470,PCKB_F8_Hold
144472,PCKB_F8_Release
144476,PCKB_F13_Press
144477,PCKB_F9_Press
144478,PCKB_F13_Release
144479,PCKB_F9_Hold
14447A,PCKB_F9_Release
14447C,PCKB_F10_Press
14447E,PCKB_F10_Hold
144485,PCKB_F10_Release
14448A,PCKB_NUMLOCK_Press
14448B,PCKB_NUMLOCK_Hold
14448C,PCKB_F12_Hold
14448D,PCKB_NUMLOCK_Release
1444A3,PCKB_SCROLL_Press
1444D0,PCKB_SCROLL_Hold
1444D1,PCKB_F12_Press
1444D2,PCKB_SCROLL_Release
1444D3,PCKB_F12_Release
1444D5,PCKB_NUMPAD7_Press
1444D6,PCKB_F11_Hold
1444D7,PCKB_NUMPAD7_Hold
1444D8,PCKB_F11_Press
1444D9,PCKB_NUMPAD7_Release
1444DA,PCKB_F11_Release
1444DB,PCKB_OEM_102_Hold
1444E0,PCKB_OEM_102_Press
1444E1,PCKB_OEM_102_Release
1444E2,PCKB_NUMPAD8_Press
1444E3,PCKB_DECIMAL_Hold
1444E4,PCKB_NUMPAD8_Hold
1444E5,PCKB_DECIMAL_Press
1444E6,PCKB_DECIMAL_Release
1444E7,PCKB_NUMPAD8_Release
1444E8,PCKB_NUMPAD9_Press
1444E9,PCKB_NUMPAD0_Hold
1444EA,PCKB_NUMPAD0_Press
1444EB,PCKB_NUMPAD0_Release
1444EC,PCKB_NUMPAD9_Hold
1444ED,PCKB_NUMPAD9_Release
1444EE,PCKB_NUMPAD3_Hold
1444EF,PCKB_NUMPAD3_Press
1444F0,PCKB_NUMPAD3_Release
1444F1,PCKB_NUMPAD2_Hold
1444F2,PCKB_NUMPAD2_Press
1444F3,PCKB_NUMPAD2_Release
1444F4,PCKB_NUMPAD1_Hold
1444F5,PCKB_NUMPAD1_Press
1444F6,PCKB_NUMPAD1_Release
1444FA,PCKB_NUMPAD6_Hold
1444FB,PCKB_NUMPAD6_Press
1444FC,PCKB_NUMPAD6_Release
1444FD,PCKB_NUMPAD5_Hold
1444FE,PCKB_NUMPAD5_Press
1444FF,PCKB_NUMPAD5_Release
144502,PCKB_NUMPAD4_Hold
144504,PCKB_NUMPAD4_Press
144505,PCKB_NUMPAD4_Release
14570C,PCMouse_Scroll_Up
14570D,PCMouse_Scroll_Down
14A029,360_Button_X_NotHeld
14A02A,360_Button_Y_NotHeld
14A02B,360_Button_B_NotHeld
14A02C,PS3_Button_Circle_NotHeld
14A02D,PS3_Button_Triangle_NotHeld
14A02E,PS3_Button_Square_NotHeld
14AD30,PCMouse_Button_1_Press
14AD32,PCMouse_Button_1_Hold
14AD41,PCMouse_Button_1_Release
14AD44,PCMouse_Button_1_Hold_Long
14AE7A,PCKB_LSHIFT_NotHeld
14B164,PCMouse_Button_2_Press
14B165,PCMouse_Button_2_Hold
14B166,PCMouse_Button_2_Release
14B167,PCMouse_Button_2_NotHeld
155119,PCMouse_Button_1_Not_Held
186F6D,PS3_Stick_L_Down_Hard
186F98,PS3_Stick_L_Up_Hard
18705A,PS3_Stick_L_Up_Pure_Hold_50ms
18705B,PS3_Stick_L_Right_Hard
18705C,PS3_Stick_L_Left_Hard
18705F,PS3_Stick_L_Down_Pure_Hold_50ms
18714B,PS3_Stick_L_Up_Pure_Hold
18714C,PS3_Stick_L_Down_Pure_Hold
196C05,PS3_Stick_L_Left_Pure_Hold
196C32,PS3_Stick_L_Left_Pure_Hold_50ms
196C36,PS3_Stick_L_Right_Pure_Hold
196C37,PS3_Stick_L_Right_Pure_Hold_50ms
1B017B,360_Triggers_RShoulder
1B0189,360_Triggers_LShoulder
1B67BF,360_Button_L_NotHeld
1B67C0,PS3_Button_L1_NotHeld
1DD22F,PS3_Triggers_LShoulder
1DD230,PS3_Triggers_RShoulder
1DDF3E,PS3_Button_R1_NotHeld
1DE5B6,PS3_DPad_Down_Hold
