id,value
001DCF,cancelevent
001DD0,CheatA
001DD1,CheatB
001DD2,CheatDPadDown
001DD3,CheatDPadLeft
001DD4,CheatDPadRight
001DD5,CheatDPadUp
001DD6,CheatListScrollDown
001DD7,CheatListScrollDownHold
001DD8,CheatListScrollUp
001DD9,CheatListScrollUpHold
001DDA,CheatX
001DDB,CheatY
001DDC,conversationmenuselect
001DDD,downevent
001DDE,drop_squad
001DDF,EnterCheatMode
001DE0,enterMajestyAttackMenu
001DE1,enterOppAttackMenu
001DE2,enterRadialMenuAncestor
001DE3,enterRadialMenuMagic
001DE4,ExitCheatMode
001DE5,exitMajestyAttackMenu
001DE6,exitOppAttackMenu
001DE7,exitradialmenuAncestor
001DE8,exitradialmenumagic
001DE9,invalid
001DEA,modalBack
001DEB,modalLB
001DEC,modalRB
001DED,modalStart
001DEE,MotionButton1
001DEF,MotionButton2
001DF0,MotionButton3
001DF1,MotionButton4
001DF2,oppAttackCompanion1
001DF3,oppAttackCompanion2
001DF4,oppAttackCompanion3
001DF5,oppAttackCompanion4
001DF6,paddownevent
001DF7,padupevent
001DF8,pckbdownevent
001DF9,pckbupevent
001DFA,radialmenuselect
001DFB,radialQuickSelectArm
001DFC,radialQuickSelectMagic
001DFD,rangedattack
001DFE,rangedattackhold
001DFF,rangedattackup
001E00,SaveDebugModeStack
001E01,selectevent
001E02,TakeScreenshot
001E03,targetInfo
001E04,uninited
001E05,upevent
001E06,AbilitySelectA
001E07,AbilitySelectB
001E08,AbilitySelectExit
001E09,AbilitySelectRemap
001E0A,AbilitySelectX
001E0B,AbilitySelectY
001E0C,action1
001E0D,AddModeDemoPlayerWalk
001E0E,AimingToggle
001E0F,AncestorShardMenuLB
001E10,AncestorShardMenuRB
001E11,AncestorTestMenuA
001E12,AncestorTestMenuB
001E13,AncestorTestMenuDown
001E14,AncestorTestMenuUp
001E15,AncestorTestModeLeft
001E16,AncestorTestModeRight
001E17,BattleofRovennaMap
001E18,BattleStartWinA
001E19,BattleWinA
001E1A,BattleWinDown
001E1B,BattleWinLeft
001E1C,BattleWinMajorLeft
001E1D,BattleWinMajorRight
001E1E,BattleWinMinorLeft
001E1F,BattleWinMinorRight
001E20,BattleWinRight
001E21,BattleWinUp
001E22,BigBattlePlanA
001E23,BigBattleResultsA
001E24,BigBattleResultsB
001E25,BigBattleResultsDown
001E26,BigBattleResultsExit
001E27,BigBattleResultsLeft
001E28,BigBattleResultsMajorTabLeft
001E29,BigBattleResultsMajorTabRight
001E2A,BigBattleResultsMinorTabLeft
001E2B,BigBattleResultsMinorTabRight
001E2C,BigBattleResultsRight
001E2D,BigBattleResultsUp
001E2E,BigBattleResultsX
001E2F,BigBattleResultsY
001E30,BigBattleWinA
001E31,BigBattleWinB
001E32,BigBattleWinBack
001E33,BigBattleWinDown
001E34,BigBattleWinExit
001E35,BigBattleWinLeft
001E36,BigBattleWinMajorTabLeft
001E37,BigBattleWinMajorTabRight
001E38,BigBattleWinMinorTabLeft
001E39,BigBattleWinMinorTabRight
001E3A,BigBattleWinRight
001E3B,BigBattleWinUp
001E3C,BigBattleWinX
001E3D,BigBattleWinY
001E3E,blockoff
001E3F,blockon
001E40,CastSpellinMenu
001E41,changecategory
001E42,changestatustableft
001E43,changestatustabright
001E44,cinematicskip
001E45,CinematicSkipMenu
001E46,CinematicSkipX
001E47,CloseMarqueeWin
001E48,CombatTestMenuA
001E49,CombatTestMenuB
001E4A,CombatTestMenuDown
001E4B,CombatTestMenuLeft
001E4C,CombatTestMenuRight
001E4D,CombatTestMenuUp
001E4E,CompanionAllCommand
001E4F,CompanionCommandHold
001E50,CompanionLeftCommand
001E51,CompanionRecallCommand
001E52,CompanionRightCommand
001E53,CompanionSelectA
001E54,CompanionSelectB
001E55,CompanionSelectLeft
001E56,CompanionSelectRight
001E57,CompanionSelectY
001E58,CycleTargetLeft
001E59,CycleTargetRight
001E5A,CycleTargetStickLeft
001E5B,CycleTargetStickRight
001E5C,dangerMenuA
001E5D,dangerMenuB
001E5E,dangerMenuDown
001E5F,dangerMenuLeft
001E60,dangerMenuRight
001E61,dangerMenuUp
001E62,DRoomControls_A
001E63,DRoomControls_B
001E64,DRoomControls_X
001E65,DRoomControls_Y
001E66,DropObject
001E67,enterItemSelect
001E68,EnterMagicMode
001E69,EnterQuickPause
001E6A,enterradialmenu
001E6B,equipselected
001E6C,ExitMagicMode
001E6D,exitradialmenu
001E6E,fastattack
001E6F,fastattackhold
001E70,fastattackholdlong
001E71,fastattackup
001E72,FreeCameraCheatA
001E73,interact
001E74,interact_with_or_action
001E75,InventoryChangeTabLeft
001E76,InventoryChangeTabRight
001E77,InventoryScrollDown
001E78,InventoryScrollLeft
001E79,InventoryScrollRight
001E7A,InventoryScrollUp
001E7B,inventoryuseitem
001E7C,InventoryWindow
001E7D,KingdomWindowA
001E7E,KingdomWindowB
001E7F,KingdomWindowBack
001E80,KingdomWindowStart
001E81,LedgerA
001E82,LedgerB
001E83,LedgerDown
001E84,LedgerExit
001E85,LedgerLaunchMap
001E86,LedgerLeft
001E87,LedgerLStickClick
001E88,LedgerMajorTabLeft
001E89,LedgerMajorTabLeftRelease
001E8A,LedgerMajorTabRight
001E8B,LedgerMajorTabRightRelease
001E8C,LedgerMap
001E8D,LedgerMinorTabLeft
001E8E,LedgerMinorTabRight
001E8F,LedgerRight
001E90,LedgerUp
001E91,LedgerX
001E92,LedgerY
001E93,LockTargetOff
001E94,LockTargetOn
001E95,MagicMode_A
001E96,MagicMode_X
001E97,MagicMode_Y
001E98,MajestyCastSpell1
001E99,MajestyCastSpell2
001E9A,MajestyCastSpell3
001E9B,MajestyCastSpell4
001E9C,MajestyRemap
001E9D,modalSort
001E9E,modalX
001E9F,modalY
001EA0,NextComboEntry
001EA1,NextMenuEntry
001EA2,OpenItemInLedger
001EA3,OpenLedger
001EA4,PauseGame
001EA5,PauseMenuA
001EA6,PauseMenuB
001EA7,PauseMenuDown
001EA8,PauseMenuUp
001EA9,PickUpObject
001EAA,PlayAnimation
001EAB,PopInventoryWin
001EAC,PopMode
001EAD,pressbbutton
001EAE,PrevComboEntry
001EAF,PrevMenuEntry
001EB0,ReleaseQuickPause
001EB1,Resurrect
001EB2,Shoot
001EB3,slowattack
001EB4,slowattackhold
001EB5,slowattackholdlong
001EB6,slowattackup
001EB7,SpellAimStart
001EB8,SprintHold
001EB9,SprintOff
001EBA,SprintOn
001EBB,TimeSlowDown
001EBC,TimeSpeedUp
001EBD,TipWinA
001EBE,TipWinB
001EBF,TipWinX
001EC0,toggleMinimap
001EC1,TogglePause
001EC2,toggletargetlock
001EC3,ToggleWindow
001EC4,UnpauseGame
001EC5,weaponSelectA
001EC6,weaponSelectB
001EC7,weaponSelectRemap
001EC8,weaponSelectX
001EC9,weaponSelectY
001ECA,SkipCurrentDialogLine
003AA6,dive_roll
003D0D,Use_Special_Item
003D1C,Attack_A
003D1D,Heavy_Forward_Attack
003D1E,Attack_B
003D1F,Power_Sweep
003D21,Unarmed_Attack
003D22,Attack_C
003D23,Block_Press
003D24,Parry
003D25,Bull_Rush
003D2B,Cycle_Weapons_Left
003D2C,Cycle_Weapons_Right
003D64,Rapid_Shot
003D69,Charged_Shot
003D6D,Cluster_Shot
003D6E,Power_Cluster_Shot
003D6F,Tag_Enemies
003D70,Detonate_Arrows
003D72,Cycle_Quivers_Left
003D73,Cycle_Quivers_Right
003D75,Free_Aim_Mode
003D77,FAM_Normal_Shot
003D79,FAM_Controllable_Shot
003D7B,Haste
003D88,Force_Push
003D8A,Force_Wave
003D8C,PBAE_Spell
003D8E,Expand_PBAE_Spell_Area
003D90,Beam_Attack
003D91,Expanding_Chain_Attack
003D93,Cycle_Elemental_Orbs_Left
003D95,Cycle_Elemental_Orbs_Right
003D96,Teleport_Hold
003D99,Teleport
003D9A,Radial_Spell_Menu_Access
004038,Force_Wave_End
00437D,MajestyAttackMenuA
004398,MajestyAttackMenuB
004399,MajestyAttackMenuX
00439A,MajestyAttackMenuY
00439B,MajestyAttackMenuTest
0047E4,CheatListRScrollUp
0047E9,CheatListRScrollDown
0047FA,CheatListScrollRight
0047FB,CheatListScrollLeft
0048BD,Block_Release
004A47,Teleport_Release_Hard
004A48,Teleport_Release_Soft
004F12,Cycle_Weapons_Down
004F4E,Cycle_Weapons_Down_Release
004F4F,Cycle_Weapons_Left_Release
004F50,Cycle_Weapons_Right_Release
00550D,BlockingParry
005D49,Free_Aim_Mode_Exit
005FBC,MerchantModeA
005FBD,MerchantModeB
005FBE,MerchantModeX
005FBF,MerchantModeY
005FDE,MerchantModeStart
0065AE,LeapingWhirlwind
012EC5,ActivateFollower
012F93,controllerCommonMode_A
012F94,controllerCommonMode_B
012F95,controllerCommonMode_X
012F96,controllerCommonMode_Y
012F97,controllerCommonMode_lstick_up
012F98,controllerCommonMode_lstick_down
012F99,controllerCommonMode_lstick_right
012F9A,controllerCommonMode_lstick_left
012F9B,controllerCommonMode_dpad_up
012F9C,controllerCommonMode_dpad_down
012F9D,controllerCommonMode_dpad_right
012F9E,controllerCommonMode_dpad_left
012F9F,controllerCommonMode_back
012FA0,controllerCommonMode_start
012FA1,controllerCommondMode_rstick_up
012FA2,controllerCommondMode_rstick_down
012FA3,controllerCommondMode_rstick_left
012FA4,controllerCommondMode_rstick_right
0144E3,JumpVerticle
018679,dismiss_follower
0197B7,Melee_Power_AttackHold
019F63,Melee_Power_AttackRelease
01CB39,Whirlwind_Release
01E1D6,MerchantModeLB
01E1D7,MerchantModeRB
01E1D8,MerchantModeUp
01E1D9,MerchantModeDown
01E1DA,MerchantModeRight
01E1DB,MerchantModeLeft
01E287,Grapple
01EE56,Block_Hold
01F6E5,Enter_Elemental_Mode
01F6E7,Elemental_Mode_Direct
01F6E8,Elemental_Mode_AOE
01F6E9,Elemental_Mode_Buff
01F6EA,Elemental_Mode_Debuff
01F7D4,Elemental_Mode_Exit
01F7E7,Elemental_Mode_Enter_Cheats
01F86A,dangerMenu_R_Up
01F86B,dangerMenu_R_Down
01F86C,dangerMenu_R_Left
01F86D,dangerMenu_R_Right
01FAD8,Enter_Cheat_Mode_Alt
02220E,CheatLT
022210,CheatRT
022CAF,Cycle_Magic_Left
022CB0,Cycle_Magic_Up
022CB1,Cycle_Magic_Down
022CB2,Cycle_Magic_Right
022CB3,Cycle_Magic_Left_Release
022CB4,Cycle_Magic_Up_Release
022CB5,Cycle_Magic_Right_Release
022CB6,Cycle_Magic_Down_Release
024DDC,alchemy_mode_left
024DDD,alchemy_mode_right
024DDE,alchemy_mode_confirm
024DDF,alchemy_mode_cancel
024DE0,alchemy_mode_up
024DE1,alchemy_mode_down
024DE2,alchemy_mode_tab_left
024DE3,alchemy_mode_tab_right
0260C1,Wisp_Press
0260C2,Wisp_Release
026EFF,Attack_C_Chain
026F00,Attack_A_Chain
026F01,Attack_B_Chain
02715D,LedgerRStickClick
028977,FastTravel_Select
028978,FastTravel_Cancel
028979,FastTravel_Up
02897D,FastTravel_Down
028980,FastTravel_ToggleFilter
028E22,Attack_A_Hold
028E2E,Attack_A_Release
029F07,Attack_D
02D162,controllerCommonMode_ltrigger_press
02D163,controllerCommonMode_rtrigger_press
02D68A,Attack_Special_B_Press_Block_Press
02D68B,Attack_Special_B_Press_Block_Hold
02EC02,FreeCameraTeleportCheatA
0306D7,SwitchUsableItem_Left
0306F6,SwitchUsableItem_Right
0306F7,UseUsableItem
0306F9,Alias_Swd_Press
0306FA,Alias_Swd_Chain
0306FB,Alias_Swd_Hold
0306FC,Alias_Swd_Release
0306FD,Alias_Hmr_Press
0306FE,Alias_Hmr_Release
0306FF,Alias_Hmr_Hold
030700,Alias_Hmr_Chain
030709,Attack_B_Hold
03070A,Attack_B_Release
03070C,Attack_C_Hold
03070D,Attack_C_Release
030A1B,StopDialog
031116,Alias_Fst_Press
031118,Alias_Fst_Hold
031119,Alias_Fst_Chain
03111A,Alias_Fst_Release
03111B,Alias_Bow_Chain
03111C,Alias_Bow_Press
03111D,Alias_Bow_Hold
03111E,Alias_Bow_Release
032E66,Alias_Mag_Fissure_Press
032E68,Alias_Mag_Fissure_Release
032E69,Alias_Mag_Fissure_Hold
032E71,Alias_Mag_Fissure_Chain
0344A8,level_alert_confirm
035964,Alias_Mag_Force_Press
035969,Alias_Mag_Force_Release
03596A,Alias_Mag_Force_Chain
0359F5,Alias_Mag_Force_Hold
036076,Alias_Mag_LightningAoE_Chain
036077,Alias_Mag_LightningAoE_Press
036078,Alias_Mag_LightningAoE_Hold
036079,Alias_Mag_LightningAoE_Release
03AA2E,Alias_Mir_Chain
03AA2F,Alias_Mir_Hold
03AA30,Alias_Mir_Press
03AA31,Alias_Mir_Release
03AA45,Alias_Spr_Chain
03AA46,Alias_Spr_Hold
03AA47,Alias_Spr_Press
03AA48,Alias_Spr_Release
03AA49,Alias_Spr_Chain_Delay
03C0C0,close_exp_summary_danger_room
03CE2A,Alias_Mag_WarBanner_Press
03CE2B,Alias_Mag_WarBanner_Release
03CE2C,Alias_Mag_WarBanner_Chain
03CE2D,Alias_Mag_WarBanner_Hold
03CF09,usable_items_confirm
03CF0A,usable_items_close
03CF0B,usable_items_more_info
03CF0C,usable_items_map_hotslot
03CF7B,open_usable_items_radial
03D1C0,Alias_Mag_Flamethrower_Press
03D1C1,Alias_Mag_Flamethrower_Release
03D1C2,Alias_Mag_Flamethrower_Chain
03D1C3,Alias_Mag_Flamethrower_Hold
03D428,usable_items_back
03D67C,Attack_A_Chain_Delay
03D67D,Attack_B_Chain_Delay
03D67E,Attack_C_Chain_Delay
03E069,Alias_Mag_ShieldBanner_Press
03E06A,Alias_Mag_ShieldBanner_Release
03E06B,Alias_Mag_ShieldBanner_Hold
03E06C,Alias_Mag_ShieldBanner_Chain
03E52D,universal_information_window_close
03E73C,usable_items_next_page
03E73D,usable_items_previous_page
03E841,conversation_access_services
040CF0,loot_popup_a
040CF1,loot_popup_b
040CF2,loot_popup_x
040CF3,loot_popup_y
040CF4,loot_popup_lb
040CF5,loot_popup_rb
040F15,KingdomWindowY
0427A5,Alias_Mag_Haste_Chain
0427A6,Alias_Mag_Haste_Hold
0427A7,Alias_Mag_Haste_Press
0427A8,Alias_Mag_Haste_Release
057618,Stealth
057954,alchemy_mode_secondary
057955,alchemy_mode_primary
0590E2,Toggle_Attack_Mode
0596F8,PadDownRepeatEvent
05A0CE,PadUpRepeatEvent
05B8C1,Steal
05C6E3,CheatListScrollDownRepeat
05C6E4,CheatListScrollUpRepeat
05C6E5,CheatListRScrollUpRepeat
05C6E6,CheatListRScrollDownRepeat
05DFB0,PadRightEvent
05DFB1,PadLeftEvent
05DFB2,PadRightRepeatEvent
05DFB3,PadLeftRepeatEvent
062D3F,FastTravel_Up_Repeat
062D40,FastTravel_Down_Repeat
06346F,aam_right_repeat
063470,aam_left_repeat
063471,aam_back
063472,aam_left
063473,aam_right
063474,aam_drop
065AC0,Blacksmith_A
065AC1,Blacksmith_B
065AC2,Blacksmith_X
065AC3,Blacksmith_Y
065D2F,Blacksmith_Up
065D30,Blacksmith_Down
065D31,Blacksmith_Left
065D32,Blacksmith_Right
065D33,Blacksmith_Start
068F52,Alchemy_mode_cheat
0692FE,alchemy_mode_down_repeat
069308,alchemy_mode_up_repeat
069A2C,spell_selection_close
069A2D,spell_selection_more_info
069A2E,spell_selection_back
069A2F,spell_selection_select
069F9E,Alias_Stf_Chain
069F9F,Alias_Stf_Hold
069FA0,Alias_Stf_Press
069FA1,Alias_Stf_Release
06AF71,open_spell_selection_radial
06AFEE,quick_swap_spells
06B92C,Alias_Mag_Meteor_Chain
06B92D,Alias_Mag_Meteor_Hold
06B92E,Alias_Mag_Meteor_Press
06B92F,Alias_Mag_Meteor_Release
06BAB4,Alias_Mag_WaterOfLife_Chain
06BAB5,Alias_Mag_WaterOfLife_Hold
06BAB6,Alias_Mag_WaterOfLife_Press
06BAB7,Alias_Mag_WaterOfLife_Release
06C03C,Attack_A_Hold_Delay
06C03D,Attack_B_Hold_Delay
06C04A,Alias_Stf_Delay
06C531,Alias_Mag_ManaShield_Chain
06C532,Alias_Mag_ManaShield_Press
06C533,Alias_Mag_ManaShield_Hold
06C534,Alias_Mag_ManaShield_Release
06DC07,Alias_Mag_Transform_Chain
06DC08,Alias_Mag_Transform_Hold
06DC09,Alias_Mag_Transform_Press
06DC0A,Alias_Mag_Transform_Release
06E630,toggle_weapon
06F869,Alias_Mag_Invisible_Press
06F934,Alias_Mag_SummonSpell_Chain
06F935,Alias_Mag_SummonSpell_Hold
06F936,Alias_Mag_SummonSpell_Press
06F937,Alias_Mag_SummonSpell_Release
06F992,Alias_Mag_Invisible_Chain
06F993,Alias_Mag_Invisible_Hold
06F994,Alias_Mag_Invisible_Release
06FC2D,controllerCommonMode_rbumper_press
06FC2E,controllerCommonMode_lbumper_press
06FC2F,controllerCommonMode_lbumper_hold
06FC30,controllerCommonMode_lbumper_release
06FC31,controllerCommonMode_rbumper_hold
06FC32,controllerCommonMode_rbumper_release
06FC34,controllerCommonMode_rtrigger_release
06FC35,controllerCommonMode_rtrigger_hold
06FC36,controllerCommonMode_ltrigger_hold
06FC37,controllerCommonMode_ltrigger_release
070256,Alias_Sceptre_Release
070257,Alias_Sceptre_Press
070258,Alias_Sceptre_Hold
070259,Alias_Sceptre_Chain
07032B,Alias_Mag_PetrifyGernade_Chain
07032C,Alias_Mag_PetrifyGernade_Hold
07032D,Alias_Mag_PetrifyGernade_Press
07032E,Alias_Mag_PetrifyGernade_Release
070566,dodge
07057C,SpellCast_Press
07057D,SpellCast_Chain
07057F,SpellCast_Hold
070580,SpellCast_Release
0728A3,Alias_Dgr_Release
0728A4,Alias_Dgr_Press
0728A5,Alias_Dgr_Hold
0728A6,Alias_Dgr_Chain
072B8A,Alias_Palmstone_Chain
072B8B,Alias_Palmstone_Press
072B8C,Alias_Palmstone_Hold
072B8D,Alias_Palmstone_Release
07474A,controllerCommonMode_A_release
074755,controllerCommonMode_A_hold
074761,controllerCommonMode_X_hold
074762,controllerCommonMode_X_release
074763,controllerCommonMode_B_hold
074764,controllerCommonMode_B_release
074765,controllerCommonMode_Y_hold
074766,controllerCommonMode_Y_release
075092,BookNextPage
075094,BookPreviousPage
075095,BookClose
076E01,Alias_Mag_PoisonCloud_Press
076E02,Alias_Mag_PoisonCloud_Hold
076E03,Alias_Mag_PoisonCloud_Release
076E04,Alias_Mag_PoisonCloud_Chain
077CEA,conversation_padupevent
077CEB,conversation_paddownevent
077CEC,conversation_paduprepeatevent
077CED,conversation_paddownrepeat
0781D7,Alias_Mag_FlashBomb_Press
0781D8,Alias_Mag_FlashBomb_Release
0781D9,Alias_Mag_FlashBomb_Chain
0781DF,Alias_Mag_FlashBomb_Hold
078F04,Alias_Mag_TrapFire_Chain
078F08,Alias_Mag_TrapFire_Release
078F09,Alias_Mag_TrapFire_Press
078F0A,Alias_Mag_TrapFire_Hold
07904E,Alias_Mag_TrapIce_Press
079050,Alias_Mag_TrapLightning_Press
079064,Alias_Mag_TrapPoison_Press
0794E9,Alias_Mag_SetTrap_Press
081418,Alias_Mag_GrapplingHook_Press
08229B,Alias_Buckler_Release
08229C,Alias_Buckler_Hold
08229D,Alias_Buckler_Press
08229E,Alias_Buckler_Chain
082363,Recenter_Camera
08295C,Alias_Shield_Chain
08295D,Alias_Shield_Press
08295E,Alias_Shield_Hold
08295F,Alias_Shield_Release
082961,Alias_Talisman_Chain
082962,Alias_Talisman_Press
082963,Alias_Talisman_Hold
082964,Alias_Talisman_Release
082F67,LedgerUpRepeat
082F68,LedgerDownRepeat
082F69,LedgerLeftRepeat
082F6A,LedgerRightRepeat
082F8F,open_cheat_menu
08307B,Alias_Bow_Hold_Chain
083A5F,Shoulder_Camera
083B33,LedgerRDown
083B34,LedgerRUp
083B35,LedgerRLeft
083B36,LedgerRRight
083B43,LedgerRDownRepeat
083B44,LedgerRUpRepeat
083B45,LedgerRLeftRepeat
083B46,LedgerRRightRepeat
084060,Block_Chain
0847F8,Sagecraft_A
0847F9,Sagecraft_B
0847FA,Sagecraft_X
0847FB,Sagecraft_Y
0847FC,Sagecraft_Down
0847FD,Sagecraft_Left
0847FE,Sagecraft_Right
0847FF,Sagecraft_Start
084800,Sagecraft_Up
0849F5,Alias_Swd2H_Release
0849F6,Alias_Swd2H_Press
0849F7,Alias_Swd2H_Hold
0849F8,Alias_Swd2H_Chain
088F0B,MessageBoxA
088F0C,MessageBoxB
088F0E,MessageBoxUp
088F10,MessageBoxDown
08C9F1,controllerCommonMode_lstick_up_repeat
08C9F2,controllerCommonMode_lstick_down_repeat
08C9F3,controllerCommonMode_lstick_left_repeat
08C9F4,controllerCommonMode_lstick_right_repeat
08CA17,controllerCommonMode_rstick_down_repeat
08CA1C,controllerCommonMode_rstick_left_repeat
08CA1E,controllerCommonMode_rstick_right_repeat
08CA1F,controllerCommonMode_rstick_up_repeat
08F648,CheatListScrollRightRepeat
08F649,CheatListScrollLeftRepeat
0923CC,Alias_Mag_Lunge_Press
0955DF,spell_cast_mode
09568B,spell_cast_mode_off
09568C,Magic_A
09568D,Magic_A_Chain
09568E,Magic_A_Chain_Delay
09568F,Magic_A_Hold
095690,Magic_A_Release
0956A1,Magic_B
0956A2,Magic_B_Chain
0956A3,Magic_B_Chain_Delay
0956A4,Magic_B_Hold
0956A5,Magic_B_Release
0957F1,Magic_C
0957F2,Magic_C_Chain
0957F3,Magic_C_Chain_Delay
0957F4,Magic_C_Hold
0957F5,Magic_C_Release
0957F6,Magic_D
0957F7,Magic_D_Chain
0957F8,Magic_D_Chain_Delay
0957F9,Magic_D_Hold
0957FA,Magic_D_Release
097682,Ranged_Mode1_Press
097683,Ranged_Mode1_Release
097769,Bow_Strafe_Press
09776A,Alias_Bow_Strafe_Press
09776B,Alias_Bow_Strafe_Release
09776C,Alias_Bow_Strafe_Hold
09776F,Ranged_Mode1_Hold
0977F0,Ranged_Press
0977F1,Ranged_Chain
0977F2,Ranged_Hold
0977F3,Ranged_Release
097801,Ranged_Hold_Enter
09812C,Ranged_Mode_Release_Buffer
09812D,Alias_Bow_Strafe_Release_Buffer
09814A,Alias_Sceptre_Strafe_Press
09814B,Alias_Sceptre_Strafe_Hold
09814C,Alias_Sceptre_Strafe_Release
09814D,Alias_Sceptre_Strafe_Release_Buffer
09A535,Attack_Fate_Press
09ACAD,Attack_Fate_Hold
09ACAE,Attack_Fate_Release
09AD16,Attack_Fate_Chain
09B369,Alias_Mag_EnvenomedEdge_Press
09C17B,Alias_Hmr_Chain_Delay
09C7B6,detect_hidden
0A1DA2,Alias_JustFrame_Miss
0A6415,Alias_JustFrame_Fail
0A6418,Attack_A_Alt
0A6419,Attack_B_Alt
0AB959,Reckon_TeleportBamf
0AD684,quick_health_potion
0AD685,quick_mana_potion
0ADF67,Alias_Chk_Release
0ADF68,Alias_Chk_Press
0ADF69,Alias_Chk_Hold
0ADF6A,Alias_Chk_Chain
0B0BF6,quest_alert_A_Hold
0B0BFE,quest_alert_A_Press
0B0C02,quest_alert_A_Release
0B781A,Alias_Mag_BladeHoning_Press
0B7F1B,Alias_Mag_SmokeBomb_Press
0B7F1C,Alias_Mag_SmokeBomb_Chain
0B7F1D,Alias_Mag_SmokeBomb_Hold
0B7F1E,Alias_Mag_SmokeBomb_Release
0B7F1F,Alias_Swd_Chain_Delay
126B7F,Ranged_Release_Chain
126B82,Alias_Sceptre_Release_Chain
133341,Attack_D_Press
1333DA,Alias_Shield_Bash
133BCA,MessageBoxRUp
133BCB,MessageBoxRDown
13ADBC,Alias_Chk_Chain_Delay
13C4D3,reckoning_mode_press
13C4FE,reckoning_mode_release
13C4FF,reckoning_mode_hold
13DCDD,lockpicking_swapteeth
13DCDE,lockpicking_moveleft
13DCE4,lockpicking_moveright
13DCF2,lockpicking_testsolution
13EA22,lockpicking_cancel
13F3A9,Alias_Mag_IceBarrage_Chain
13F3AA,Alias_Mag_IceBarrage_Hold
13F3AB,Alias_Mag_IceBarrage_Press
13F3AC,Alias_Mag_IceBarrage_Release
147C32,LedgerMWheelDown
147C33,LedgerMWheelUp
147C3D,Attack_B_Hold_Long
147C62,Attack_A_Hold_Long
148BE7,controllerCommonMode_wheel_down
148BE8,controllerCommonMode_wheel_up
148BF7,conversation_wheel_up
148BF8,conversation_wheel_down
148D26,controllerCommonMode_KB_M
148E44,dive_roll_chain
14A01D,Alias_Mag_Wrath_Press
14A01E,Alias_Mag_Wrath_Hold
14A01F,Alias_Mag_Wrath_Chain
14A020,Alias_Mag_Wrath_Release
14A025,Magic_A_NotHeld
14A026,Magic_B_NotHeld
14A027,Magic_C_NotHeld
14A028,Magic_D_NotHeld
14A054,Alias_Mag_IceBarrage_NotHeld
14A058,Alias_Mag_Force_NotHeld
14A918,Alias_Mag_Warcry_Press
14A919,Alias_Mag_Warcry_Release
14A91D,Alias_Mag_Warcry_Chain
14A92E,Alias_Mag_Warcry_Hold
14B39A,PC_cycle_weapon_mode
14B3A0,Alias_Mag_Wrath_NotHeld
14CA7F,PC_Attack_A_Chain
14CA80,PC_Attack_A_Hold
14CA81,PC_Attack_A_Release
14CA82,PC_Attack_A_Chain_Delay
14CA83,PC_Attack_A_Hold_Delay
14CA84,PC_Attack_A_Alt
14CA85,PC_Attack_A_Hold_Long
14CA98,PC_Attack_A
14CA9F,PC_Attack_B
14CAA0,PC_Attack_B_Alt
14CAA5,PC_Attack_B_Chain
14CAAA,PC_Attack_B_Chain_Delay
14CAAC,PC_Attack_B_Hold
14CAAD,PC_Attack_B_Hold_Delay
14CAAE,PC_Attack_B_Hold_Long
14CAB3,PC_Attack_B_Release
14CB97,PC_Magic_A
14CB9B,PC_Magic_A_Chain
14CB9C,PC_Magic_A_Hold
14CB9D,PC_Magic_A_Release
14CB9E,PC_Magic_A_NotHeld
14CBC8,PC_Magic_B
14CBC9,PC_Magic_B_Chain
14CBCA,PC_Magic_B_Hold
14CBCB,PC_Magic_B_NotHeld
14CBCC,PC_Magic_B_Release
14CBD0,PC_Magic_C
14CBD2,PC_Magic_C_Chain
14CBDE,PC_Magic_C_Hold
14CBDF,PC_Magic_C_NotHeld
14CBE0,PC_Magic_C_Release
14CBE1,PC_Magic_D
14CBE2,PC_Magic_D_Chain
14CBE3,PC_Magic_D_Hold
14CBE4,PC_Magic_D_NotHeld
14CBE5,PC_Magic_D_Release
14CC50,PC_select_magic_mode_1
14CC52,PC_select_magic_mode_2
14CC53,PC_select_magic_mode_3
14CC54,PC_select_magic_mode_4
14D187,PC_Attack_A_Release_Chain
14D189,PC_Attack_B_Release_Chain
14D8D6,PC_Block_Press
14D8D7,PC_Block_Release
14D8D8,PC_Block_Hold
14D8E6,PC_Block_Chain
14E966,Attack_A_Release_Chain
14E967,Attack_B_Release_Chain
14F4F5,Alias_Mag_FlashingBlades_Press
153F3E,lockpicking_autoattempt
154195,lockpicking_changepick
154F1C,Attack_A_Not_Held
154F1D,Attack_B_Not_Held
155117,PC_Attack_A_Not_Held
155118,PC_Attack_B_Not_Held
158DF1,quest_alert_Start_Press
15986B,Alias_Mag_ShadowFlare_Press
15986C,Alias_Mag_ShadowFlare_Release
15986D,Alias_Mag_ShadowFlare_Chain
15986F,Alias_Mag_ShadowFlare_Hold
159870,Alias_Mag_ShadowFlare_NotHeld
160AEF,ScrollUp
160AF0,ScrollDown
160AF1,ScrollClose
16191A,ScrollDownRepeat
16191B,ScrollUpRepeat
16636D,Alias_Mag_RelentlessAssault_Press
16636E,Alias_Mag_RelentlessAssault_Release
16636F,Alias_Mag_RelentlessAssault_Hold
166370,Alias_Mag_RelentlessAssault_Chain
166371,Alias_Mag_RelentlessAssault_NotHeld
166E2B,Alias_Mag_BattleFrenzy_Press
166E2C,Alias_Mag_BattleFrenzy_Release
166E2D,Alias_Mag_BattleFrenzy_Hold
166E2E,Alias_Mag_BattleFrenzy_NotHeld
166E2F,Alias_Mag_BattleFrenzy_Chain
167E6D,Alias_Mag_MarkOfFlame_Press
167E6E,Alias_Mag_MarkOfFlame_Hold
167E6F,Alias_Mag_MarkOfFlame_Release
167E70,Alias_Mag_MarkOfFlame_Chain
167E71,Alias_Mag_MarkOfFlame_NotHeld
16A60B,Alias_Mir_Chain_Delay
16C189,Alias_Dgr_Chain_Delay
16ED76,Alias_Stf_Chain_Delay
179755,Attack_Fate_Mash_1
179756,Attack_Fate_Mash_2
179757,Attack_Fate_Mash_3
179758,Attack_Fate_Mash_4
17FA82,Alias_Shield_Bash_Release
181BB9,Alias_Mag_EtherealGuard_Chain
181BBA,Alias_Mag_EtherealGuard_Hold
181BBB,Alias_Mag_EtherealGuard_Press
181BBC,Alias_Mag_EtherealGuard_Release
189A70,AggressiveToggle
18D0C5,PC_Magic_E
18D0C6,PC_Magic_F
18D0C7,PC_Magic_G
18D0C8,PC_Magic_H
18D0C9,PC_Magic_I
18D0CA,PC_Magic_J
18D0CB,PC_Magic_E_Chain
18D0CC,PC_Magic_F_Chain
18D0CD,PC_Magic_G_Chain
18D0CE,PC_Magic_H_Chain
18D0CF,PC_Magic_I_Chain
18D0D0,PC_Magic_J_Chain
18D0D1,PC_Magic_E_Hold
18D0D2,PC_Magic_F_Hold
18D0D3,PC_Magic_G_Hold
18D0D4,PC_Magic_H_Hold
18D0D5,PC_Magic_I_Hold
18D0D6,PC_Magic_J_Hold
18D0E4,PC_Magic_E_NotHeld
18D0E5,PC_Magic_F_NotHeld
18D0E9,PC_Magic_G_NotHeld
18D0EA,PC_Magic_H_NotHeld
18D0EB,PC_Magic_I_NotHeld
18D0EC,PC_Magic_J_NotHeld
18D0ED,PC_Magic_E_Release
18D0EE,PC_Magic_F_Release
18D0EF,PC_Magic_G_Release
18D0FF,PC_Magic_H_Release
18D104,PC_Magic_I_Release
18D105,PC_Magic_J_Release
19114E,Alias_Mag_ElementalHarmony_Chain
19114F,Alias_Mag_ElementalHarmony_Hold
191150,Alias_Mag_ElementalHarmony_Press
191151,Alias_Mag_ElementalHarmony_Release
1911F9,PC_select_magic_mode_5
19137F,PC_select_magic_mode_6
191380,PC_select_magic_mode_7
191381,PC_select_magic_mode_8
191382,PC_select_magic_mode_9
191383,PC_select_magic_mode_10
193C35,OpenLedgerInventory
193C36,OpenLedgerAbilities
193C37,OpenLedgerSkills
193C38,OpenLedgerQuests
193DE9,QuickSave
193DEA,QuickLoad
19BF47,pc_reckoning_mode_press
1B0070,LanguageCheatLeft
1B0073,LanguageCheatRight
1B39BB,pc_reckoning_mode_release
1B8EE3,Alias_Mag_Gambit_Chain
1B8EE4,Alias_Mag_Gambit_Hold
1B8EE5,Alias_Mag_Gambit_Press
1B8EE6,Alias_Mag_Gambit_Release
1BD3D5,BookTake
1BD405,ScrollTake
1CB59F,Ranged_NotHeld
1CF1BF,CinematicBack
1D20F0,Ranged_Mode2_Hold
1D20F1,Ranged_Mode2_Press
1D20F2,Ranged_Mode2_Release
1D21C4,modalRT
1D21C5,modalLT
1D21DB,Ranged_Mode1_NotHeld
1D21DC,Ranged_Mode2_NotHeld
1D27BA,Ranged_Mode1_Release_Buffer
1D27BB,Ranged_Mode2_Release_Buffer
1D364E,controllerCommonMode_KB_D
1D6499,Sprint_Toggle_LS
1D64B5,Sprint_Toggle_A
1D674D,LedgerInventoryClose
1D674E,LedgerAbilitiesClose
1D674F,LedgerSkillsClose
1D6750,LedgerQuestsClose
1D8825,PC_Sprint_Toggle
1DB12C,PC_Shield_Bash
1DB135,PC_Shield_Bash_Release
1F0DAD,modal_RStick_Down
1F0DAE,modal_Rstick_Up
1F0DAF,modal_Rstick_Up_Repeat
1F0DB0,modal_Rstick_Down_Repeat
1F14BC,PC_SprintOn
1F14BD,PC_SprintOff
1F1B92,Attack_A_Charge_Abort
1F1B93,Alias_Chk_Charge_Abort
1F1B94,Alias_Bow_Charge_Abort
1F1B95,Alias_Dgr_Charge_Abort
1F1B96,Alias_Hmr_Charge_Abort
1F1B97,Alias_Mir_Charge_Abort
1F1B98,Alias_Sceptre_Charge_Abort
1F1B99,Alias_Stf_Charge_Abort
1F1B9A,Alias_Swd2H_Charge_Abort
1F1B9B,Alias_Swd_Charge_Abort
1F1B9F,Attack_B_Charge_Abort
1F1BF5,PC_Recenter_Camera
1F810E,ControlOverrideW
1F8113,ControlOverrideA
1F8114,ControlOverrideS
1F8115,ControlOverrideD
1F8BD5,ControlOverrideUp
1F8BD6,ControlOverrideLeft
1F8BD7,ControlOverrideDown
1F8BD8,ControlOverrideRight
