id,value
03065C,interact_default_alchemy
03065E,interact_default_close
03065F,interact_default_custom
030660,interact_default_harvest
030661,interact_default_loot
030663,interact_default_open
030665,interact_default_read
030666,interact_default_repair
030669,interact_default_talk
03066A,interact_default_unlock_with_key
03066B,interact_default_use
037690,interact_default_sleep
0388F1,interact_default_spellbinding
03F831,interact_SQ027_Plant_Heartflower_Seed
03FC62,interact_SQ027_Pick_Heartflower
040A83,interact_default_recruit
041603,interact_default_inspect
0433E4,interact_default_lever
053E83,NA_interact_Place_Skull
057BB5,interact_default_loaddoor
069914,interact_tmp_m1demo_door
069A2A,interact_tmp_m1demo_talk_noorient
06EDD9,interact_default_pickpocket
06FD21,interact_default_loot_container
070E1D,interact_default_unlock_very_easy
070E1E,interact_default_unlock_easy
070E1F,interact_default_unlock_average
070E21,interact_default_unlock_hard
070E22,interact_default_unlock_very_hard
0714FE,interact_default_lorestone
07242F,interact_default_dispel_average
072430,interact_default_dispel_easy
072431,interact_default_dispel_hard
072432,interact_default_dispel_very_easy
072433,interact_default_dispel_very_hard
072CF5,interact_default_harvest_item
0750C5,interact_custom_tr03_talking_orb
076297,interact_travel
077A4D,interact_default_grab_crystal
07B2CB,interact_custom_TR08_Latrine
07B71C,interact_custom_TR06_talking_head
07BE6D,SA08_FrostStone
07BE70,SA08_SunStone
07BE71,SA08_StormStone
07BFB1,interact_custom_TR08_Frame
07C559,interact_SA06_ArchsageBody01
07D98B,interact_custom_KV07_give_gift
07F802,interact_custom_SQ13_use_item
07FB3D,interact_howling_shrine
080567,interact_custom_SQ17_HiddenEntrance
0806D9,interact_custom_KV09_use_forge
080DC6,interaction_default_pickup
081715,interact_custom_SQ18_TalkingDoor
081EBA,interact_custom_FFQ05_Ossuary
08266B,interact_custom_SQ16_TalkingShed
08271E,interact_custom_SQ16_BartenTalk
082721,interact_shrine
08285F,interact_shrine_GnomishRandomizer
083F5E,interact_custom_KV10_Talk_Khamazandu
085D20,interact_custom_SQ26_talk
086712,interact_custom_FFQ08_A
08671A,interact_custom_FFQ08_B
08671B,interact_custom_FFQ08_C
08671D,interact_custom_FFQ08_D
08671E,interact_custom_FFQ08_E
086A41,interact_custom_FFQ09_1
086A42,interact_custom_FFQ09_2
086A43,interact_custom_FFQ09_3
086A44,interact_custom_FFQ09_4
088436,interact_SQ36_Flower
088FC3,interact_sq03_inspect
08C37A,interact_custom_SQ34_Manon
08CC57,interact_custom_SQ35_pile
08D35E,interact_custom_TR02_Ametair
08DD01,quest_interact_seeker_board
08E5E8,interact_custom_talk_HV
08F826,interact_custom_FP01_TalkingCrystal
08FD94,interact_custom_FP01_TalkingCrystal2
08FD95,interact_custom_FP01_TalkingCrystal3
0914AD,SQ58_EilalyDeskInteraction
0914BF,SQ58_MontainelDeskInteraction
0914FD,interact_SQ62_poison
09193D,interact_custom_SQ52_hang
0925F3,interact_custom_SQ63_herb
0927F4,interact_custom_SQ56_check
0927F5,interact_custom_SQ56_speak
0957B7,interact_custom_HM05_take
09774E,SA01_trialinteraction
097A39,MQ12_Stone_Altar_Interaction
097AA2,interact_ladder_loaddoor
097DDD,interact_custom_HM04_well
0998A9,interact_SQ67_use_phial
09AA8F,interact_SQ68_MageTable
09C562,interact_custom_TR05Phamser
09CB60,interact_default_disarm
09D4E0,interact_default_disarm_loot
09E523,FP07_BraceInteract_A
0A0051,FP07_BraceInteract_B
0A0052,FP07_BraceInteract_C
0A0053,FP07_BraceInteract_D
0A0BE9,interact_TR06_plain_amulet
0A0BED,interact_TR06_take_tear
0A45F1,interact_default_quest_door
0A4B5A,U04_bookinteraction
0A5869,interact_custom_TR07_Dumbwaiter
0A8444,interact_default_loot_container_crime
0A8445,interact_default_open_crime
0A8DE8,interact_default_unlock_average_crime
0A8DE9,interact_default_unlock_easy_crime
0A8DEA,interact_default_unlock_hard_crime
0A8DEB,interact_default_unlock_very_easy_crime
0A8DEC,interact_default_unlock_very_hard_crime
0A8DED,interact_default_unlock_with_key_crime
0A905A,Interact_SQ08_prisoner
0AB700,interact_SQ12_place
0AC94D,interact_default_loaddoor_crime
0AC958,interact_MQ01_tutorial_door
0AC9AC,interact_default_loot_container_prison
0B16D2,interact_default_loot_bag
0B16DC,interact_default_unlock_loaddoor_average_crime
0B192C,interact_default_unlock_loaddoor_easy_crime
0B192E,interact_default_unlock_loaddoor_hard_crime
0B19B5,interact_default_unlock_loaddoor_very_easy_crime
0B19B6,interact_default_unlock_loaddoor_very_hard_crime
0B19B7,interact_default_unlock_loaddoor_with_key_crime
0B2E2E,interact_KV06_putoutfire
0B4E30,DEV_interact_dance
0B6918,FFQ20_AsterStrongbox
0B8282,SA06_TempleInteraction
0B9968,quest_interact_whitestone_wall
12F1F5,interact_SQ41_dispel
131E22,FFQ32_custom_gravestone
132EDB,interact_custom_CannerocBag
133D48,MQ12_Thread_Weave
135E57,interact_custom_donate
1377DA,interact_custom_TR07_chest
137881,interact_SQ03_shrine
138235,SQ02_ShelfInteraction
138BC6,SQ02_GraveInteraction
13930E,SQ02_CrownInteraction
13B95B,SQ57_Start_Fire
13BD39,interact_custom_SQ51_beacon
13F6B2,interact_custom_TR07_puzzle_brazier
142E79,interact_SQ96_FaerGorta
1434B6,FP03_DoorInteract
143654,SQ99_CorpseInteraction
148167,interact_FFQ53_petrichor
148169,interact_FFQ53_harvest
148BE6,FFQ04_ColumnInspect
149649,interact_FFQ58_loot_container
1496AB,interact_FFQ58_loot_treasure
149CAC,interact_custom_TR08_torch
14B583,interact_default_revive
14C322,FP06_NexusPoint
14CCBC,interact_MQ01_end_loaddoor
14E1D0,interact_SQ04_PlantSeed
1516B5,interact_PickupAsHarvestable
152A79,interact_MQ02_lab_door
153182,SQ117_Interaction_A
15319B,SQ117_Interaction_B
1531A1,SQ117_Interaction_C
1531A3,SQ117_Interaction_D
15511A,interact_default_lever_oneshot
1581DA,interact_custom_hm01_use
15BE4E,Interact_QA01_Punch
15F5EA,interact_custom_SQ61_Inspect
15FC08,interact_custom_SQ120_fill
15FE7C,interact_SQ29_use_and_disable_lever_1
15FF45,interact_SQ29_use_and_disable_lever_2
15FF46,interact_SQ29_use_and_disable_lever_3
162764,MQ04_Mirror_Shatter
163424,interact_FP05_lever_A
163426,interact_FP05_lever_B
163427,interact_FP05_lever_C
163CB6,interact_custom_SQ124
16493B,interact_custom_SQ124_stone
16493C,interact_custom_SQ124_pillar
16AA3F,interact_default_loot_container_corpse
16BAF0,interact_TR08_Deadframe
16C471,interact_default_loot_container_divepoint
16E72E,KV07_Loot
1707EF,interact_hvarena_loaddoor
170C7C,interact_custom_SQ93_urn
171101,SQ119_BossDoor_interact
1724B2,interact_custom_GDC_DemoDoor
1747FE,interact_MQ09_UrulTusk_door
17484E,interact_MQ09_UrulTusk_open
1754BE,interact_MQ09_chime
176BF5,FP03_CenterLever
176BF6,FP03_EastLever
176BF7,FP03_WestLever
17B21C,interact_default_customize_appearance
17BC82,SA01_dreamendinteraction
17C9EF,interact_custom_SQ84_Note
17CC1F,FP06_Barrier
17D7B1,interact_default_lever_door
17E081,interact_MQ13_chantry
17EF9C,FP06_Staff
17FA96,interact_default_loot_container_high
17FA97,interact_default_loot_container_low
17FEB2,interact_default_loot_container_mid
17FF74,interact_hvarena_loaddoor_hypogeum
181026,interact_custom_SQ94_Towers
1819E6,MQ14_interact_shadowwalk
181AEA,interact_custom_loaddoor_RedMarches
183E30,interact_custom_SQ34_Corpse
1848EF,Interact_Audra_Textbox
184E3F,SQ143_Lever
185089,SQ143_Corpse
1859E1,SQ143_AlsersCorpse
1859E2,SQ143_BertsaCorspe
187401,interact_custom_JailExit
187EDD,FFQ61_Blood1
187EDE,FFQ61_Blood2
187EDF,FFQ61_Blood3
187EE0,FFQ61_Blood4
18834C,SQ30_custom_open_with_pass
188356,SQ30_custom_need_pass_to_open
189886,interact_custom_galafor_collectionbox
18BA8A,SQ125_AltarInteract
18BB14,interact_custom_FFQ69_urn
18BC89,interact_custom_MelSenshir_PreBattleDoor
18C149,TRSQ01_HiddenChest
18C798,interact_custom_HierophantShrine
18D905,interact_SA05_Engar_talk
18DF64,interact_custom_TR02_Door
18E03B,interact_custom_TR02_MainDoor
18E4F5,SA08_SAGroundsDoors
18E712,interact_TR01_unlock_easy
18E713,interact_TR01_unlock_very_easy
18E714,interact_TR01_unlock_average
18E715,interact_TR01_unlock_hard
18E716,interact_TR01_unlock_with_key
18E717,interact_TR01_unlock_very_hard
18E718,interact_TR01_open
190699,interaction_custom_TR01_pickup
19132B,interact_custom_TR06_loot_container
191342,interaction_custom_TR06_Pickup
193255,NRI_Valor_Brazier_Interaction
193CEE,interact_MQ08_Restricted_talk
193CF8,interact_MQ08_ForumDoor
19467F,SA01_DelvingHall
19491F,interact_custom_TR07_loaddoor
194B68,interact_custom_HM06_door
194B82,interact_custom_TR07_loaddoor_forum
194B8A,interact_TR07_Door_message
195669,interact_custom_SQ66_pipe
1960DE,interact_custom_SQ63_inspect
196560,interact_custom_SQ115_torch
196B87,SA_ArchsagesQuarters
199C73,interact_custom_travelers_gift
19A7E0,interact_custom_use_TR05_Lever2
19C0D6,MQ01_WoS_BowDoor
19C163,DEV_urultusk_demoexit
19DD90,interact_custom_SQ59_open
19DDF7,interact_custom_ballads_echostone
19E847,interact_custom_HM02_Farrara
19F552,SQ97_AltarInteraction
19F6EF,SQ97_DresserInteractionTake
19F6F0,SQ97_DresserInteractionPlace
19FB33,interact_custom_MQ05_Nyralim_Talk
1A0E8B,interact_custom_FFQ49_Book1
1A0E8C,interact_custom_FFQ49_Book2
1A0E8D,interact_custom_FFQ49_Book3
1A0E8E,interact_custom_FFQ49_Book4
1A0E8F,interact_custom_FFQ49_Book5
1A0E90,interact_custom_FFQ49_Book6
1A0E91,interact_custom_FFQ49_Book7
1A0E92,interact_custom_FFQ49_Book8
1A10B2,interact_custom_FFQ49_BookShelf
1A10C3,interact_custom_HMSQ04_plant
1A13B4,interact_custom_HM05_Airor
1A3505,interact_custom_FFQ20_BodanGrave
1A37D1,interact_custom_FFQ20_HericGrave
1A3AD3,interact_custom_FFQ20_Corpse
1A469E,interact_custom_FFQ20_EntonGrave
1A4D92,SA02_AodhEntrance
1A6374,interact_custom_SQ84_harvest
1A638D,interact_MQ03_touch_stone
1A6A4C,interact_custom_SQ103_inspect
1A76F8,interact_custom_TRSQ01_Loot
1A8B61,interact_default_lever_oneshot_combat
1AC1EF,interact_custom_SA_sleep
1AC1F5,interact_custom_SA_customize_appearance
1AC20D,interact_custom_SA_spellbinding
1AC20E,interact_custom_SA_repair
1AC210,interact_custom_SA_alchemy
1AC21F,interact_custom_SA_loot_container
1AC220,interact_custom_SA_use
1AD40A,interact_custom_SQ41_readspellbook
1AF07D,interact_custom_SQ17_Door
1AF21F,interact_custom_SQ25_inspect
1AF52D,SQ68_AltarInteractionPlace
1AF848,interact_custom_FP04_door
1B1E83,SQ56_SpeakstoneCustomInteraction
1B1FC7,interact_custom_ladder_loaddoor_DMO_Rathir
1B32B3,FP06_Lever_1
1B4C95,MQ06_pedestal_use
1B53E1,interact_custom_sq77_talk
1B5597,interact_custom_MelSenshir_BattleDoor
1B6515,SQ02_FireplaceInteraction
1B6D5D,interact_Ysa_Gate_open
1B70A2,interact_custom_SQ82_lever_oneshot
1B7782,custom_interact_hm07_door
1B94A1,interact_SQ13_loot_dead_antelope
1B987C,interact_SQ04_PlantSeed_01
1B987D,interact_SQ04_PlantSeed_02
1B987E,interact_SQ04_PlantSeed_03
1B987F,interact_SQ04_PlantSeed_04
1B9880,interact_SQ04_PlantSeed_05
1B98FF,HoV_OpponentTalk
1B995E,interact_custom_SQ108_pickup
1B9BC3,interact_custom_SQ108_plant_spear
1B9D90,interact_custom_ffq04_antelope
1BBD03,interact_custom_SQ109_takegrist
1BC271,interact_custom_FFQ31_Corpse
1BD315,interact_Midden_CydanChest
1BD6BC,interact_custom_MQ07_inspectcorpse
1BD760,interact_default_loot_container_divepoint_shallow
1BD76D,interact_custom_MQ07_Incinerator
1BD79D,interact_custom_gorhart_letters
1BD94A,interact_default_loot_container_crime_low
1BD94B,interact_default_loot_container_crime_high
1BDC71,Interact_SQ133_Harvest
1BDD78,FFQ04_Inspect_2
1BDD79,FFQ04_Inspect_3
1BDD7B,FFQ04_Inspect_4
1BDE45,interact_custom_SQ154_Barrier
1BF596,interact_custom_FFQ09_body
1C6246,interact_MQ09_firstchime
1C6B72,interact_custom_SQ155_inspect
1C6EBB,interact_default_sleep_inn
1C74ED,interact_default_loaddoor_dlc
1C7D1A,interact_custom_ballads_echostone_message
1C9681,HV_Board_Interact
1CBD04,interact_custom_FFQ10
1CD21E,SQ124_AlardCustomTalk
1CDA3C,interact_custom_SQ63_talk
1CDE8E,interact_MQ_Alyn_condition_talk
1CDFD2,interact_custom_KV05_talk
1CE44A,MQ08_Scaffold_Loot
1CE9F8,interact_chest_jail
1CFA6C,interact_custom_SQ11_cras_talk
1D108F,interact_custom_bisarane_talk
1D11DC,interact_custom_widow_talk
1D172C,interact_MQ_Agarth_talk
1D1B17,interact_custom_rathir_jail_door
1D1B68,interact_custom_adessa_jail_door
1D1B6A,interact_custom_melsenshir_jail_door
1D1B6B,interact_custom_kandrian_jail_door
1D1B6C,interact_custom_burrencove_jail_door
1D1B6F,interact_custom_emaire_jail_door
1D1B70,interact_custom_ayten_jail_door
1D1B99,interact_custom_whitestone_jail_door
1D1B9A,interact_custom_gorhart_jail_door
1D1B9B,interact_custom_didenhil_jail_door
1D1F0E,interact_custom_fakebisarane_talk
1D22A9,interact_MQ14_loaddoor
1D2529,interact_custom_FP03_Door1
1D252A,interact_custom_FP03_Door2
1D252B,interact_custom_FP03_Door3
1D256D,interact_custom_KV01_clew
1D2663,interact_custom_KV01_corpse
1D333A,interact_default_entitlement_container
1D37C3,interact_KV04_unlock_with_key
1D38DC,interact_custom_sq93_urn2
1D38DD,interact_custom_sq93_urn3
1D38DE,interact_custom_sq93_urn4
1D43EC,interact_default_lever_eru_oneshot
1D43F4,interact_default_lever_eru_oneshot_combat
1D4D0F,interact_HV_quest_door
1D4F3E,interact_KV_inspect_lore
1D4F5A,interact_MQ_Tilera_talk
1D5115,interact_MQ_Cydan_talk
1D55A6,interact_MQ_Hugues_talk
1D5F5D,interact_custom_SQ84_jakasen_talk
1D6027,interact_HV_Cyrus_default_talk
1D6D86,interact_default_quest_door_locked
1D7362,interact_custom_SQ08_Talk
1D76F6,SQ124_FramaCustomTalk
1D7AF0,interact_FFQ53_harvest01
1D7AF9,interact_FFQ53_harvest02
1D7AFA,interact_FFQ53_harvest03
1D7B86,interact_FFQ53_petrichor01
1D7B8F,interact_FFQ53_petrichor02
1D7B90,interact_FFQ53_petrichor03
1D7FD9,SQ02_Derfel
1D8144,interact_MQ15_soldier_talk
1D8A8A,interact_default_talk_SA06_Ambition
1D97E9,interact_PickupAsHarvestable_NoAggro
1D9B58,interact_custom_SQ139_Fungus
1D9C23,DLC1_interact_custom_MQ01_explode_door
1DA81E,interact_custom_KV07_fateshift
1DA894,DLC1_interact_MQ03_winch_oneshot
1DB4B5,DLC1_interact_MQ03_StealShip
1DBA5F,DLC2_interact_custom_SQ04_Statue
1DBAEC,DLC1_interact_MQ04_ConfrontBridgitte
1DBCA7,DLC2_SQ01_InteractibleBait
1DBCFB,interact_MQ_Encel_talk
1DBD43,DLC2_SQ07_WaterInteraction
1DC33E,DLC2_SQ07_EvenrootInteraction
1DCB6D,interact_custom_TR08_Loaddoor
1DDE8E,interact_MQ01_pickpocket
1DEBC4,interact_SQ103_loot_container_low
1DF47F,SQ143_Lever_Use
1DF48A,interact_crime_lever_oneshot
1DF625,DLC2_Interact_AirShrine_talk
1DF626,DLC2_Interact_EarthShrine_talk
1DF79D,DLC2_SQ05_Shrine
1DFC78,DLC2_interact_custom_unseal
1DFF5D,interact_SQ140_loaddoor
1E0147,DLC2_Interact_Nyxaros_talk
1E06B1,interact__custom_SQ82_PickupAsHarvestable
1E0D3E,interact_Primorida_dispel_message
1E1EA9,DLC2_interact_custom_teleport_ladder_up
1E1EAA,DLC2_interact_custom_teleport_ladder_down
1E29D1,FP06_Lever_2
1E29D2,FP06_Lever_3
1E29D3,FP06_Lever_4
1E31AA,DLC1_interact_FFQ01_treasure
1E376F,DLC2_Interact_SQ01_Lever01
1E3770,DLC2_Interact_SQ01_Lever02
1E3773,DLC2_Interact_SQ01_Lever03
1E3C52,interact_custom_sq93_lever
1E4587,SQ96_interact_custom_talk_edgar
1E495B,DLC1_interact_FFQ01_treasure_2
1E495C,DLC1_interact_FFQ01_treasure_3
1E495D,DLC1_interact_FFQ01_treasure_4
1E7F0C,interaction_custom_SQ49_pickup
1E8167,DLC1_interact_custom_fatedoor
1E8473,DLC2_SQ01_CustomLeverUse02
1EA227,interact_custom_TR01_talk
1EA4CF,DLC2_interact_custom_teleport_henge
1EB185,interact_custom_HM03_PickPocket
1EB2E3,DLC0_HoV_quest_door
1EB98A,DLC2_Interact_custom_geoff
1EBCE6,SQ124_Interact_Door
1EBE4C,interact_custom_SQ115_torch_2
1EC87F,DLC1_interact_custom_throne
1EC881,DLC1_interact_custom_claim_throne
1ED0E9,interact_SQ139_PickupAsHarvestable
1EDE29,interact_custom_FP03_leverDoor
1EDF4D,interact_jail_sleep
1EEB99,interact_SQ66_lever_door
1EEBA9,interact_SQ66_use
1EF87E,DLC1_interact_custom_zefwynsbag
1F0160,interact_custom_SQ94_Tower_2
1F0162,interact_custom_SQ94_Tower_3
1F0A10,DLC1_interact_custom_feed_bugs
1F0A11,DLC1_interact_custom_feed_fish
1F0A12,DLC1_interact_custom_feed_meat
1F0CB8,interact_KV_jobboard
1F0CD2,interact_default_loot_previously_disarmed_trap
1F1B52,interact_vigor_talk
1F1B55,interact_helga_talk
1F1B56,interact_aesa_talk
1F1B57,interact_vigorarena_talk
1F1B58,interact_helgaarena_talk
1F1B59,interact_aesaarena_talk
1F2201,interact_custom_HP02_staff
1F3150,DLC1_interact_custom_MQ04_FateDoor
1F4374,DLC2_IdyllaSewers_WateringInteraction
1F4716,DLC1_Interaction_SQ08_Container
1F574E,DLC1_interact_custom_Akara_Talk
1F6B3D,DLC2_interact_custom_harvest_MQ01
1F6CA3,DLC1_interact_MQ05_loaddoor
1F9837,interact_SA08_Sydanus_talk
1F9EFA,DLC2_Nerotelos_LeverPuzzleInteract01
1FA0DE,interact_custom_MQ10_loaddoor
1FA617,DLC2_SQ01_CustomLeverUse03
1FA635,DLC2_SQ01_CustomLeverUse01
1FA96D,DLC1_interact_custom_TariTalk
1FAA20,DLC2_MQ_SignalFire
1FAF22,interact_KV03_SibunHeart
1FBEC9,DLC1_interact_custom_Castaways_Talk
1FE314,DLC2_IdyllaSewers_WateringInteraction2
1FE316,DLC2_interact_IdyllaSewers_WaterLever1
1FE317,DLC2_interact_IdyllaSewers_WaterLever2
1FE6A8,DLC2_ReagentSource_Evenroot_Water
1FE78F,DLC2_ReagentSource_Evenroot_Harvest
1FF7C4,DLC1_interact_custom_take_painting
200908,DLC2_Hyperian_FakeDoor
200B3A,DLC1_interact_custom_brattigan_talk
200C4C,DLC2_IDY_JobBoard_Interact
200CC7,DLC1_interact_custom_Sign_Gallows
201091,DLC2_MQ06_ChamberDoor
2027D2,DLC1_interact_PH01a_loaddoor
2036AA,DLC1_interact_custom_SQ01_OlafTalk
204B3F,DLC3_SQ02_FireShrine_Interaction
2050D3,DLC3_SQ03_TakeStoneofForesight_Interact
205133,DLC3_SQ02_Lever_Interaction
20528B,DLC3_SQ02_AirShrine_Interaction
20528D,DLC3_SQ02_EarthShrine_Interaction
20528E,DLC3_SQ02_WaterShrine_Interaction
205768,DLC3_SQ03_RedSwitch01_Interact
205769,DLC3_SQ03_RedSwitch02_Interact
20576D,DLC3_SQ03_Return_Pedastal_Interaction
205E19,DLC2_interact_MQ_slimerock
206B51,DLC3_SQ03_Interact_LockedDoor01
206B53,DLC3_SQ03_Interact_LockedDoor02
206B55,DLC3_SQ03_Interact_LockedDoorOpen01
206B56,DLC3_SQ03_Interact_LockedDoorOpen02
206BC6,DLC3_SQ03_unlock_with_key01
206BC7,DLC3_SQ03_unlock_with_key02
206F06,DLC2_interact_custom_loot_MQ03
207345,DLC2_interact_sewer_henge
2073FA,DLC3_SQ02_door_interact
207460,DLC3_SQ04_Potion_Interaction
207AF5,DLC2_SQ13_Lever_Interaction_01
207AF6,DLC2_SQ13_Lever_Interaction_02
207AF7,DLC2_SQ13_Lever_Interaction_03
20871A,DLC2_SQ03_StratonTalk_Interact
