id,value
081C91,itemset_warrior_16
08659E,itemset_warrior_01
08659F,itemset_warrior_02
0865A0,itemset_warrior_03
0865A1,itemset_warrior_04
0865A2,itemset_warrior_05
0865A3,itemset_warrior_06
0865A4,itemset_warrior_07
0865A5,itemset_warrior_08
0865A6,itemset_warrior_09
0865A7,itemset_warrior_10
0865A8,itemset_warrior_11
0865A9,itemset_warrior_12
0865AA,itemset_warrior_13
0865AB,itemset_warrior_14
0865AC,itemset_warrior_15
0865AD,itemset_rogue_01
0865AE,itemset_rogue_02
0865AF,itemset_rogue_03
0865B0,itemset_rogue_04
0865B1,itemset_rogue_05
0865B2,itemset_rogue_12
0865B3,itemset_rogue_07
0865B4,itemset_rogue_08
0865B5,itemset_rogue_09
0865B6,itemset_rogue_10
0865B7,DLC1_itemset_rogue_11
0865B8,itemset_rogue_06
0865BE,itemset_mage_01
0865C0,itemset_mage_02
0865C1,itemset_mage_03
0865C3,itemset_mage_04
0865C4,itemset_mage_05
0865C6,itemset_mage_06
0865C7,itemset_mage_07
0865C9,itemset_mage_08
0865CA,itemset_mage_09
0865CC,itemset_mage_10
0865CE,itemset_mage_11
0865D0,itemset_mage_12
17A9A3,itemset_warrior_17
17A9A4,itemset_warrior_18
17A9A5,itemset_rogue_13
17A9A6,itemset_mage_13
17A9A7,itemset_mage_14
1B3332,DMO_EA3_ShadowskinSet
1BCAF0,DMO_E3_WarriorSet
1D2B59,itemset_warrior_entitlement01
1D2B5A,itemset_rogue_entitlement01
1D2B5B,itemset_mage_entitlement01
1D2B62,itemset_warrior_entitlement02
1D3B96,itemset_bonus_01
1E4DF2,DLC1_itemset_warrior_01
1E4DF3,DLC1_itemset_warrior_02
1E53CF,DLC1_itemset_rogue_01
1E5487,DLC1_itemset_rogue_02
1E54BB,DLC1_itemset_mage_01
1E54BC,DLC1_itemset_mage_02
1EE834,DLC2_itemset_mage_01
1EE835,DLC2_itemset_mage_02
1EE836,DLC2_itemset_warrior_01
1EE837,DLC2_itemset_warrior_02
1EE838,DLC2_itemset_rogue_01
1EE839,DLC2_itemset_rogue_02
1FCF55,MightPack_itemset_warrior
1FCF7B,FinessePack_itemset_rogue
1FCFA6,SorceryPack_itemset_mage
