id,value
05647A,Loot_1_Fodder_All
05647B,loot_01_common_equipment
05647C,loot_all_common_armor
05647D,loot_all_common_armor_neck
056483,loot_all_common_weapons
056485,loot_all_common_wpn_longbows
056486,loot_all_common_wpn_1h_swords
056487,loot_all_common_wpn_hammers
056488,loot_02_infrequent_equipment
056489,loot_04_unique_equipment
05648A,loot_all_unique_armor
05648B,loot_warrior_unique_armor_feet
05648C,loot_warrior_unique_armor_head
05648D,loot_warrior_unique_armor_legs
05648E,loot_warrior_unique_armor_torso
05648F,loot_warrior_unique_armor_hands
056490,loot_all_unique_armor_neck
056491,loot_all_unique_weapons
056492,loot_all_unique_wpn_1h_swords
056494,loot_all_unique_wpn_hammers
056496,loot_all_unique_wpn_longbows
056497,loot_npc_quest_items
056498,loot_npc_specific
05649A,loot_03_rare_equipment
05649B,loot_all_misc_items
05649C,loot_all_books_skill
05649E,loot_all_alchemyitems
05649F,loot_all_treasure
0564A0,MT_Merchandise_All
0564A1,MT_Unibox
0564AF,Loot_3_Minion_All
0564B0,Loot_2_Underling_All
0564B1,Loot_4_Captain_All
0564B2,Loot_5_Champion_All
0564B3,Loot_Tier1_Container_All
0564B4,loot_containers_specific
0564B5,loot_container_quest_items
0564B6,Loot_Tier2_Container_All
0564B7,Loot_Tier3_Container_All
0564B9,Loot_6_Boss_All
0564BC,DEV_loot_container_Andy
05C801,loot_container_graves
05CE8F,loot_container_desk
06478F,loot_all_common_wpn_faeblades
066BC0,loot_all_blacksmithing
066DBE,affix_all_infrequent_wpn_1h_swords
066DDB,loot_all_infrequent_weapons
066DDC,loot_all_infrequent_armor
066DDD,loot_all_rare_weapons
066DDF,loot_all_rare_armor
066EE1,affix_all_infrequent_wpn_longbows
066EE3,affix_all_infrequent_wpn_hammers
066EED,loot_all_unique_wpn_faeblades
066EF6,affix_warrior_infrequent_armor_feet
066EF7,affix_warrior_infrequent_armor_hands
066EF9,affix_warrior_infrequent_armor_legs
06B39A,loot_all_unique_armor_ring
06B39B,loot_all_common_armor_ring
06D760,TMP_M1_loot_all_bookshelf
06FA05,DEV_TR01_Loottable
073D7B,loot_all_unique_wpn_staffs
073D7C,loot_all_common_wpn_staffs
0745E6,MT_Muffins_All
075F52,MT_Poems_All
075F55,MT_Maps_All
075F5A,MT_MonsterBox_All
077907,loot_all_unique_wpn_daggers
077908,loot_all_common_wpn_daggers
07790A,affix_all_infrequent_wpn_daggers
078159,Loot_Barrels
07AD49,affix_warrior_rare_armor_feet
07AD53,loot_pinata_infrequent_and_rare_test_table
07AD76,loot_all_alchemyitems_reagents
07AD77,loot_all_alchemyitems_potions
07AD93,loot_all_alchemyitems_potions_healthmana
07AD94,loot_all_alchemyitems_potions_damage
07AD95,loot_all_alchemyitems_potions_skill
07AE24,affix_warrior_rare_armor_hands
07AE3D,affix_warrior_rare_armor_legs
07AE44,affix_all_rare_wpn_1h_swords
07AE54,affix_all_rare_wpn_daggers
07AE5E,affix_all_rare_wpn_hammers
07B028,affix_all_rare_wpn_longbows
07B031,affix_all_infrequent_wpn_faeblades
07B032,affix_all_rare_wpn_faeblades
07B066,affix_all_infrequent_wpn_staffs
07B07C,affix_all_rare_wpn_staffs
07B105,affix_warrior_infrequent_armor_head
07B1E4,affix_mage_infrequent_armor_head
07B21D,affix_mage_rare_armor_head
07B21E,affix_warrior_rare_armor_head
07B297,affix_mage_infrequent_armor_robe
07B2D9,affix_warrior_infrequent_armor_torso
07B2DB,affix_mage_rare_armor_robe
07B2DE,affix_warrior_rare_armor_torso
07B2FC,affix_all_infrequent_armor_neck
07B325,affix_all_rare_armor_neck
07B326,affix_all_infrequent_armor_ring
07B35C,affix_all_rare_armor_ring
07C397,loot_all_books
07C399,loot_all_books_lore
07E8B4,loot_all_common_wpn_1h_swords_sockets
07F1EE,loot_pinata_sagecraft_test_table
07F1EF,loot_pinata_alchemy_test_table
081061,loot_all_sagecraft_items
081282,loot_all_sagecraft_items_gems
081283,loot_all_sagecraft_items_gems_rare
081284,loot_all_sagecraft_items_gems_uncommon
081285,loot_all_sagecraft_items_gems_common
082967,loot_salvage_1hsword
082968,loot_salvage_2hsword
08296A,loot_salvage_maul
08296B,loot_salvage_daggers
08296C,loot_salvage_faeblades
08296D,loot_salvage_chakram
08296E,loot_salvage_bow
08296F,loot_salvage_staff
082970,loot_salvage_sceptre
0829F7,loot_salvage_helms
0829F8,loot_salvage_cuirass
0829F9,loot_salvage_gauntlets
0829FA,loot_salvage_chausses
0829FB,loot_salvage_greaves
0829FC,loot_salvage_caps
0829FD,loot_salvage_armor
0829FE,loot_salvage_gloves
0829FF,loot_salvage_leggings
082A00,loot_salvage_boots
082A01,loot_salvage_circlets
082A02,loot_salvage_robes
082A03,loot_salvage_handwraps
082A05,loot_salvage_shoes
082A06,loot_salvage_shield
082A07,loot_salvage_buckler
082B37,loot_salvage_1hsword_core
082B3A,loot_salvage_1hsword_support_buffed
082B3D,loot_salvage_2hsword_core
082B41,loot_salvage_2hsword_support_buffed
082B42,loot_salvage_armor_core
082B44,loot_salvage_armor_support_buffed
082B45,loot_salvage_boots_core
082B47,loot_salvage_boots_support_buffed
082B48,loot_salvage_bow_core
082B4A,loot_salvage_bow_support_buffed
082B4B,loot_salvage_buckler_core
082B4D,loot_salvage_buckler_support_buffed
082B4E,loot_salvage_caps_core
082B50,loot_salvage_caps_support_buffed
082B51,loot_salvage_chakram_core
082B53,loot_salvage_chakram_support_buffed
082B54,loot_salvage_chausses_core
082B56,loot_salvage_chausses_support_buffed
082B57,loot_salvage_circlets_core
082B59,loot_salvage_circlets_support_buffed
082B5B,loot_salvage_cuirass_core
082B5D,loot_salvage_cuirass_support_buffed
082B5E,loot_salvage_daggers_core
082B63,loot_salvage_daggers_support_buffed
082B64,loot_salvage_faeblades_core
082B66,loot_salvage_faeblades_support_buffed
082B67,loot_salvage_gauntlets_core
082B69,loot_salvage_gauntlets_support_buffed
082B6A,loot_salvage_gloves_core
082B6C,loot_salvage_gloves_support_buffed
082B6D,loot_salvage_greaves_core
082B6F,loot_salvage_greaves_support_buffed
082B70,loot_salvage_handwraps_core
082B72,loot_salvage_handwraps_support_buffed
082B73,loot_salvage_helms_core
082B75,loot_salvage_helms_support_buffed
082B76,loot_salvage_leggings_core
082B78,loot_salvage_leggings_support_buffed
082B79,loot_salvage_maul_core
082B7B,loot_salvage_maul_support_buffed
082B8A,loot_salvage_shield_core
082B8C,loot_salvage_shield_support_buffed
082B8D,loot_salvage_shoes_core
082B8F,loot_salvage_shoes_support_buffed
082B95,loot_salvage_staff_core
082B99,loot_salvage_staff_support_buffed
082B9C,loot_salvage_robes_core
082B9E,loot_salvage_robes_support_buffed
082B9F,loot_salvage_sceptre_core
082BA1,loot_salvage_sceptre_support_buffed
08460F,loot_all_sagecraft_items_shards
08499D,loot_salvage_quest
085C25,loot_all_common_wpn_daggers_sockets
085C26,loot_all_common_wpn_hammers_sockets
085C27,loot_all_common_wpn_longbows_sockets
085C28,loot_all_common_wpn_faeblades_sockets
085C2A,loot_all_common_wpn_staffs_sockets
085CF6,loot_all_socketed_armor
085CF7,loot_all_common_weapons_socketed
085CF8,loot_all_equipment_socketed
0870E5,loot_salvage_staff_quest
087BCB,MT_Dalentarth_Alchemists
087CEB,MT_GeneralGoods
08898E,loot_all_unique_wpn_2h_swords
08898F,loot_all_common_wpn_2h_swords_sockets
088990,loot_all_common_wpn_2h_swords
088992,affix_all_rare_wpn_2h_swords
088993,affix_all_infrequent_wpn_2h_swords
08997C,affix_warrior_infrequent_armor_shield
089980,affix_warrior_rare_armor_shield
08999D,affix_rogue_rare_armor_shield
08999E,affix_rogue_infrequent_armor_shield
08999F,affix_mage_rare_armor_shield
0899A0,affix_mage_infrequent_armor_shield
0899E8,loot_warrior_common_armor_shield
0899EA,loot_rogue_common_armor_shield
0899EB,loot_mage_common_armor_shield
0899EC,loot_mage_unique_armor_shield
0899ED,loot_rogue_unique_armor_shield
0899EE,loot_warrior_unique_armor_shield
08C10A,TMP_Loot_All_VerticalSlice01
08C10D,TMP_Loot_Weapons_VerticalSlice01
08C5A3,SQ34_Merchant_loot
08EACF,loot_mage_common_armor_head
08EAD0,loot_warrior_common_armor_head
08EAD1,loot_rogue_common_armor_head
08EAE5,loot_mage_common_armor_feet
08EAE6,loot_warrior_common_armor_feet
08EAE7,loot_rogue_common_armor_feet
08EAE8,loot_mage_common_armor_hands
08EAE9,loot_rogue_common_armor_hands
08EAEA,loot_warrior_common_armor_hands
08EAEC,loot_rogue_common_armor_legs
08EAED,loot_warrior_common_armor_legs
08EAEE,loot_mage_common_armor_robe
08EAEF,loot_rogue_common_armor_torso
08EAF0,loot_warrior_common_armor_torso
08EAFF,loot_mage_common_armor
08EB00,loot_rogue_common_armor
08EB01,loot_warrior_common_armor
08ED5D,loot_mage_common_armor_socketed
08ED5E,loot_rogue_common_armor_socketed
08ED5F,loot_warrior_common_armor_socketed
08ED60,loot_mage_common_armor_feet_sockets
08ED61,loot_rogue_common_armor_feet_sockets
08ED62,loot_warrior_common_armor_feet_sockets
08ED63,loot_mage_common_armor_hands_sockets
08ED64,loot_rogue_common_armor_hands_sockets
08ED65,loot_warrior_common_armor_hands_sockets
08ED66,loot_mage_common_armor_robe_sockets
08ED68,loot_mage_common_armor_head_sockets
08ED69,loot_rogue_common_armor_torso_sockets
08ED6A,loot_rogue_common_armor_legs_sockets
08ED6B,loot_rogue_common_armor_head_sockets
08ED6C,loot_warrior_common_armor_torso_sockets
08ED6D,loot_warrior_common_armor_legs_sockets
08ED6E,loot_warrior_common_armor_head_sockets
08F434,loot_pinata_unique_test_table
08F807,loot_container_faememorial
093B41,DEV_test_quest_table
098383,affix_rogue_infrequent_armor_feet
098384,affix_rogue_infrequent_armor_hands
098385,affix_rogue_infrequent_armor_legs
098386,affix_rogue_infrequent_armor_torso
098387,affix_rogue_infrequent_armor_head
098388,affix_mage_infrequent_armor_feet
098389,affix_mage_infrequent_armor_hands
09838C,affix_mage_rare_armor_hands
09838D,affix_mage_rare_armor_feet
09838E,affix_rogue_rare_armor_torso
09838F,affix_rogue_rare_armor_head
098390,affix_rogue_rare_armor_legs
098391,affix_rogue_rare_armor_hands
098392,affix_rogue_rare_armor_feet
098393,loot_rogue_unique_armor_torso
098394,loot_rogue_unique_armor_feet
098395,loot_rogue_unique_armor_hands
098396,loot_rogue_unique_armor_head
098397,loot_rogue_unique_armor_legs
098398,loot_mage_unique_armor_robe
098399,loot_mage_unique_armor_feet
09839A,loot_mage_unique_armor_hands
09839B,loot_mage_unique_armor_head
09839D,loot_all_unique_wpn_sceptres
09839E,loot_all_unique_wpn_chakrams
09839F,loot_warrior_unique_armor
0983A0,loot_mage_unique_armor
0983A1,loot_rogue_unique_armor
0983A2,loot_mage_infrequent_armor
0983A3,loot_rogue_infrequent_armor
0983A4,loot_warrior_infrequent_armor
0983A5,affix_all_infrequent_wpn_sceptres
0983A6,affix_all_infrequent_wpn_chakrams
0983A7,affix_all_rare_wpn_sceptres
0983A8,affix_all_rare_wpn_chakrams
0983A9,loot_all_common_wpn_sceptres
0983AA,loot_all_common_wpn_chakrams
09A98B,Loot_Limited_Consumables
09D465,loot_all_traps
0A297B,KV09_MysticHammer
0A297D,KV03_SternHelm
0A2980,KV06_AuspiceGauntlets
0A2981,KV10_SeekersPlate
0A32C7,loot_salvage_support_buffed_rivets
0A3331,loot_salvage_support_buffed_hilts
0A33DF,loot_salvage_support_buffed_handles
0A33E0,loot_salvage_support_buffed_fulcrum
0A33E1,loot_salvage_support_buffed_shafts
0A37E6,loot_salvage_support_buffed_bindings
0A37E7,loot_salvage_support_buffed_grip
0A37E8,loot_salvage_support_buffed_trim
0A382C,loot_salvage_support_buffed_lining
0A385C,loot_salvage_support_buffed_strings
0A65A5,loot_all_clothing
0A7D58,HM06_ShieldOfBallads
0A7DBE,TR08_ShadowskinArmorSet
0B00E1,HM01_FaebladesOfSong
0B2F62,critter_skin_common
0BC829,loot_daggers_unique08
132F23,loot_SQ16_Garaner
150DFB,Loot_Trash_All
151F42,loot_all_alchemyitems_potions_restoration
16C96E,loot_cty_ysa_std
16C96F,loot_ffq60_faeblade
174DEC,HV02_Bandits
179995,loot_all_giantrats
1843AC,critter_skin_infrequent
1843AD,critter_skin_rare
187C02,loot_warrior_rare_armor
187C03,loot_rogue_rare_armor
187C04,loot_mage_rare_armor
188DC2,loot_all_common_wpn_chakrams_sockets
188DC3,loot_all_common_wpn_sceptre_sockets
19D068,loot_all_common_armor_shields_socketed
19D06A,loot_mage_common_armor_shield_sockets
19D06B,loot_rogue_common_armor_shield_sockets
19D06C,loot_warrior_common_armor_shield_sockets
1A4796,loot_all_peasant_pockets
1AD399,EA3_loot_salvage_hammer
1AD39A,EA3_loot_salvage_sword
1ADEF4,loot_chakram_unique08
1ADF98,loot_mirrorblades_unique10
1AE050,loot_mage_unique10_shield
1AE07A,loot_warrior_unique10_shield
1AE0BE,loot_longbow_unique11
1AE107,loot_mage_unique06_feet
1AE140,loot_mage_unique06_hands
1AE15F,loot_mage_unique06_torso
1AE1F5,loot_staff_unique12
1AE216,loot_mage_unique07_head
1AE232,loot_mage_unique09_shield
1AE273,loot_mirrorblades_unique09
1AE2A8,loot_sceptre_unique08
1AE2D1,loot_rogue_unique06_head
1AE2DE,loot_rogue_unique06_legs
1AE70E,loot_warrior_unique09_torso
1AE720,loot_sword2h_unique10
1AE73F,loot_sword2h_unique11
1AE80C,loot_greathammer_unique12
1AE815,loot_warrior_unique10_head
1AE825,loot_staff_unique11
1AE82D,loot_rogue_unique10_shield
1AEB3F,loot_warrior_unique09_feet
1AEB67,loot_warrior_unique09_legs
1AECAA,loot_warrior_unique10_hands
1AECD4,loot_rogue_unique06_hands
1AECF1,loot_sword2h_unique12
1AECFF,loot_sword1h_unique14
1AED17,loot_mirrorblades_unique08
1AED1C,loot_warrior_unique09_hands
1AED1D,loot_sword1h_unique16
1AED25,loot_rogue_unique11_shield
1AED2E,loot_rogue_unique07_feet
1B0FD3,loot_KVSQ02_AnruBesin
1B0FF7,loot_mage_unique06_head
1B1105,loot_warrior_unique09_head
1B116C,loot_amulet_unique34_02
1B116D,loot_amulet_unique34_03
1B116E,loot_amulet_unique34_04
1B1951,loot_staff_unique13
1B19B7,loot_mage_unique11_shield
1B2D46,loot_sq06_container
1B3B0D,loot_rogue_unique09_shield
1B3B6E,loot_mage_unique12_shield
1B4170,DMO_EA3_SafeLoot
1B4206,DMO_EA3_Armor_All
1B4207,DMO_EA3_Weapons_All
1B4208,DMO_EA3_Weapons_Common
1B4209,DMO_EA3_Weapons_Infrequent
1B420A,DMO_EA3_Weapons_Rare
1B420B,DMO_EA3_Weapons_Unique
1B9495,loot_sword1h_unique18
1B949B,loot_staff_unique15
1B949F,loot_daggers_unique09
1BEAC1,loot_trap_elemental_fire
1BEAC2,loot_trap_elemental_ice
1BEAC3,loot_trap_elemental_lightning
1BEAC5,loot_trap_elemental_poison
1BFA2D,loot_footlocker
1C2426,loot_salvage_talisman
1C2427,loot_salvage_talisman_core
1C2429,loot_salvage_talisman_support_buffed
1C69FB,loot_all_components_infrequent
1C69FC,loot_all_components_rare
1C69FD,loot_all_components_core
1C6B96,loot_all_components_uncommon
1CC7AE,loot_greathammer_unique13
1CCCC8,loot_warrior_unique10_torso
1CEA03,affix_all_infrequent_armor_neck_MQ01
1CEA18,MQ01_Troll
1CEF09,loot_mirrorblades_unique11
1CEF29,SQ67_Khleran
1CEFBC,loot_warrior_unique10_feet
1CEFC8,loot_warrior_unique10_legs
1CEFD5,loot_greathammer_unique11
1CFB26,HM05_Armor
1D5BC6,MQ16_Reward
1D5BC9,MQ05_Reward
1D5BCA,MQ09_Reward
1D5BD1,MQ13_Reward
1D5BD2,MQ14_Reward
1D7C7A,loot_warrior_set15_torso
1D7C90,loot_warrior_set15_legs
1D7CC8,loot_warrior_set15_head
1D7CD9,loot_warrior_set15_hands
1D7CE3,loot_warrior_set15_feet
1D7D14,loot_rogue_set12_head
1D7D21,loot_rogue_set12_hands
1D7D22,loot_rogue_set12_feet
1D7D23,loot_rogue_set12_torso
1D7D24,loot_rogue_set12_legs
1D7D9C,loot_warrior_set14_feet
1D7D9D,loot_warrior_set14_hands
1D7D9E,loot_warrior_set14_head
1D7D9F,loot_warrior_set14_legs
1D7DA0,loot_warrior_set14_torso
1D7DB3,MQ16_ArmorSetReward
1D7F42,loot_mage_set14_feet
1D7F43,loot_mage_set14_hands
1D7F44,loot_mage_set14_torso
1D7F45,loot_mage_set14_head
1D7FEE,loot_shard_tier1
1D8085,loot_warrior_set16_feet
1D808F,loot_warrior_set16_head
1D8090,loot_warrior_set16_hands
1D8091,loot_warrior_set16_legs
1D8092,loot_warrior_set16_torso
1D80A7,loot_mage_set11_feet
1D80A8,loot_mage_set11_hands
1D80A9,loot_mage_set11_head
1D80AA,loot_mage_set11_torso
1D82B3,loot_mage_set12_head
1D82B4,loot_mage_set12_hands
1D82B5,loot_mage_set12_feet
1D82B6,loot_mage_set12_torso
1DBDAC,DLC1_shipwreck_gold_bonus
1DBDEB,DLC1_loot_all_materials
1DBE08,DLC1_loot_all_food
1DBE0D,DLC1_loot_all_warrior
1DBEB7,DLC1_loot_all_rogue
1DBEC1,DLC1_loot_all_mage
1DBEE9,DLC1_loot_shipwreck01
1DBEEA,DLC1_loot_shipwreck02
1DBEEB,DLC1_loot_shipwreck03
1DBEEC,DLC1_loot_shipwreck04
1DBEED,DLC1_loot_shipwreck05
1DBEEE,DLC1_loot_shipwreck06
1DBEEF,DLC1_loot_shipwreck07
1DBEF0,DLC1_loot_shipwreck08
1DBEF1,DLC1_loot_shipwreck09
1DBEF2,DLC1_loot_shipwreck10
1E0ACC,loot_gorhart_blacksmithing_container
1E0B75,DLC1_loot_diplomacy_dverga
1E0B76,DLC1_loot_diplomacy_ljosalfar
1E0B77,DLC1_loot_diplomacy_varani
1E0C71,DLC1_loot_diplomacy_varani_big
1E0C73,DLC1_loot_diplomacy_ljosalfar_big
1E0C74,DLC1_loot_diplomacy_dverga_big
1E2B87,loot_warrior_dlc1_unique01_head
1E2EE9,loot_warrior_dlc1_unique01_torso
1E2F3F,loot_warrior_dlc1_unique01_hands
1E2FDB,loot_warrior_dlc1_unique01_legs
1E3CC1,loot_warrior_dlc1_unique01_feet
1E3CEB,loot_rogue_dlc1_unique01_torso
1E3D15,loot_rogue_dlc1_unique01_hands
1E3DAF,loot_rogue_dlc1_unique01_legs
1E3DF6,loot_rogue_dlc1_unique01_feet
1E3E1B,loot_rogue_dlc1_unique01_head
1E3E80,loot_mage_dlc1_unique01_head
1E49A7,loot_mage_dlc1_unique01_torso
1E49C2,loot_mage_dlc1_unique01_hands
1E49DD,loot_mage_dlc1_unique01_feet
1E4BAF,loot_warrior_dlc1_set01_head
1E4BB5,loot_warrior_dlc1_set01_torso
1E4BB6,loot_warrior_dlc1_set01_hands
1E4BB7,loot_warrior_dlc1_set01_legs
1E4BB8,loot_warrior_dlc1_set01_feet
1E4BB9,loot_warrior_dlc1_set02_head
1E4BBA,loot_warrior_dlc1_set02_torso
1E4BBB,loot_warrior_dlc1_set02_hands
1E4BBC,loot_warrior_dlc1_set02_legs
1E4BBD,loot_warrior_dlc1_set02_feet
1E4DED,loot_rogue_dlc1_set01_head
1E5626,loot_mage_dlc1_set02_head
1E5628,loot_mage_dlc1_set02_torso
1E5629,loot_mage_dlc1_set02_feet
1E562A,loot_mage_dlc1_set02_hands
1E562C,loot_mage_dlc1_set01_head
1E562D,loot_mage_dlc1_set01_torso
1E562F,loot_mage_dlc1_set01_feet
1E5630,loot_mage_dlc1_set01_hands
1E5632,loot_rogue_dlc1_set01_hands
1E5633,loot_rogue_dlc1_set01_torso
1E5635,loot_rogue_dlc1_set01_legs
1E5636,loot_rogue_dlc1_set01_feet
1E5637,loot_rogue_dlc1_set02_head
1E5638,loot_rogue_dlc1_set02_hands
1E563A,loot_rogue_dlc1_set02_legs
1E563B,loot_rogue_dlc1_set02_feet
1E577B,loot_rogue_dlc1_set02_torso
1E801F,loot_sword1h_dlc1_unique01
1E8020,loot_sword1h_dlc1_unique02
1E8022,loot_sword2h_dlc1_unique01
1E8024,loot_sword2h_dlc1_unique02
1E802C,loot_greathammer_dlc1_unique01
1E802E,loot_greathammer_dlc1_unique02
1E8035,loot_longbow_dlc1_unique01
1E803B,loot_longbow_dlc1_unique02
1E8046,loot_mirrorblades_dlc1_unique01
1E804D,loot_mirrorblades_dlc1_unique02
1E8056,loot_daggers_dlc1_unique01
1E805D,loot_daggers_dlc1_unique02
1E8062,loot_staff_dlc1_unique01
1E8063,loot_staff_dlc1_unique02
1E8065,loot_sceptre_dlc1_unique01
1E8097,loot_sceptre_dlc1_unique02
1E809E,loot_chakrams_dlc1_unique01
1E80A3,loot_chakrams_dlc1_unique02
1E80AF,loot_shield_warrior_dlc1_unique01
1E80B7,loot_shield_warrior_dlc1_unique02
1E80B8,loot_shield_rogue_dlc1_unique01
1E80B9,loot_shield_rogue_dlc1_unique02
1E80CC,loot_shield_mage_dlc1_unique01
1E80D8,loot_shield_mage_dlc1_unique02
1E8CF3,affix_all_rare_wpn_staffs_socketed
1E8CF4,affix_all_rare_wpn_sceptres_socketed
1E8CF5,affix_all_rare_wpn_longbows_socketed
1E8CF6,affix_all_rare_wpn_hammers_socketed
1E8CF7,affix_all_rare_wpn_faeblades_socketed
1E8CF8,affix_all_rare_wpn_daggers_socketed
1E8CF9,affix_all_rare_wpn_chakrams_socketed
1E8CFA,affix_all_rare_wpn_2h_swords_socketed
1E8CFB,affix_all_rare_wpn_1h_swords_socketed
1E8CFC,affix_all_infrequent_wpn_staffs_socketed
1E8CFD,affix_all_infrequent_wpn_sceptres_socketed
1E8CFE,affix_all_infrequent_wpn_longbows_socketed
1E8CFF,affix_all_infrequent_wpn_hammers_socketed
1E8D01,affix_all_infrequent_wpn_faeblades_socketed
1E8D02,affix_all_infrequent_wpn_daggers_socketed
1E8D03,affix_all_infrequent_wpn_chakrams_socketed
1E8D04,affix_all_infrequent_wpn_2h_swords_socketed
1E8D05,affix_all_infrequent_wpn_1h_swords_socketed
1E8D58,loot_all_common_equipment_socketed
1E8D59,loot_all_infrequent_equipment_socketed
1E8D5A,loot_all_rare_equipment_socketed
1E8D63,loot_all_infrequent_weapons_socketed
1E8D64,loot_all_rare_weapons_socketed
1E8D8A,loot_all_infrequent_armor_shields_socketed
1E8D8B,loot_all_rare_armor_shields_socketed
1E8DAC,affix_warrior_rare_armor_shield_socketed
1E8DAD,affix_warrior_infrequent_armor_shield_socketed
1E8DAE,affix_rogue_rare_armor_shield_socketed
1E8DAF,affix_rogue_infrequent_armor_shield_socketed
1E8DB0,affix_mage_rare_armor_shield_socketed
1E8DB1,affix_mage_infrequent_armor_shield_socketed
1E8DE4,affix_warrior_infrequent_armor_torso_socketed
1E8DE5,affix_warrior_infrequent_armor_head_socketed
1E8DE6,affix_warrior_infrequent_armor_legs_socketed
1E8DE7,affix_warrior_infrequent_armor_hands_socketed
1E8DE8,affix_warrior_infrequent_armor_feet_socketed
1E8DE9,affix_rogue_infrequent_armor_torso_socketed
1E8DEA,affix_rogue_infrequent_armor_legs_socketed
1E8DEB,affix_rogue_infrequent_armor_head_socketed
1E8DEC,affix_rogue_infrequent_armor_hands_socketed
1E8DED,affix_rogue_infrequent_armor_feet_socketed
1E8DEE,affix_mage_infrequent_armor_robe_socketed
1E8DEF,affix_mage_infrequent_armor_head_socketed
1E8DF0,affix_mage_infrequent_armor_hands_socketed
1E8DF1,affix_mage_infrequent_armor_feet_socketed
1E8DF6,loot_warrior_infrequent_armor_socketed
1E8DF7,loot_rogue_infrequent_armor_socketed
1E8DF8,loot_mage_infrequent_armor_socketed
1E8DF9,loot_warrior_rare_armor_socketed
1E8DFA,loot_rogue_rare_armor_socketed
1E8DFB,loot_mage_rare_armor_socketed
1E8DFC,affix_warrior_rare_armor_torso_socketed
1E8DFD,affix_warrior_rare_armor_legs_socketed
1E8DFE,affix_warrior_rare_armor_head_socketed
1E8DFF,affix_warrior_rare_armor_hands_socketed
1E8E00,affix_warrior_rare_armor_feet_socketed
1E8E01,affix_rogue_rare_armor_torso_socketed
1E8E02,affix_rogue_rare_armor_legs_socketed
1E8E03,affix_rogue_rare_armor_head_socketed
1E8E04,affix_rogue_rare_armor_hands_socketed
1E8E05,affix_rogue_rare_armor_feet_socketed
1E8E06,affix_mage_rare_armor_robe_socketed
1E8E07,affix_mage_rare_armor_head_socketed
1E8E08,affix_mage_rare_armor_hands_socketed
1E8E09,affix_mage_rare_armor_feet_socketed
1E9F00,loot_amulet_dlc1_unique01
1E9F04,loot_amulet_dlc1_unique02
1E9F07,loot_amulet_dlc1_unique03
1E9F1C,loot_amulet_dlc1_unique04
1E9F27,loot_amulet_dlc1_unique05
1E9F2C,loot_amulet_dlc1_unique06
1E9F2D,loot_amulet_dlc1_unique07
1E9F59,loot_ring_dlc1_unique01
1E9F5E,loot_ring_dlc1_unique02
1E9F62,loot_ring_dlc1_unique03
1E9F68,loot_ring_dlc1_unique04
1E9F78,loot_ring_dlc1_unique05
1E9F7F,loot_ring_dlc1_unique06
1E9F93,loot_ring_dlc1_unique07
1EC8C8,loot_shard_tier2
1EC8C9,loot_shard_tier3
1EFFCC,loot_critter_all
1F9CC9,loot_warrior_unique09_shield
1FA79F,loot_npc_quest_items_DLC1
1FA7A0,loot_container_quest_items_DLC1
1FA826,loot_container_quest_items_DLC2
1FA827,loot_npc_quest_items_DLC2
1FAA83,loot_warrior_DLC2_unique01_hands
1FAA84,loot_warrior_DLC2_unique01_head
1FAA85,loot_warrior_DLC2_unique01_legs
1FAA86,loot_warrior_DLC2_unique01_torso
1FAA87,loot_warrior_DLC2_unique01_feet
1FB04A,loot_rogue_DLC2_unique01_hands
1FB04B,loot_rogue_DLC2_unique01_head
1FB04C,loot_rogue_DLC2_unique01_torso
1FB04D,loot_rogue_DLC2_unique01_legs
1FB04E,loot_rogue_DLC2_unique01_feet
1FB04F,loot_mage_DLC2_unique01_hands
1FB050,loot_mage_DLC2_unique01_head
1FB051,loot_mage_DLC2_unique01_torso
1FB052,loot_mage_DLC2_unique01_feet
1FB063,loot_shield_warrior_DLC2_unique01
1FB064,loot_shield_warrior_DLC2_unique02
1FB065,loot_shield_rogue_DLC2_unique01
1FB066,loot_shield_rogue_DLC2_unique02
1FB067,loot_shield_mage_DLC2_unique01
1FB068,loot_shield_mage_DLC2_unique02
1FC60E,loot_sword1h_DLC2_unique01
1FC60F,loot_sword1h_DLC2_unique02
1FC610,loot_sword2h_DLC2_unique01
1FC611,loot_sword2h_DLC2_unique02
1FC612,loot_greathammer_DLC2_unique01
1FC614,loot_greathammer_DLC2_unique02
1FC615,loot_daggers_DLC2_unique01
1FC616,loot_daggers_DLC2_unique02
1FC617,loot_longbow_DLC2_unique01
1FC618,loot_longbow_DLC2_unique02
1FC619,loot_mirrorblades_DLC2_unique01
1FC61A,loot_mirrorblades_DLC2_unique02
1FC61B,loot_staff_DLC2_unique01
1FC61C,loot_staff_DLC2_unique02
1FC61D,loot_sceptre_DLC2_unique01
1FC61E,loot_sceptre_DLC2_unique02
1FC61F,loot_chakrams_DLC2_unique01
1FC621,loot_chakrams_DLC2_unique02
1FC7B2,loot_warrior_DLC2_set01_head
1FC7B3,loot_warrior_DLC2_set01_hands
1FC7B4,loot_warrior_DLC2_set01_torso
1FC7B5,loot_warrior_DLC2_set01_legs
1FC7B6,loot_warrior_DLC2_set01_feet
1FC7B7,loot_warrior_DLC2_set02_head
1FC7B8,loot_warrior_DLC2_set02_hands
1FC7B9,loot_warrior_DLC2_set02_torso
1FC7BA,loot_warrior_DLC2_set02_legs
1FC7BB,loot_warrior_DLC2_set02_feet
1FC8D6,loot_rogue_DLC2_set01_head
1FC8D7,loot_rogue_DLC2_set01_hands
1FC8D8,loot_rogue_DLC2_set01_torso
1FC8D9,loot_rogue_DLC2_set01_legs
1FC8DA,loot_rogue_DLC2_set01_feet
1FC8DB,loot_rogue_DLC2_set02_head
1FC8DC,loot_rogue_DLC2_set02_hands
1FC8DD,loot_rogue_DLC2_set02_torso
1FC8DE,loot_rogue_DLC2_set02_legs
1FC8DF,loot_rogue_DLC2_set02_feet
1FC9CF,loot_mage_DLC2_set01_head
1FC9D0,loot_mage_DLC2_set01_hands
1FC9D1,loot_mage_DLC2_set01_torso
1FC9D2,loot_mage_DLC2_set01_feet
1FC9D3,loot_mage_DLC2_set02_head
1FC9D4,loot_mage_DLC2_set02_hands
1FC9D5,loot_mage_DLC2_set02_torso
1FC9D6,loot_mage_DLC2_set02_feet
1FCC1C,loot_amulet_DLC2_unique01
1FCC1D,loot_amulet_DLC2_unique02
1FCC1E,loot_amulet_DLC2_unique03
1FCC1F,loot_amulet_DLC2_unique04
1FCC20,loot_amulet_DLC2_unique05
1FCC21,loot_amulet_DLC2_unique06
1FCC22,loot_amulet_DLC2_unique07
1FCC23,loot_ring_DLC2_unique01
1FCC24,loot_ring_DLC2_unique02
1FCC25,loot_ring_DLC2_unique03
1FCC26,loot_ring_DLC2_unique04
1FCC27,loot_ring_DLC2_unique05
1FCC28,loot_ring_DLC2_unique06
1FCC29,loot_ring_DLC2_unique07
1FCCE3,Loot_DLC2_Tier1_Container_All
1FCCE4,Loot_DLC2_Tier2_Container_All
1FCCE5,Loot_DLC2_Tier3_Container_All
1FCD07,DLC1_Loot_Container_BeachShipwreck
1FCD08,DLC1_Loot_Container_Dvergan
1FCD09,DLC1_Loot_Container_Magical
1FCD0A,DLC1_loot_all_uniques
1FCD0B,DLC1_loot_all_unique_weapons
1FCD0C,DLC1_loot_all_unique_armor
1FCD0D,DLC1_loot_all_unique_shields
1FCD0E,DLC1_loot_all_unique_jewelry
1FCD29,DLC1_loot_mage_weapons
1FCD2A,DLC1_loot_rogue_weapons
1FCD2B,DLC1_loot_warrior_weapons
1FCF66,MightPack_loot_sword1h
1FCF67,MightPack_loot_sword2h
1FCF68,MightPack_loot_greathammer
1FCF69,MightPack_loot_warrior_head
1FCF6A,MightPack_loot_warrior_hands
1FCF6B,MightPack_loot_warrior_torso
1FCF6C,MightPack_loot_warrior_legs
1FCF6D,MightPack_loot_warrior_feet
1FCF81,FinessePack_loot_longbow
1FCF82,FinessePack_loot_daggers
1FCF83,FinessePack_loot_faeblades
1FCF84,FinessePack_loot_rogue_head
1FCF85,FinessePack_loot_rogue_hands
1FCF86,FinessePack_loot_rogue_torso
1FCF88,FinessePack_loot_rogue_legs
1FCF89,FinessePack_loot_rogue_feet
1FCF9D,SorceryPack_loot_chakrams
1FCF9E,SorceryPack_loot_staff
1FCF9F,SorceryPack_loot_sceptre
1FCFA0,SorceryPack_loot_mage_head
1FCFA1,SorceryPack_loot_mage_hands
1FCFA2,SorceryPack_loot_mage_torso
1FCFA3,SorceryPack_loot_mage_feet
1FDBFA,DLC1_loot_all_set_armor
1FE221,DLC1_loot_mage_armor
1FE254,DLC1_Loot_Container_FateRoom01
1FE27D,DLC1_Loot_Container_FateRoom02
1FE295,DLC1_Loot_Container_FateRoom03
1FE2DE,DLC1_Loot_Container_FateRoom04
1FE2F4,DLC1_Loot_Container_FateRoom05
1FE306,DLC1_Loot_Container_FateRoom06
1FE313,DLC1_Loot_Container_FateRoom07
1FE65D,DLC1_Loot_General_Tier2
2011AB,DLC2_loot_all_misc
201B74,DLC2_FFQ04_SmallArtifact_Table
201B75,DLC2_FFQ04_LargeArtifact_Table
201E5C,loot_chakrams_DLC2_primal
201E5D,loot_daggers_DLC2_primal
201E5E,loot_longbow_DLC2_primal
201E5F,loot_mirrorblades_DLC2_primal
201E60,loot_greathammer_DLC2_primal
201E61,loot_sword2h_DLC2_primal
201E62,loot_sceptre_DLC2_primal
201E63,loot_staff_DLC2_primal
201E64,loot_sword1h_DLC2_primal
20210D,DLC2_loot_all_books
202FB8,DLC1_Loot_2_Underling_All
202FD6,DLC1_Loot_4_Captain_All
20319B,DLC1_loot_container_beach_corpse
2032EA,DLC1_loot_antelope
204471,loot_mirrorblades_dlc1_unique02_container
204472,loot_sceptre_dlc1_unique02_container
204485,DLC1_loot_scion_guard_feet
204486,DLC1_loot_scion_guard_torso
204487,DLC1_loot_scion_guard_hands
204488,DLC1_loot_scion_guard_head
204555,loot_chakrams_dlc1_unique02_container
2045FA,loot_rogue_dlc1_unique01_head_container
204604,loot_mage_dlc1_unique01_hands_container
204605,loot_warrior_dlc1_unique01_legs_container
20460C,loot_rogue_dlc1_unique01_feet_container
20460D,loot_ring_dlc1_unique02_container
204759,loot_rogue_dlc1_set01_head_container
20475A,loot_rogue_dlc1_set01_feet_container
20475C,loot_rogue_dlc1_set01_hands_container
20475D,loot_rogue_dlc1_set01_legs_container
20475E,loot_rogue_dlc1_set01_torso_container
204C3A,DLC2_Loot_1_Fodder_All
204C3B,DLC2_Loot_2_Underling_All
204C3C,DLC2_Loot_3_Minion_All
204C3D,DLC2_Loot_4_Captain_All
204C4A,DLC2_loot_all_primal_weapons
205C50,DLC2_loot_all_unique_jewelry
205C52,DLC2_loot_all_unique_armor
205C53,DLC2_loot_all_unique_shields
205C54,DLC2_loot_all_unique_weapons
205C55,DLC2_loot_all_uniques
206B2D,loot_greathammer_DLC2_unique01_questreward
206B54,loot_staff_DLC2_unique01_questreward
206B64,loot_daggers_DLC2_unique02_questreward
206B78,loot_warrior_DLC2_unique01_head_questreward
206B9A,loot_rogue_DLC2_unique01_hands_questreward
206BA0,loot_mage_DLC2_unique01_hands_questreward
206BAD,loot_shield_warrior_DLC2_unique02_questreward
206BC8,loot_shield_rogue_DLC2_unique02_questreward
206BE3,loot_sword2h_DLC2_unique02_questreward
206BEC,loot_mirrorblades_DLC2_unique01_questreward
206BED,loot_chakrams_DLC2_unique01_questreward
206C03,loot_warrior_DLC2_set01_head_questreward
206C0E,loot_warrior_DLC2_set01_feet_questreward
206C0F,loot_warrior_DLC2_set01_hands_questreward
206C10,loot_warrior_DLC2_set01_legs_questreward
206C11,loot_warrior_DLC2_set01_torso_questreward
206C92,loot_rogue_DLC2_set02_feet_questreward
206C93,loot_rogue_DLC2_set02_hands_questreward
206C94,loot_rogue_DLC2_set02_head_questreward
206C95,loot_rogue_DLC2_set02_legs_questreward
206C96,loot_rogue_DLC2_set02_torso_questreward
206C97,loot_mage_DLC2_set01_feet_questreward
206C98,loot_mage_DLC2_set01_hands_questreward
206C99,loot_mage_DLC2_set01_head_questreward
206C9A,loot_mage_DLC2_set01_torso_questreward
206C9B,loot_amulet_DLC2_unique03_questreward
206CA5,loot_shield_mage_DLC2_unique01_questreward
206CAB,loot_shield_mage_DLC2_unique02_questreward
206CBB,loot_warrior_DLC2_unique01_hands_questreward
206CC3,loot_mage_DLC2_unique01_feet_questreward
206CC4,loot_ring_DLC2_unique05_questreward
206CC5,loot_shield_warrior_DLC2_unique01_questreward
206CC6,loot_sceptre_DLC2_unique01_questreward
206CCD,loot_ring_DLC2_unique01_questreward
206CD2,loot_sceptre_DLC2_unique02_questreward
20746D,DLC2_Loot_6_Boss_All
2077A3,DLC2_loot_salvage_chakram_primal
2077D1,DLC2_loot_salvage_sceptre_primal
2077D2,DLC2_loot_salvage_staff_primal
2077D3,DLC2_loot_salvage_1hsword_primal
2077DA,DLC2_loot_salvage_2hsword_primal
2077DE,DLC2_loot_salvage_daggers_primal
2077DF,DLC2_loot_salvage_faeblades_primal
2077E2,DLC2_loot_salvage_hammer_primal
2077E3,DLC2_loot_salvage_bow_primal
