id,value
0AD545,Lore_LS03_YolvanStone_1
0AD547,Lore_LS03_YolvanStone_2
0AD548,Lore_LS03_YolvanStone_3
0AD549,Lore_LS03_YolvanStone_4
0AD54A,Lore_LS03_YolvanStone_5
0B3549,Lore_LS07_Talarane_1
0B354A,Lore_LS07_Talarane_2
0B354B,Lore_LS07_Talarane_3
141842,Lorestone_FFQ54_Kandrian_1
141843,Lorestone_FFQ54_Kandrian_2
141844,Lorestone_FFQ54_Kandrian_3
141845,Lorestone_FFQ54_Kandrian_4
141846,Lorestone_FFQ54_Kandrian_5
152B8C,Lore_KLU_CaeledCoast_1
152B8D,Lore_KLU_CaeledCoast_2
152B8E,Lore_KLU_CaeledCoast_3
152B8F,Lore_KLU_CaeledCoast_4
152B90,Lore_KLU_CaeledCoast_5
15C949,Lore_DAL_Odarath_1
15C94A,Lore_DAL_Odarath_2
15C94B,Lore_DAL_Odarath_3
15C94C,Lore_DAL_Odarath_4
15C94D,Lore_DAL_Odarath_5
15D26F,Lore_DAL_Ettinmere_1
15D270,Lore_DAL_Ettinmere_2
15D271,Lore_DAL_Ettinmere_3
15D272,Lore_DAL_Ettinmere_4
15D273,Lore_DAL_Ettinmere_5
15FCB2,Lore_DGN_FaeHollows_1
15FCB3,Lore_DGN_FaeHollows_2
15FCB4,Lore_DGN_FaeHollows_3
15FCB5,Lore_DGN_FaeHollows_4
15FCB6,Lore_DGN_FaeHollows_5
16A653,Lore_POE_Galafor_1
16A654,Lore_POE_Galafor_2
16A655,Lore_POE_Galafor_3
16A656,Lore_POE_Galafor_4
16A657,Lore_POE_Galafor_5
174E81,Lore_DAL_Webwood_1
174E85,Lore_DAL_Webwood_2
174E8C,Lore_DAL_Webwood_3
174E8F,Lore_DAL_Webwood_4
174E90,Lore_DAL_Webwood_5
185D53,Lore_DAL_Glendara_1
185D54,Lore_DAL_Glendara_2
185D55,Lore_DAL_Glendara_3
185D56,Lore_DAL_Glendara_4
185D57,Lore_DAL_Glendara_5
185D95,Lore_DAL_Haxhi_1
185D96,Lore_DAL_Haxhi_2
185D97,Lore_DAL_Haxhi_3
185D98,Lore_DAL_Haxhi_4
185D99,Lore_DAL_Haxhi_5
185D9A,Lore_DET_RedMarches_1
185D9B,Lore_DET_RedMarches_2
185D9C,Lore_DET_RedMarches_3
185D9D,Lore_DET_RedMarches_4
185D9E,Lore_DET_RedMarches_5
185DA5,Lore_DET_Alserund_1
185DA7,Lore_DET_Alserund_2
185DA8,Lore_DET_Alserund_3
185DAA,Lore_DET_Alserund_4
185DAB,Lore_DET_Alserund_5
185DEB,Lore_DET_Hollowlands_1
185DEC,Lore_DET_Hollowlands_2
185DED,Lore_DET_Hollowlands_3
185DEE,Lore_DET_Hollowlands_4
185DEF,Lore_DET_Hollowlands_5
185E08,Lore_POE_Wolds_1
185E09,Lore_POE_Wolds_2
185E0A,Lore_POE_Wolds_3
185E0B,Lore_POE_Wolds_4
185E0C,Lore_POE_Wolds_5
185E0D,Lore_POE_CradleofSummer_1
185E0E,Lore_POE_CradleofSummer_2
185E0F,Lore_POE_CradleofSummer_3
185E10,Lore_POE_CradleofSummer_4
185E11,Lore_POE_CradleofSummer_5
185E87,Lore_KLU_Midden_1
185E88,Lore_KLU_Midden_2
185E8B,Lore_KLU_Midden_3
185E8D,Lore_KLU_Midden_4
185E8F,Lore_KLU_Midden_5
186015,Lore_ALA_Amaura_1
186016,Lore_ALA_Amaura_2
186017,Lore_ALA_Amaura_3
186018,Lore_ALA_Amaura_4
186019,Lore_ALA_Amaura_5
18601A,Lore_ALA_Bhaile_1
18601B,Lore_ALA_Bhaile_2
18601C,Lore_ALA_Bhaile_3
18601D,Lore_ALA_Bhaile_4
18601E,Lore_ALA_Bhaile_5
1B1EDB,Lore_DET_Apotyre_2
1B1EDC,Lore_DET_Apotyre_3
1B1EDD,Lore_DET_Apotyre_4
1B1EDE,Lore_DET_Apotyre_5
1B1EE4,Lore_DET_Apotyre_1
1B5E82,Lore_DAL_Sidhe_1
1B5E83,Lore_DAL_Sidhe_2
1B5E84,Lore_DAL_Sidhe_3
1B5E85,Lore_DAL_Sidhe_4
1B5E86,Lore_DAL_Sidhe_5
1BC15D,Lore_DAL_SummersEnd_1
1BC15E,Lore_DAL_SummersEnd_2
1BC15F,Lore_DAL_SummersEnd_3
1BC160,Lore_DAL_SummersEnd_4
1BC161,Lore_DAL_SummersEnd_5
1BC162,Lore_DAL_CastleWindemere_1
1BC163,Lore_DAL_CastleWindemere_2
1BC164,Lore_DAL_CastleWindemere_3
1BC165,Lore_DAL_CastleWindemere_4
1BC166,Lore_DAL_CastleWindemere_5
1BD310,Lore_ALA_Alabastra_1
1BD311,Lore_ALA_Alabastra_2
1BD312,Lore_ALA_Alabastra_3
1BD313,Lore_ALA_Alabastra_4
1BD314,Lore_ALA_Alabastra_5
1BD3BB,Lore_GLB_Global_1_1
1BD3BC,Lore_GLB_Global_1_2
1BD3BD,Lore_GLB_Global_1_3
1BD3BE,Lore_GLB_Global_1_4
1BD3BF,Lore_GLB_Global_1_5
1BD3C0,Lore_GLB_Global_1_6
1BD3C1,Lore_GLB_Global_1_7
1BD3C2,Lore_GLB_Global_1_8
1BD3C3,Lore_GLB_Global_1_9
1BD3C4,Lore_GLB_Global_1_10
1BD3C5,Lore_GLB_Global_2_1
1BD3C6,Lore_GLB_Global_2_2
1BD3C7,Lore_GLB_Global_2_3
1BD3C8,Lore_GLB_Global_2_4
1BD3C9,Lore_GLB_Global_2_5
1BD3CA,Lore_GLB_Global_2_6
1BD3CB,Lore_GLB_Global_2_7
1BD3CC,Lore_GLB_Global_2_8
1BD3CD,Lore_GLB_Global_2_9
1BD3CE,Lore_GLB_Global_2_10
1BD3CF,Lore_GLB_Global_3_1
1BD3D0,Lore_GLB_Global_3_2
1BD3D1,Lore_GLB_Global_3_3
1BD3D2,Lore_GLB_Global_3_4
1BD3D3,Lore_GLB_Global_3_5
1BD3D4,Lore_GLB_Global_3_6
1BD3D6,Lore_GLB_Global_3_7
1BD3D7,Lore_GLB_Global_3_8
1BD3D8,Lore_GLB_Global_3_9
1BD3D9,Lore_GLB_Global_3_10
1BD406,Lore_GLB_Global_4_1
1BD407,Lore_GLB_Global_4_2
1BD408,Lore_GLB_Global_4_3
1BD409,Lore_GLB_Global_4_4
1BD40A,Lore_GLB_Global_4_5
1BD40B,Lore_GLB_Global_4_6
1BD40C,Lore_GLB_Global_4_7
1BD40D,Lore_GLB_Global_4_8
1BD40E,Lore_GLB_Global_4_9
1BD40F,Lore_GLB_Global_4_10
1BE768,Lore_DET_Menetyre_1
1BE769,Lore_DET_Menetyre_2
1BE76A,Lore_DET_Menetyre_3
1BE76B,Lore_DET_Menetyre_4
1BE76C,Lore_DET_Menetyre_5
1BE76D,Lore_DAL_Dalentarth_1
1BE76E,Lore_DAL_Dalentarth_2
1BE76F,Lore_DAL_Dalentarth_3
1BE770,Lore_DAL_Dalentarth_4
1BE771,Lore_DAL_Dalentarth_5
1BE777,Lore_KLU_Klurikon_1
1BE779,Lore_KLU_Klurikon_2
1BE77A,Lore_KLU_Klurikon_3
1BE77E,Lore_KLU_Klurikon_4
1BE77F,Lore_KLU_Klurikon_5
1C3878,Lore_LS07_Talarane_4
1C3879,Lore_LS07_Talarane_5
1F221E,DLC2_Lore_TON_KollossaeHistory_1
1F2223,DLC2_Lore_TON_KollossaeHistory_2
1F2226,DLC2_Lore_TON_KollossaeHistory_3
1F2229,DLC2_Lore_TON_KollossaeHistory_4
1F222B,DLC2_Lore_TON_KollossaeHistory_5
1F222E,DLC2_Lore_TON_Anokatos_1
1F2232,DLC2_Lore_TON_Anokatos_2
1F2236,DLC2_Lore_TON_Anokatos_3
1F223E,DLC2_Lore_TON_Anokatos_4
1F2241,DLC2_Lore_TON_Anokatos_5
1F5758,DLC1_Lore_GAL_Set1_01
1F575A,DLC1_Lore_GAL_Set1_02
1F575C,DLC1_Lore_GAL_Set1_03
1F576B,DLC1_Lore_GAL_Set1_04
1F576D,DLC1_Lore_GAL_Set1_05
1F5776,DLC1_Lore_GAL_Set2_01
1F577A,DLC1_Lore_GAL_Set2_02
1F577D,DLC1_Lore_GAL_Set2_03
1F577F,DLC1_Lore_GAL_Set2_04
1F5781,DLC1_Lore_GAL_Set2_05
