id,value
00322A,ConditionMgr
003256,Chest
00325C,Lever
0032D8,npc
0032F6,arrow_hit_location
00331A,miss_location
003327,WanderLocation
00333E,SpellAmmo
003349,DangerRoom
00335E,Constants
00335F,GameState
003361,BENCHMARK
003362,cameraLibrary
003363,characterLibrary
003364,cinematicLibrary
003365,conversations
003366,factionsLibrary
003368,inputLibrary
00336C,soundLibrary
00336D,standardLibrary
00336E,stat_tracker
00336F,timeLibrary
003371,animAttacks
003372,Companion
003373,Player
003374,PlayerInput
00348B,action_win
00349E,cinematic_paused_win
0034A4,conversation_menu
0034A9,danger_win
0034AB,GameEngineStartup
0034AC,general_alert_win
0034AE,InGameUIStartup
0034B0,loading_screen
0034B1,location_alert
0034B2,loot_summary
0034B3,lore_summary
0034B5,main_menu
0034B9,minimap_win
0034BC,quest_update_summary
0034BF,resurrection_alert
0034C1,script_window_registry
0034C7,abilities_win
0034CB,factions_win
0034CD,inventory_win
0034CF,kingdom_win
0034D0,ledger_win
0034D2,lore_win
0034D3,options_win
0034D5,quests_win
0034D6,radial_menu_ledger
0034D8,button_rose_tools
0034D9,common_tools
0034DA,key_table
0034DB,menu_tools
0034DC,summary_repeater_helper
0034DF,cheats
0034E1,DangerContent
0034E2,DangerManager
00367D,root
005FDD,merchant_win
0061DC,City_Sign
011BEB,sign_win
012FC6,message_box_win
018675,SpaceCommon
01AB5B,blockandattack
01AB5C,behaviorCommon
01ABED,idle_behavior
01ABEE,combat_behavior
01ABEF,combat_idle_behavior
01ABF0,noncombat_behavior
01AC06,melee_combat_behavior
01AC14,melee_combat_approach_behavior
01AC2D,melee_attack_behavior
01B0C9,parry
01B162,wander_behavior
01D806,block_talent
01E331,BehaviorMgr
01F4E8,legrandquestspace
01F4F1,uicontrollercommon
01F512,combat_tool_win
01F6CD,danger_stage_win
022C82,DMO_NA_Unibox
0240FF,Atk_Hmr_3
024100,Atk_Hmr_2
024101,Atk_Hmr_1
02410D,Atk_Swd_1
02410E,Atk_Swd_2
02410F,Atk_Swd_3
024236,Atk_Palmstones_1
024239,Atk_Palmstones_2
02423B,Atk_Palmstones_3
024665,Atk_Palmstones_4
024666,Atk_Palmstones_5
024667,Atk_Hmr_4
024956,Alchemy_Reagent
024AA4,alchemy_win
024AA9,alchemyLibrary
025AA4,PlayerDodge
025D2A,Atk_Swd_4
02638E,Atk_Gnt_1
02638F,Atk_Gnt_2
026390,Atk_Gnt_3
026638,ranged_combat_behavior
02663A,ranged_special_attack
026701,melee_combat_stepback_behavior
026A30,state_Knocked_Down
026E2B,circle_to_assigned_slot
02726E,State_KnockedDown
02743E,Atk_Swd_Fatality_1
027779,check_for_better_slot
027FD7,NA_Unibox_Try_Followers
028859,skills_win
028860,fast_travel_win
028882,follow_basic
028A4C,follow_combat
028AD6,NA_Unibox_Detection_Training
028C39,ranged_maintain_range
028D8A,prototpye_hidden_trap_flame
02946C,empty_script
0294AC,prototype_hidden_door
02B9B4,Death_Enter
02B9B5,Death_Exit
02BBB9,ranged_combat_idle_behavior
02DAE3,item_information_template
02E616,VolumeTextTrigger
02F1AC,Atk_Bow_1
02F541,mixbrush_template_dont_edit
02F59D,target_win
02FEB7,ModuleVariableStorage
02FFDB,map_manager
03026D,Sprint
0302D0,TEST_QE_NewDialogTest
0305EC,Alchemy_Atk_Armor_buff
030F7A,HiddenObjects
031562,Door
031BB5,prototype_flame_trap
0320BF,LockedObjects
032153,Enemy
0322FF,mercantileLibrary
033BC0,Ambient
033C3E,xp_notification_win
037B85,QAAutomation
037B93,QA_Automation_Quest
038EC1,Magic_Fissure_Slam
039DE6,Forge
039DE9,Workbench
039F85,Bed
039FDF,ReagentSource
03A029,interact_behavior
03A02B,activity_behavior
03A0BD,activity_goto_behavior
03A0BF,activity_interact_behavior
03A55F,protector_behavior
03A561,move_to_protect_behavior
03AAAA,ranged_dodge_attack
03AFAE,Atk_Spr_Silhouette
03B03A,berserk_behavior
03CE9D,usable_items_radial
03D5CC,Trapscript_Acid
03D813,celebrate_behavior
03DA1F,knockback_behavior
03E412,universal_information_window
03E561,universal_information_window_manager
03E83D,npc_services_manager
03E8F7,NA_Unibox_Merchants
03E9CE,TEST_DefaultAudio
03EA73,barber_win
03EA74,blacksmith_win
03EA75,healer_win
03EA76,spellbinder_win
03EA77,trainer_win
03EDE4,skill_books
03EE03,skill_book_sagecraft_01
03EE0B,skill_book_alchemy_01
03EE11,skill_book_dispelling_01
03EE19,skill_book_Blacksmithing_01
03EE22,skill_book_DetectHidden_01
03EE29,skill_book_Persuasion_01
03EE41,skill_book_Mercantile_01
040385,target_win_manager
0404E9,DMO_NA_CombatGridTests
040A0C,loot_popup_manager
040A0D,loot_popup
041BB4,AlchemyFormula
041D9A,skill_buffs
041DA3,alchemy_skill_buff_alchemy_1
041DA4,alchemy_skill_buff_alchemy_2
041DA5,alchemy_skill_buff_ancientk_1
041DA6,alchemy_skill_buff_ancientk_2
041DA7,alchemy_skill_buff_blacksmithing_1
041DA8,alchemy_skill_buff_blacksmithing_2
041E1C,alchemy_skill_buff_Inspiration_1
041E1D,alchemy_skill_buff_Inspiration_2
041E1E,alchemy_skill_buff_Intimidation_1
041E24,alchemy_skill_buff_Intimidation_2
041E25,alchemy_skill_buff_Lockpicking_1
041E26,alchemy_skill_buff_Lockpicking_2
041E27,alchemy_skill_buff_Medicine_1
041E28,alchemy_skill_buff_Medicine_2
041E29,alchemy_skill_buff_Mercantile_1
041E2A,alchemy_skill_buff_Mercantile_2
041E6D,alchemy_skill_buff_Spellbinding_1
041E6E,alchemy_skill_buff_Spellbinding_2
041E6F,alchemy_skill_buff_detecth_1
041E70,alchemy_skill_buff_detecth_2
041E8E,quest_update_summary_window
041EDC,lore_summary_window
041EDD,level_alert_manager
0424A8,character_win
042614,Magic_Haste
0429FD,Magic_Haste_2
0429FE,Magic_Haste_3
0429FF,Magic_Haste_4
042A00,Magic_Haste_5
042A01,Magic_Haste_6
042A02,Magic_Haste_7
043791,load_win
04379A,save_win
043963,partyLibrary
043A9A,portraitManager
043DE2,alchemy_buffs
043E15,alchemy_att_buff_finesse_1
043E16,alchemy_att_buff_finesse_2
043E17,alchemy_att_buff_intellect_1
043E18,alchemy_att_buff_intellect_2
043E19,alchemy_att_buff_might_1
043E1B,alchemy_att_buff_might_2
043F8D,effects_win
044676,NYI_usable_items
045FFF,game_quest_alert
047529,Lever_WoCavern_01
04916C,ScriptLink_Summon10
04919A,summon_library
04932C,ScriptLink_Summon
04A440,ScriptLink_MoveNPCsOnVolumeEnter
04E1EB,behavior
04E35A,goto_waypoints_behavior
04EEC6,Lever_WoCavern_Multitarget
04FF55,script_strict_behavior
04FF57,script_loose_behavior
04FF59,script_idle_behavior
050318,Jottun
050319,Jottun_A
05102A,scriptlink_library
051D76,PuzzleSacrificeShrine
05342E,PuzzleTorchTrigger
0543EB,approach_actor_behavior
0546E0,NPC_Barks
054B3C,Interact_Shrine
054D1E,PuzzleSmashableTrigger
054EE5,ScriptLink_Summon_Template
05725A,Trap_TimedSpike
0573D5,Alchemy_ManaRestoration01
0573D7,Alchemy_HealthRestoration01
0573E4,Trap_Proximity
057651,Stealth
057B3E,Reagent
057B70,Recipe
058139,AlchemyPotion_WildPotion01
0584C5,M0_SQ06
0587BA,Trap_TimedSpike_01
0587BB,Trap_TimedSpike_02
0587BC,Trap_TimedSpike_03
0588B3,Trap_SpinningBlades
058A38,game_clock_win
058B6F,Talent_Parent
058B74,Stealth_Attack
058D41,Atk_Petrify
059187,ScriptLocation
0591E5,goto_location_behavior
0595EC,Flower_Magical
0596FB,Passive
059770,move_along_waypoints_behavior
05BA64,Trap_TimedSpike_Delay2_Down3
05BA65,Trap_TimedSpike_Delay3_Down4
05C25A,Trap_Stop_Repeater
05C312,DangerSpawner
05C3E7,LoadDoor
05C504,npc_scheduling
05C560,CrimeManager
05C597,Jumping
05C5AB,Landing
05C5FB,Trap_SlidingBlade
05C839,Guard
05CA6D,interfaceLibrary
05DCD3,alchemy_analyze_minigame
05E15B,TMP_NA_QA_Chris
05E68B,find_and_use_bed_behavior
06026D,lucernLibrary
0603BA,Lucern
0603C2,Lucern_Traps
06083B,Trap_ProximitySpike
0616FF,JailManager
061BF3,Prototype_Vault
0629FA,Lucern_Doors
062A36,Lucern_Trap_Activation
062A8F,Trap_Lucern_Repeater
062AB4,Door_Jail
0632E5,ActivityPatrol
063D2A,Chest_Jail
06418F,activity_patrol_behavior
0642E4,Smashable
064371,DEV_Door_Jail_Child
0646C4,stats_win
064DAB,potion_drinking_sound2
065007,BlacksmithHammer
065482,buff_win
065483,chicken_behavior
0656BA,RepairKit
0656D3,LootBag
065B76,flee_behavior
065E82,character_gen_win
065E92,character_gen_manager
0664C2,coward_behavior
0664C6,seek_protection_behavior
066969,character_face_gen_win
0677DC,Trap_ProximitySpike_OneShot
067DF0,LesserNiskaru_Type1_A
067DF1,LesserNiskaru_Type1
067FFF,M0_SQ06_FIN
068292,UI_State_MGR
06B103,OBJ_SQ01_WanderingWell
06B13F,Run
06B210,SQ01
06B220,Walk
06B223,Idle
06B583,SQ07
06B5AB,SQ08
06B7B0,QuestItem_SQ08
06B8CE,SQ07_BerebescuPedestal
06B99A,SQ04
06BC1E,SQ03
06BE53,SQ02
06BE98,Staff_SpendCharge
06C1DD,escort_player_behavior
06C4F2,SQ06
06C52E,Magic_Mana_Shield
06CD79,Atk_Swd_Talk
06CDB0,Volume_SQ06_Pool_of_Filth
06CDF8,Volume_SQ06_Egan_Dungeon1
06CDF9,Volume_SQ06_Egan_Dungeon2
06CDFA,Volume_SQ06_Egan_Dungeon3
06CDFB,Volume_SQ06_Egan_Dungeon4
06CEB7,SQ02_Volume01
06CEB8,SQ02_Volume02
06CEB9,SQ02_Volume03
06CEBA,SQ02_Volume04
06CEE7,OBJ_SQ06_HelmofTruth
06D07C,Volume_SQ06_Egan_Outside
06D179,Volume_SQ06_Dynwel_Ambient
06D266,SQ08_Hunter
06D268,SQ08_Lodge_volumes
06D31F,spell_custom_select_win
06D907,Lucern_Trap_Deactivation
06DC4C,SQ06_FIN
06E2C7,SQ07_FIN
06E51F,ReagentSource_SQ09
06F60B,SQ01_OBJ_Sweetrose
06F67E,item_slider_window_manager
06F86E,Summon_Niskaru
06F8AC,Invisible
06F931,TR01
06F961,TravelerMerchant
06F987,Travelers_camp_volumes
06FB54,SA01
06FB76,HM01
06FBBD,TR01_Stealth_Potion
06FC1B,OBJ_HM01_Lantern1
06FC1C,OBJ_HM01_Lantern2
06FC1D,OBJ_HM01_Lantern3
06FC4D,NPC_HM01_Familiar
06FCBA,HM02
06FCD7,TR02_BurusBoots
06FCDC,TR02
06FD46,SA01_Volume
06FEA4,DEV_TCM_TR02_Desk
06FEC9,QuestItem_TR02_AmetairLetter
06FF5D,TR02_AmetairsHouse
06FF79,OUT_DAL_North_01
06FF7A,OUT_DAL_North_02
06FF7B,OUT_DAL_North_03
06FF7C,OUT_DAL_North_04
06FF7D,OUT_DAL_South_01
06FF7E,OUT_DAL_South_02
06FF7F,OUT_DAL_South_03
06FF80,OUT_DAL_South_04
06FF81,OUT_DAL_West_01
070193,Volume_HM01_MercyLodge_Guards
07043B,TR_Shell
0707E7,TR01_FIN
07090F,Alchemy_Potion_MagicStealth01
070AEB,DGN_CAV_GapingalCaverns
070B0D,SA02
070BF1,investigate_sensory_input
070E06,SA01_fin
070EB7,KV01_FIN
070EFF,TR21
071227,TR01_JailVolume
07138E,DEV_TR02_AmetairContainer
07138F,NPC_DAL_See_Ametair
071390,SA_SunStone
0713A2,NQD_Village_Gloaming
0713A4,NQD_Village_GloamingGibberish
0713C8,Item_FaeboKey
0714FD,TR02_FIN
07150A,Vista_Object
07152E,KV_NQD
0718EB,Enemy_HM01_Beast
0718F3,QuestItem_HM01_SignetRing
0719B9,mockup_win
0719BF,TR02_ArduathVolume
071A46,DGN_HOL_Gorguath
071AFF,QuestItem_TR01_JailKey
071BE3,Volume_HM02_Speech
071C46,Volume_HM02_King_Returned
071C4E,SA01_SpriteChampion_Niskaru
071D0C,TMP_EntranceOrb
071D19,Volume_HM01_Ficon_Greeting
071D1B,Volume_HM01_Spawn_Beast
0720FA,QuestItem_TR02_StinkyStuff
07230A,HM03
07230C,HM04
07230E,HM05
072310,KV03
072321,TR03
07237F,SA03
07238A,QuestItem_TR03_OrnateBox
07238B,QuestItem_TR03_Schematics
072429,TR03_StebicLab
07242A,TR03_Jottun
07243B,WardedObjects
0724F5,DGN_CAV_BrigandHallCaverns
0728AD,SA03_Trap
072971,Smashable_DeletedOnDeath
072A58,DGN_HOL_Uduath
072BD9,TMP_TR03_TalkingOrb
072D4C,SA03_FelsNote
072D4D,ItemSource
0731D5,PressurePlate
0733B9,PressurePlateRepeating
0734F2,LesserNiskaru_Type1_NoEmerge
07351D,SA04_BarghestHeart
07351E,Object_HM04_MirrorFragment_1
07351F,Object_HM04_MirrorFragment_2
073520,Object_HM04_MirrorFragment_3
07357E,SA_FrostStone
073587,SA04
0737AF,DelayedDoorClose
0738DB,KV04
073944,TR05
0739C7,Volume_HM04_Maid
073ABD,Trap_TimedSpike_i0000d4000
073ABE,Trap_TimedSpike_i1250d4000
073AC0,Trap_TimedSpike_i2500d4000
073AC1,Trap_TimedSpike_i3750d4000
073BA7,TR05_PhasmerHumm
073BA8,TR05_LocketRoom
073D58,QuestItem_TR05_RentInvoice
073DEB,TR05_EternalFrost_SwordTalents
074365,QA_AutoSpawner
0745DC,SA04_EngarsNote
0745F1,Muffin_HealthManaBoost
0745F4,Muffin_XPBoost
0745F9,SA04_Letter
0745FB,Muffin_HealthPoison
0745FC,Muffin_ManaBoost
0745FE,Muffin_HealthBoost
074B1F,Volume_HM05_MaidsKingdom
074B2E,magic_select_win
074DD4,TMP_TR03_ArrivusEngine
074DD5,TMP_TR03_ArrivusEngineBroken
074E17,book
075118,Quest_Item
075119,unique_npc_callbacks
07511A,unique_item_callbacks
07515B,KV04_AmbushLoc1
075374,HM_NQD
0757C2,Atk_Counter
075BC3,KV05
075C01,Generic_Crime
075C46,KV05_ContactArea
075D0F,Dagger_Backstab
075E22,destiny_alert_win
075E92,TR03_FIN
075F54,Item_Map_CaerDrya
07636C,stealth_reaction_behavior
076611,SA05
0767BA,SA_StormStone
076954,INT_DAL_GuelmuinLodge
07699B,level_up_reminder_win
076C2D,INT_DAL_Canneroc_Inn
076DD4,QuestItem_TR05_LacyBloomers
077323,TR05_FIN
0773D7,SA03_jailvolume
077420,TR05_InvisibleWall
077476,Interactable_Statue
0776A3,INT_DET_Adessa_KV04House
077975,Container_XP
077AE7,DEV_DialogTestQuest
077BB1,TR05_HouseVolumes
078392,LoadDoorWell
078532,Dagger_Backstab_Sync
0785D6,KV06
0787E7,KV06_Tome1
078944,PressurePlateInstantiate
078948,HeroShrine
078B27,TR06
078CDD,CaerDrya_PressurePlateInstantiate_Chest_1
078F80,FFQ03
078F81,QuestItem_TR06_JemsheeShard
078F82,OBJ_TR06_DunoroghHead
078F83,NPC_KLU_TR06_LordOfBeasts
079086,QuestItem_TR06_ElixirInstructions
079099,OBJ_TR06_AncientCoffer
0790A4,SA_NQD
07982E,HM06
079830,HM07
07A2AD,Dagger_Backstab_Sync_Human
07A6F3,TR07
07A725,Volume_HM06_Maid
07A79C,KV07
07A806,Object_HM06_Prismere_1
07A807,Object_HM06_Prismere_2
07A808,Object_HM06_Prismere_3
07A809,Object_HM06_Prismere_4
07A80A,Object_HM06_Prismere_5
07A80B,QuestItem_TR07_WaterOfNullFull
07A97E,Object_HM06_BellRope
07AA48,TR07_HallVolume
07AA49,QuestItem_HM06_Prismere_Fife
07AB14,DEV_TravelersCaravan
07AB8A,SA06
07AE26,Volume_HM07_Maid_Entrance
07AE27,Volume_HM07_Maid_End
07AE2A,Volume_HM06_Quest_End
07AEB5,TR08
07B2F6,Interact_Brazier
07B37D,tr06_kladmuin_mid
07B45E,OBJ_TR06_FlowControl
07B4B6,TR08_CathedralVolumes
07B4B8,OBJ_TR08_Torch
07B525,obj_tr06_hiddendoors
07B577,Interact_Brazier_StartOn
07B673,AlchemyRecipes
07B77F,TR06_KladmuinVolume
07B79F,ParentUtils
07B8A0,OBJ_TR08_Latrine
07BA46,React_Crumple
07BCEF,OBJ_SA06_Brazier
07BCF7,SA06_Troll
07BE6F,SA08
07BE76,SA08_StoneInteraction
07BE7A,SA08_FrostStoneInteraction
07BE7B,SA08_StormStoneInteraction
07BE7C,SA08_SunStoneInteraction
07C054,NPC_DET_STR_Shivanil_Ermanar
07C084,Sign_Destination_Fast_Travel_Point
07C0EE,SQ51
07C330,SA08_Volume
07C563,SA06_ArchsageBodyInteraction
07C714,Troll_Charge_Loop
07C958,FFQ04
07C95B,SagecraftGem
07C97B,SagecraftAltar
07CBB0,TR08_Trespass_Volume
07CCE7,button_tree
07CCF5,U01
07CD7D,DEV_SwordWithSlots
07CE08,U01_Reagent
07CEDC,OBJ_TR07_PuzzleBrazier
07D155,U02
07D64E,Trap_EnemyProximity
07D90F,U02_fin
07DBBA,DestroyObject
07E42F,U02_book
07E4DE,socket_win
07E6C9,DGN_CAV_StonecandleMines_JottunPathTrigger
07E8B1,OBJ_FFQ04_AnimalBust
07E8B2,Usability_SagecraftGem
07EA14,Fae_Circle
07EA2F,SQ15
07EEB9,SQ15_OverhangVolume
07F3EA,Trap_SetTargetClosest
07F42E,SQ10
07F6B0,SQ23
07F6BF,SQ13
07F897,SQ19
07F98F,SQ16
07FAC3,SQ16_CannerocVolumes
07FCF5,SQ12
0804F0,SQ17
080562,KV09_VlaskarsForge
080568,OBJ_SQ17_HiddenEntrance
080618,SQ17_YolvanVolumes
080A1A,Objects_SQ12_Nanne_Smashables
080B5D,Magic_GrapplingHook
080C22,SQ21
080D0D,KV10
080D50,OBJ_Tearscotter_Rock
080D8A,PickupItem_PARENT
080F07,SQ18
080F08,SQ18_SpiderEgg_Smashable_DeletedOnDeath
08110D,SQ14
0812B2,SQ11
081349,SQ18_CathrusVolumes
081CCB,FFQ05
081EC5,OBJ_FFQ05_Ossuary
081EC9,KV10_Smashable_MagicPillar
0822C1,KV10_ReachedSummit
082308,Magic_GrapplingHook_Pull
0823B5,SQ22_smashablethrone
0823B7,SQ22
082423,NPC_Base_Teleport
082644,teleport_behavior
082668,SQ18_FIN
082AA5,summoning_behavior
082AA7,summon_ally_behavior
082AA9,heal_summoned_ally_behavior
082F9E,crafting_patterns
083108,NQD_FriendlyEncounters
0832DA,level_banner
083380,NPC_Base_Heal_Summoned_Ally
083B01,OUT_DGN_CrownOfClouds
083CBD,lockpick_win
083E45,KV10_Summit_TineStartVol
083EAD,FFQ07
08407D,KVSQ02
084129,timer_win
0842C2,Atk_ShieldParry
084476,DGN_STR_ThroneofSorrows
0844C8,RegionBoundaryApproach
0845D5,clowncarencountervolume
0845D6,krutsactivesummoningencounter
0847B6,sagecraft_win
084B9A,DMO_SwimmingVolume
084C4A,troll
084E12,HP_B1
084E14,SQ25
084ED0,OBJ_SQ25_StrangeDevice
084F22,SQ25_PringilVolumes
0850B2,Lore
0851CE,EncounterBehavior_ApproachPlayer
0853C2,SQ26
0854B1,HP02
08565A,SQ26_volumes
085D0B,SQ27
085E84,dispel_win
085EB0,SQ27_Summon_Runnelskirt
085EEE,SQ27_volumes
0862AD,MQ02
0862D0,SQ29
0864EE,FFQ08
0866F9,OBJ_FFQ08_Windstone
086808,SQ29_ASE_CulnCenter
086809,FFQ08_FIN
086810,FFQ08_volume
08681C,MQ_NQD
086980,FFQ09
086A40,OBJ_FFQ09_Cache
086A93,FFQ09_volume
086C72,HP_NQD
086D90,DGN_CAV_BrandyCove
08703B,MQ02_HuguesToAgarth
087153,Canneroc_NQD
0878B2,MQ02_LeaveAllestar
087A7F,MQ02_Assassin1
087A85,MQ02_Assassin2
087B3C,Volume_HP02_CallorCinematic
087B7A,MQ03
087B7C,MQ04
087C1C,Volume_HP02_QuestEnd
087CC5,Ettinmere01_volumes
088026,SQ36
088151,SQ30_FIN
0881BB,HV01
08823A,MQ_YumyCodex
08823B,MQ_YumyDestinyStone
088556,DGN_STR_CastleDusk
0885F6,MQ03_Assassin1
088638,forge_win
08874D,Ribbon_MGR
088869,DGN_STR_Kandrian
08886C,Vista_Object_DAL_NORTH_03
088997,vignette_no_player_control
088A26,talent_is_day
088A28,talent_is_night
088B1D,ScriptLink_ChoiceBox
088DA6,Boggart
088FF4,HV_NQD
08911D,MQ03_Assassin2
089341,MQ03_LeaveYumy
089707,MQ_ScryingMirror
089729,MQ04_ReachCave
089AA8,MQ05
089C77,mq04_dungeonbridgearchers
089C78,obj_mq04_monsterrelease
089CF8,MQ04_ReachCave_Melee
089CF9,MQ04_ReachCave_Sneak
089ECA,obj_firespewer
089F18,skill_book_stealth_01
08A0CC,skill_book_lockpicking_01
08A185,HV02
08A814,OBJ_SQ31_Lattice
08A835,SQ31
08A916,MQ05_Smashable_Dam_Support
08AA2F,MQ_YsaDestinyStone
08AA78,damage_text_mgr
08AA89,SQ31_Volumes
08AD70,DGN_CAV_Coilsbain
08AD75,VS_MiningDoor
08B129,npc_aggro_manager
08B19A,diversion_item
08B225,sq31_prisoncells
08B2E1,MQ06
08B2E3,MQ07
08B2E5,MQ08
08B65F,Boggart_StartHidden
08B84F,Talent_IsPlayerNear
08BA43,HV03
08BDCD,HV04
08C056,Activity_SmashStuff
08C362,SQ34
08C593,HV06
08C7A4,NPC_DET_GNO_Manon
08C864,trap_diversion
08CAC1,Niskaru_Getup
08CB60,SQ46
08CBB6,SQ35
08CBFD,SQ35_Volumes
08CC67,OBJ_SQ35_Pile
08D202,MQ05_Troll_Gnarsh
08D206,MQ05_EnterYsa
08D208,SQ46_FIN
08D757,SQ44
08D7BE,SQ44_GhostBarghest
08DA41,MQ06_FateSpirits
08DB52,SQ44_FIN
08DC99,SeekerBoard
08DD0B,Sync_Finisher_PreReqs
08DD35,Sync_Finisher_PreReqs_DEMO_HACK
08E0D4,vs_bink_window
08E1C4,KV06_TomeVol
08E1F1,Sync_Backstab
08E678,HV07
08EADE,npc_bark_manager
08ED4E,DEV_Swimming_in_Syl
08EECE,MQ07_Lab_Notes
08EFC5,score_win
08F451,DEV_Syl_Doors
08F478,MQ07_Lab_Notes_2
08F479,MQ07_Lab_Notes_3
08F6FC,ASE_Gloamthicket_Room_Trap
08F829,FP01
08F880,FP01_Volumes
08F9A8,ASE_Door_Trap_PARENT
08F9A9,ASE_Door_Trap_Drachus_01
08FA63,SQ54
08FA75,ASE_Door_Trap_Drachus_02
08FDA3,Volume_SQ54_AmbardMine
08FE06,ASE_FP01_BoggartWaves01
08FE07,ASE_FP01_BoggartWaves02
08FE08,ASE_FP01_BoggartWaves03
08FE26,forgecomponent
08FE94,SmashablePod_DeletedOnDeath
08FEB1,SQ54_FIN
08FEB3,Volume_SQ54_Grundi
08FEB4,NQD_Village_Whitestone
08FEFA,FFQ51
08FF4A,Sprite
08FF4B,SpriteChampion
08FF58,SpriteChampionStorm
08FF59,SpriteChampionFrost
08FF5A,SpriteChampionFlame
090056,MQ09
09005A,MQ10
09005C,MQ11
090061,MQ13
090063,MQ14
090065,MQ15
090067,MQ16
09006A,MQ17
090080,SQ61_QuestIntroVol
090081,SQ61_SparrowsNestVol
0900B2,SQ61
09018C,DGN_HOL_Gilledair
090207,SmashableCocoon_DeletedOnDeath
090487,SQ52
090597,SQ57
0905A5,SQ52_Outlaw_Miners
0905AC,Volume_SQ52_CharnokQuarry
090801,MQ07_Assassin1
090A2D,SQ57_Volumes
090A8D,SQ53
090B50,MQ07_GnomeStart
090B93,SQ52_53_NQD
090C42,xp_manager
090E6F,Volume_SQ53_SkoriaMine
090FEC,SQ58
090FEF,Interact_Teleport
090FF2,ASE_SQ61_OrwinAttack
090FFC,Smashable_PrismereShardDeletedOnDeath
090FFE,Smashable_PrismereBeamDeletedOnDeath
090FFF,PrismereBeam_Volume
09107D,Interact_MagicSuppressor
091099,SecurityDoor
0910BE,activitynpcconversation
09132E,SQ62
091381,Object_SQ53_Ore_Deposit
09143E,SQ62_DuelingSword
091464,ASE_UnseelieGuards_2x3_1
0914BE,MQ07_Assassin_Trigger
0914CB,OBJ_SQ58_EilalyDesk
0914CC,OBJ_SQ58_MontainelDesk
091503,SQ62_Walen
09151B,ASE_UnseelieGuards_2x3
0915C3,ASE_UnseelieGuards_2x3_2
0915C4,ASE_UnseelieGuards_2x3_3
0915C8,SQ61_SparrowsNestInnerVol
091728,DOOR_Midhil_Entrance_Puzzle
0917E3,MQ09_Chime
0917F9,ASE_Door_Trap_Midhil_01
0918AB,MQ08_Journal
0918FF,NQD_City_Rathir
09190B,SQ62_RewardChest
09192C,SQ59
0919B2,MineExplosion
091C5A,MQ08_EnterLab
091E57,SQ55
091E72,SQ59_Volume
091E9D,destiny_manager
091E9E,FFQ999
09206E,fateweaver_win
09212B,SQ60
09213A,OBJ_SQ60_Equipment
092268,SQ60_Volume
09229E,ASE_SQ60_RatEncounter
092449,ASE_SQ60_LoutreEncounter
092498,SQ56
092591,SQ63
0925F7,SQ63_Herb
09265F,Sceptre_StartAiming
0926A1,Trap_Thorn
0926D9,FFQ998
0926EF,DGN_HOL_Adarus
092783,ReactiveDoor
0927EB,Object_SQ56_FaeSpeakstone
0927EF,Object_SQ56_Offering
09291E,FP02
092D2C,MQ09_Windstone
092D2F,NPC_Trainers
092F08,ASE_FP02_CacheEndEncounter
092F09,ASE_FP02_CachePuzzleEncounter
092F0A,FP02_Volumes
092F2E,SQ56_FIN
0934B0,Rune_Parent
093645,RuneCast
09371C,interact_faememorial
093783,Volume_SQ55_Crossing
093784,Volume_SQ55_End
093794,Volume_SQ55_Pura
093CE5,ward_faecurse
094392,_actorstate_not_bow_aim
0946A0,MQ10_LeaveRathir
094713,Trap_PoisonWater
094714,Trap_PoisonPuddle
0947B2,faeburial_runestone
094892,Volume_SQ54_Hrindi
094A03,MQ10_LeaveUrulTusk
094C28,Magic_Lunge
094D5F,dgn_cranalt_toxicslurry
094EDE,ASE_FP02_CachePuzzleEncounter_02
094EDF,ASE_FP02_CachePuzzleEncounter_03
094EE0,ASE_FP02_CachePuzzleEncounter_04
095352,DEV_Unibox_Healer
09550B,SQ69
09551C,SQ66
095547,KV01
095562,spell_cast_win
095598,Crime_Trespass_Warn
0955A2,MQ11_Find_Knave
0955A3,MQ11_Find_Titarion
0955A4,MQ11_No_Cydan
0957B9,OBJ_TR01_Door
095893,chulskiquest
0959B2,trespass_behavior
0959B4,trespass_warn_behavior
095ACD,KV01_ASE_Niskaru
095ADA,MQ01
095B85,repair_win
096490,Volume_SQ66_Entrance
096491,Volume_SQ66_Ridge
09684D,Lever_SQ66_ThroneRoom_Lever
0968E7,U03
096D8C,Rune_Disarmed
096FA7,Secondary_StunExit
096FB0,trespass_announce_crime_behavior
096FC9,Crime_Trespass_Crime_Announce
09702E,Volume_HM01_Speech
097096,KV03_ASE_Niskaru1
09712D,predefined_character_templates
097171,auto_leveling_utilities
097423,npc_base_summon_ally
097568,Volume_HM03_Farrara
097569,HM02_Uduath_Farrara
0975DA,Volume_HM03_Bloody
0976B9,FP03
0978F3,SA01_TrialEntrance
097C34,FP03_Volumes
097C53,Volume_HM04_Etair
097DD5,KV04_ASE_Assassins1
097DDE,FP04_
097DE9,KV04_Volumes
0980E5,tester_locations
0981AB,FP04_volumes
0981E3,Door_HM03_Dungeon_1
0981E4,Door_HM03_Dungeon_2
0981E5,Door_HM03_Dungeon_3
0981E6,Door_HM03_Dungeon_4
0981E7,Door_HM03_Dungeon_5
098481,FP05
0988F1,OBJ_FP05_LiquorCollection
098917,KV05_Volumes
0989C3,KV05_ElbinMeroch
0989E8,Volume_SQ06_Egan_1
0989E9,Volume_SQ06_Egan_2
0989EA,Volume_SQ06_Egan_3
0989EB,Volume_SQ06_Egan_4
098A98,FP05_volumes
098B3D,Volume_HM02_Tenhwa
098B3E,Volume_HM02_SundurCaverns
098DA5,INT_CTY_Rathir_OfficeOfTrade
098EF3,Volume_HM02_Maid
098FCD,DGN_STR_RathirCatacombs
099301,KV05_ASE_HuellFinale
09938A,MQ13_lorestone_01
09938B,MQ13_lorestone_02
09938C,MQ13_lorestone_03
09938D,MQ13_lorestone_04
09938E,MQ13_lorestone_05
099416,MQ13_LeaveGhennig
099745,SQ67
0997CB,KV05_ASE_Thugs
0998AA,SQ67_Brother
099ACD,NPC_Boggart_Plaguebearer_Disease_Chance
099BD4,Door_SQ66_Cell_1
099BD5,Door_SQ66_Cell_2
099BDA,Door_SQ66_Cell_3
099C15,SQ67_Volumes
099C85,SQ67_Audra
099DC9,NPC_ServiceProviders
09A0B5,SQ65
09A1C1,SQ67_CurseMonster
09A1C5,DestroyObject_OnStart
09A616,KV01_TrackingVol
09A68F,TR02_Room01
09A690,TR02_Room02
09A691,TR02_Room03
09A692,TR02_Room04
09A693,TR02_Room05
09A6A5,MQ14_Well
09A6A6,MQ14_Defense_1
09A6A7,MQ14_Defense_2
09A6A8,MQ14_Defense_3
09A6D1,MQ14_Laz_Ambush
09A7E8,Secondary_StunEnter
09A871,Volume_SQ65_Hero
09A872,Volume_SQ65_Itain
09A888,Reckon_MashCounter
09A8FA,Reckon_MashReq_Small
09A972,Reckon_MashReq_Large
09A973,Reckon_MashReq_Medium
09A974,Reckon_MashReq_Start
09AABC,Secondary_IncapacitateExit
09AACA,MQ14_Laz_Ambush_Trigger
09AACB,MQ14_Meet_Alyn
09AB1C,reckoning_start
09AB5A,SA02_AodhEndVolume
09AF91,NPC_DAL_SEE_Ametair01
09AF92,NPC_DAL_SEE_Ametair02
09AF93,NPC_DAL_SEE_Ametair03
09AF94,NPC_DAL_SEE_Ametair04
09AF95,NPC_DAL_SEE_Ametair05
09B03F,reckoning_exit
09B361,MQ14_Alyn_In_Tower
09B362,MQ14_Vent_Meet_Trigger
09B398,strafing
09B3DB,SQ01_Wolf_Transform
09B8E5,DiagonalSlice_U01_Workbench
09BDD9,door_applynointeracts
09BEFF,PlayerStartingInventory
09C0EB,FP06
09C127,Secondary_StartSheath
09C144,Secondary_RequiresCasterTarget
09C175,Fate_Shift_Mash
09C176,fate_shift_start
09C19B,State_Interrupted
09C19C,State_Launched
09C19D,State_Staggered
09C279,newspaper
09C298,FP07
09C2C5,KV06_Volumes
09C3F3,Gorhart_NQD
09C463,_actorstate_not_fate_mash
09C485,chest_hidden
09C4D1,pjml_mgr
09C77B,FP06_Monster
09C85E,MQ15_EnterField
09C85F,MQ15_ApproachField
09C860,MQ15_Alfar_Attack
09C861,MQ15_Alfar_Support
09C862,MQ15_Pride_Attack
09C91E,MQ15_EnterHouse
09CA93,MQ15_AlfarAttack
09CBAC,ase_tr05_end01
09CBAE,ase_tr05_end_02
09CBB4,dgn_str_melmuir_stealthpenalty
09CF31,LelandPost_NQD
09CFC8,dgn_str_melmuir_finaldoorcontroller
09CFE2,obj_melmuir_lever
09CFF8,trap
09D14A,Atk_Bow_AoE
09D261,obj_melmuir_lever_2
09D681,FFQ10
09D6BC,OUT_KLU_EamonsIsle
09D731,Lorestone
09D825,FP06_Rune
09D858,OBJ_FP06_Lever
09D861,FP06_Volumes
09D86C,ASE_FP06_FaeWave
09D99D,KV07_Volumes
09DEE3,Glendara_NQD
09E186,DGN_ERU_VlaskarsForge
09E1C8,MQ16_ArriveAmethyn
09E1CA,MQ16_ArriveVengeance
09E1CC,MQ16_EnterVengeance
09E1CE,MQ16_GadflowBody
09E1D0,MQ16_GadflowTaunt_1
09E1D2,MQ16_GadflowTaunt_2
09E1D3,MQ16_GadflowTaunt_3
09E4F6,MQ16_LeavePride
09E597,MQ16DoubleDoor
09E656,OBJ_FP07_DreamBracer_A
09E658,OBJ_FP07_DreamBracer_B
09E659,OBJ_FP07_DreamBracer_C
09E65A,OBJ_FP07_DreamBracer_D
09E87F,U03_Fin
09EA15,Volume_HM05_Airor
09EA16,Volume_HM05_Maid
09EA17,HM05_Airor
09EAA2,run_slope_lean
09ECFA,FP08
09ED25,INT_DAL_WarswornChapterHouse
09EDBB,escort_behavior
09EED5,Sprint_Slope_Lean
09F309,niskaru_hunter_respond_to_bleeding_behavior
09F34C,niskaru_hunter_respond_to_noise_behavior
09F34E,niskaru_hunter_respond_to_peripheral_sense_behavior
09F35A,FP07_Volumes
09F35B,FP08_Volumes
0A0060,Volume_HM06_Sagrell
0A07E3,Volume_HM05_Hallam_Move
0A0BD5,MQ17_StartTirnoch
0A0BD6,MQ17_TirnochBoss
0A0EC7,Volume_HM07_Belmaid
0A0EC8,Volume_HM07_Farrara
0A107E,TR06_DoorA
0A107F,TR06_DoorB
0A1080,TR06_DoorC
0A1081,TR06_DoorD
0A1082,TR06_DoorE
0A1084,NQD_Village_TirinsRest
0A1231,TMP_TestDialogueQuest
0A1423,alchemy_cure_disease_potion
0A1468,Volume_HM07_Courtyard_Door
0A146D,HM07_Courtyard
0A1886,Volume_HM07_Wencen_Leave
0A18A3,TR06_Rune
0A1C25,TR20
0A1C27,Atk_Parent_Weapon
0A1D6B,TR06_Aife
0A1D8E,Sheath_SingleWeaponOn
0A1D8F,Sheath_SingleWeaponOff
0A1E95,FFQ13
0A1FEC,U03_Door
0A2040,DGN_CAV_CrownofClouds
0A23FA,KV10_Smashable_GateSeal
0A2402,KV10_Volumes
0A243C,KV10_ASE_Finale_Mages
0A243D,KV10_ASE_Finale_Niskaru
0A24DE,U03_Enter_Room
0A25A4,FFQ14
0A25AD,button_mash_win
0A2693,DGN_CAV_CrownofCloudsExterior
0A2947,U03_Enter_Didenhil
0A2AF0,EAVS_TriggerTrollCaveIn
0A2CE5,U03_Leave_Coilsbain
0A2CEB,U03_Troll
0A2F23,U04
0A3588,HM07_MaidofWindemere
0A35CB,vignette_with_fate_ui
0A3871,Smashable_DropGold
0A3A8E,KV10_FIN
0A3D35,Stash
0A42FA,react_reckoning
0A436B,ReagentSource_Bee
0A436C,ReagentSource_Crystal
0A436D,ReagentSource_Mushroom
0A436E,ReagentSource_Plant
0A4B5C,U04_book
0A4F1D,ReagentSource_Picked_U01
0A5961,MQ02_Hugues_Move_02
0A5962,MQ02_Hugues_Move_01
0A5CCF,guard_despawn_behavior
0A5CE7,guard_defeat_player_behavior
0A5CF4,guard_seek_wanted_player_behavior
0A5CF9,guard_goto_crime_location_behavior
0A5CFB,guard_investigate_crime_location_behavior
0A5F7C,guard_approach_to_arrest_behavior
0A6188,Volume_SQ06_Finna
0A634F,ASE_TR08_Gnomes1
0A64AB,Volume_SQ06_Dynwel
0A6ABF,Object_SQ07_Altar
0A6CBA,SQ04_Volumes
0A7138,ASE_SQ15_Barghests
0A7139,ASE_SQ15_Boggarts
0A76B2,NPC_Base_Suicide_Charge_Loop
0A76B7,NPC_Base_Suicide_Charge_Attack
0A76CC,NPC_Base_Suicide_Charge_Attack_Detonate
0A7AF3,buff_utils
0A8151,ASE_SQ16_Spiders
0A824D,Tripwire
0A8271,SQ14_Volumes
0A8443,Trap_CaveIn
0A889F,MQ03_AtFate
0A88A0,MQ03_EnterInn
0A88A2,MQ03_LeaveAllestar
0A88B7,MQ03_Niskaru
0A88D4,LS02
0A8B9E,SQ23_Itran
0A8BB1,SQ23_Ugnar
0A8BBC,Volume_SQ23_Itran
0A8C9A,citizen_report_crime_behavior
0A8C9C,citizen_shout_to_report_crime_behavior
0A8C9E,citizen_goto_report_crime_behavior
0A8CA3,MQ03_LeaveInn
0A8CDD,Crime_Shout_For_Guards
0A8E36,Door_NoInteract
0A91BE,Object_PlayerMirror
0A9206,Volume_SQ23_Ugnar
0A963B,SA03_MorkanConversationVolume
0A9937,KORE_Automation
0A9A1B,Volume_SQ23_Red
0A9BE4,SQ23_FIN
0A9D1F,KV03_Volumes
0A9E6F,SQ15_FIN
0A9E71,SQ08_FIN
0AA5D7,save_restore_win
0AA797,SQ13_ASE_Sprites_A
0AA7A0,SQ13_ASE_Sprites_B
0AA9BC,MQ04_EnterInn
0AA9BD,MQ04_LeaveInn
0AAE0E,SA04_CadocReenVolume
0AB0D8,Object_PotionCupboard
0AB224,Trap_Arrow
0AB26C,DGN_CAV_Shardfall
0AB67D,Door_JailExit
0AB6FF,Object_SQ12_Pedestal
0AB739,ASE_SQ12_Brownies
0ABA3B,MQ01_BurnRat
0ABA3C,MQ01_FaerGorta
0ABA3D,MQ01_FightRat
0ABA3E,MQ01_ShootRat
0ABA40,MQ01_StartRat
0ABC58,MQ01_End
0AC6AA,quest_billboard
0AC8AF,Volume_SQ12_Altar
0AC93A,CTY_Adessa_Prison
0ACFE1,Bed_Jail
0AD544,LS03
0AD626,ASE_SQ17_Spiders
0AD77B,FFQ15
0AD780,FFQ17
0ADE40,QA_Kitteh_TestQuest_01
0ADEA7,Emaire_NQD
0AE34B,OBJ_SQ18_TalkingDoor
0AE60E,SQ29_Volumes
0AEB0A,MQ05_Alyn_Ballads
0AF2FF,FFQ18
0AF31A,Ayten_NQD
0AF4A3,LS05
0AF4F9,ACF01
0AF4FB,LS06
0AFD92,SQ36_Volumes
0B1160,DEV_EscapePrisonQuest
0B130F,MQ06_MoveGuests
0B1332,MQ06_Alyn_Throneroom
0B1BAC,DGN_SplitrockDepths_NoLeashASE
0B2701,ASE_SQ18_CannerocSpiders
0B2918,Volume_HP02_Purta
0B299B,panic_behavior
0B2AAD,Volume_HP02_Aelita
0B2B4C,NQD_Region_Menetyre
0B2DA2,Door_OnVolumeClose
0B3113,tutorial_win
0B3130,Volume_HP02_Aelita_2
0B339A,player_ammo_manager
0B353B,FFQ20
0B353D,FFQ21
0B38BD,Trap_Avalanche
0B3AC5,ASE_FFQ21_Kobolds_1
0B3AC6,ASE_FFQ21_Kobolds_2
0B3AC7,ASE_FFQ21_Kobolds_3
0B3AF5,FFQ22
0B4176,sagecraftshard
0B4812,DGN_CAV_CharamsMine
0B4ADB,Random_30_chance
0B4B00,Random_75_chance
0B4B01,Random_50_chance
0B4D79,Ammo_DeleteOnDeath
0B4EE0,ASE_SQ26_Bell
0B4EE1,ASE_SQ26_Book
0B4EE2,ASE_SQ26_first
0B531A,ASE_SQ26_Camp
0B5537,Volume_SQ12_Nanne
0B57BE,Tutorial_Volumes
0B57DD,Tutorial_Jottun
0B57E5,Ability_Sustained
0B5817,Player_Weapon_Longbow_Idle_Enter
0B5C11,VMC_NQD
0B6466,Bolgan
0B6467,Leanashe
0B691A,OBJ_FFQ20_AsterStrongbox
0B698D,FFQ23
0B6996,FFQ24
0B6998,FFQ25
0B699A,FFQ26
0B699C,FFQ27
0B6B50,DGN_CAV_HunterPit_EntrySentry
0B6F55,Apotyre_NQD
0B6FD2,key
0B70B4,bag_inventory
0B70B7,FFQ23_A
0B70B9,FFQ23_B
0B70BB,FFQ23_C
0B70DB,WhitestoneWall
0B7174,LS08
0B71CC,FFQ29_ASE_RaiderCamp
0B7252,FFQ29
0B7276,Trap_ProximitySpikeSequencer
0B7296,ASE_FFQ23_Cynric
0B7297,ASE_FFQ23_Darkvari
0B7298,ASE_FFQ23_Zungar
0B72A8,Volume_FFQ23_Cynric
0B72A9,Volume_FFQ23_Darkvari
0B72AA,Volume_FFQ23_Zungar
0B781C,FFQ30
0B783B,FFQ30_KellaracsSword
0B78D5,character_data
0B809F,Trap_TimedSpikeSequencer
0B814F,magic_smokebomb
0B82B3,SA06_TempleInteraction
0B86F3,SQ30
0B8A8A,FFQ80
0B8F92,SA06_TempleInteractionEleanor
0B8F93,SA06_TempleInteractionElodan
0B8F94,SA06_TempleInteractionMarus
0B8F99,DGN_STR_DolveArne
0B93BE,SQ29_GateLever
0B9887,FFQ81
0B98F6,SA06_TempleVolume
0B996E,Volume_SQ52_Hall
0B996F,Volume_SQ53_Mayor
0B9B86,FFQ31
0B9B88,FFQ32
0B9B8A,FFQ33
0B9B8C,FFQ34
0B9E75,OBJ_FFQ32_ImeldaGrave
0BA002,general_npc_callbacks
0BC0F3,magic_tempest_charge
0BE394,DGN_STR_Virki
0C0E47,SQ29_FIN
0C4447,Volume_SQ53_Adath
0C8529,Volume_SQ53_SkoriaMine_Entrance
0CAF29,Trap_ProximitySpikeSequencerSlow
0CDD9C,FFQ33_FIN
0D19F2,CTY_Rathir
0D3697,FFQ34_Volume
0D5CD6,FFQ33_Volume
0E2069,Tutorial_Bandit
0FD048,player_parry
108AE1,FFQ_Tywili_and_Galafor_Volumes
111D07,dgn_cav_luckymine_fires
115636,INT_POE_ArchsageDreamworld
118D24,MQ04_start
118DAE,MQ02_start
11C309,FFQ35
11C33A,FFQ36
1281AC,incapacitate_enter
12E797,atk_sceptre
12E7EC,TR06_DoorClose
12E7ED,TR06_DoorOpen
12E86B,MQ10_EnterRathir
12F093,OBJ_FFQ35_ToghBody
12F0CA,SQ41
1308E1,Ettin
130EDD,ranged_target_win
130F94,FateManager
13101B,DGN_CAV_BurrenCove
1317AD,SQ50
131B3F,MQ11_Agarth_Bristlethorn
131BF1,Sidhe_NQD
131C63,MQ11_Agarth_to_Cydan
131C64,MQ11_Tuatha_Cydan
131C6B,SQ75
131C74,SQ75_Volume
131E0A,SQ15_Volume
131E99,NQD_City_Adessa
132039,fate_shift_generic
132090,MQ11_Agarth_Drendhil
132091,MQ11_Agarth_to_Whelp
1322A4,OUT_POE_North_03
132309,skill_book_sagecraft_01_Alternate
132384,MQ11_Leaving_Drendhil
132620,SQ83
132E84,SQ84
132ED7,OBJ_Canneroc_Silkbag
133432,Trophy
13397B,Valor_1vM_Easy
13397D,HV_Arena
13398D,OUT_DET_HouseOfValor_Grounds_Arena
133B5E,SQ47
133BAA,SQ49
133C18,SQ76
134436,SQ77
1344DF,Glendara_Volumes
134FDB,CTY_Adessa_TRAN_Bridge
134FDC,CTY_Adessa_Walls
135100,CTY_Adessa_The_Isles
135265,ENC_U04_FearGorta
135E34,SQ86
136494,Object_StOdwigs_CollectionBowl
136570,Adessa_BankEnforcers
1368F8,MQ13_Chantry
136ADB,SQ87
136ADD,SQ85
136AE3,SQ88
136BE9,SQ89
136E3F,Sorcerer
136EA8,Adessa_PrestersPath
136EA9,Adessa_PrisonExit
137105,QuestSmashable_SQ89_Contraband
137179,FFQ47
137636,OBJ_TR07_PuzzleChest
137725,MQ13_Guards_1
137726,MQ13_Guards_2
137727,MQ13_Guards_3
137879,SQ03_Shrine
137AAA,Volume_StOdwigs_Mission
137E88,Volume_Gorhart_Corpse
137EF3,MQ13_Approach_Group_1
137EF4,MQ13_Approach_Group_2
137EF5,MQ13_Approach_Group_3
138076,NQD_Village_Didenhil
1382BD,SQ02_BookshelfInteraction
138BE0,SQ02_GraveInteraction
1390E1,npc_startsdead
139134,Lever_Std_Multitarget
13913C,MQ14_FaeTravel
139149,obj_melsenshir_ballista
13930D,SQ02_CrownInteraction
139AE8,obj_melsenshir_siegeladder
139B42,smashable_melsenshir_laddersupport
13A012,MQ14_Leave_Sorrows
13A101,SQ02_KeurigShasterVolume
13A16E,trap_diversion_nocountdown
13A26F,QA01
13AA7B,enc_melsenshir_ladder
13AAAD,enc_melsenshir_crossbattle
13AACF,MQ14_At_Door_Talk
13AAD1,MQ14_At_Walk_Talk
13AAD4,MQ14_Tower_Talk_Trigger_1
13AAD5,MQ14_Tower_Talk_Trigger_2
13AE79,CTY_Adessa_GoldenWheel
13AE7A,CTY_Adessa_BarterRow
13AF6E,melsenshir_prisonerrelease
13B0C0,melsenshir_firstladder
13B0C1,melsenshir_secondladder
13B242,Adessa_SparringGorta
13B256,Adessa_Container
13B27E,balor_arm
13B281,Adessa_Container_Average
13B282,Adessa_Container_Easy
13B283,Adessa_Container_Hard
13B284,Adessa_Container_VeryEasy
13B285,Adessa_Container_VeryHard
13B55C,DrownedForest_Volumes
13B5A3,balor_spawn_arm
13B7A4,DGN_STR_CastleBonnlach
13B97B,OBJ_SQ57_Firestarter
13B9E5,NQD_Region_DrownedForest
13BA84,SQ36_Flower_Source
13BBA2,NarrativeSpaceBoundaryApproach
13BC85,CTY_Adessa_PapyrusHouse
13BC99,INT_DAL_Didenhil_Inn
13BC9A,INT_DAL_Didenhil_Healer
13BD11,OUT_KLU_West_02
13BD34,SQ51_Beacon
13BD54,SQ78
13C572,lockpicking_minigame
13C583,balor
13CC4A,SQ79
13CC63,NQD_Followers
13CDF8,melsenshir_2ndstage
13CE2C,ENC_SQ79_1
13CE2D,ENC_SQ79_2
13CE2E,ENC_SQ79_3
13CE2F,ENC_SQ79_4
13DACB,melsenshir_firstbalorattack
13DACC,melsenshir_secondbalorattack
13DACD,melsenshir_secondbalorattack_broadcast
13DB58,bogeyman_combat_behavior
13DB5E,bogeyman_ranged_combat_behavior
13DC05,U03_IntroBoggart
13DC06,quadruped_slope_lean
13DF3E,NPC_Bogeyman_BeamGaze
13E02A,enc_melsenshir_reinforcements
13E02B,MQ15_soldier_die
13E891,FFQ49
13E956,enc_melsenshir_crossbattle_3rdstage
13E9E8,MQ15_Pride_Taunt_1
13E9E9,MQ15_Pride_Taunt_2
13E9EE,MQ15_Pride_Taunt_3
13E9EF,MQ15_Pride_Halt
13EC6C,NiskaruHunter_StartHidden
13F3D1,Allestar_NQD
13F3F2,FP_NQD
13F7C1,SQ09
13FBB6,NQD_Region_Hollowlands
13FC7F,ward_faecurse_summon
13FC98,SQ44_Volumes
13FD67,SQ97
13FE0A,SQ100
13FE3A,SQ102
13FE49,SQ103
13FE4D,SQ104
13FE5F,SQ80
13FE63,SQ82
13FE6F,SQ91
13FE75,SQ92
13FE80,SQ93
13FF97,FP02_Encounters
140036,ENC_SQ102_1
140037,ENC_SQ102_2
140038,ENC_SQ102_3
140039,Volume_SQ102_Camp
140535,Kandrian_NQD
1406DD,TMP_NA_QA_Will
1408CB,Volume_SQ102_Aluck
1409A1,Volume_SQ102_Village
140AC8,TwilightPass_NQD
140B1A,SQ105
141337,FFQ52
141553,Hollowlands_MotusJobBoard
141BBB,Objects_SQ103_Orb_1
141BBC,Objects_SQ103_Orb_2
141BBD,Objects_SQ103_Orb_3
141E85,ENC_SQ103_Cryamor_1
141E86,ENC_SQ103_Cryamor_2
14205E,Volume_SQ103_Cryamor
14205F,Volume_SQ103_Entrance
142060,Door_SQ103_EchoingLightMine
142061,Object_SQ103_Cage_Niskaru_1
142062,Object_SQ103_Cage_Niskaru_2
1424AC,SQ95
14250E,ENC_SQ95_Barghest
1425E1,ENC_SQ95_Brownies
1428E0,OBJ_FP03_Door
142A50,SQ95_Larder
142CA3,MQ03_start
142D80,SQ96
142E7A,QA_Cookies
142EF1,SQ96_FaerGorta
1431E6,SQ105_Door_Pass_Trigger
14325F,SQ105_Guran
143315,ENC_SQ96_MirriusGuard
143494,SQ99
143586,melsenshir_balor_incapacitated
143672,MQ_Allestar_Gate_Trigger
143699,SQ99_CorpseInteraction
143717,Door_SQ103_Weconai
143A64,Object_SQ103_Lever
14414A,SQ105_Door_Enter_Trigger
1441B9,SQ107
1441CE,NPC_FP04_Kobold
144525,NPC_Sorcerer_Rune
144636,ENC_SQ100
144AC8,balor_tracking_eye
144B64,ENC_SQ65_Murghan
144B68,HiddenItem
144B6B,Volume_SQ65_Weconai_Entrance
144B6C,Volume_SQ65_Weconai_Door
144B88,Object_SQ65_Cage
144C67,ENC_FP04_Kobolds
144C68,OBJ_FP04_Lever
1450AF,balor_eye_stop
1450B0,balor_eye_start
1451D8,Fenaster_NQD
145276,banshaen_combat_behavior
145278,banshaen_ranged_combat_behavior
1453EC,SQ108
1453F5,QA_Drink
14559B,OBJ_FFQ04_Column
1455B8,QA01_Chicken
1455BA,boss_win
14578D,FFQ53
1462AE,SQ109
146759,SQ108_LittleBattle
146F58,activity_cleanup_behavior
14701F,SQ81
147133,Menetyre_Volumes
147393,combat_investigate_sensory_input
1473A2,FFQ56
147544,SQ110
1475AE,MelSenshir_NQD
1476D6,melsenshir_4thstage
14778F,archer_cower_behavior
1477F8,archer_volley_behavior
147870,ENC_Quest_HV01_Waves
147C9B,archer_solo_behavior
147E92,trap_explodingbarrel
14815D,enc_melsenshir_reinforcementcontroller
148160,FFQ53_CenturyPlant
1485AC,NPC_Archer_LobShot_FireSpawnTalent
1489A7,NQD_Warsworn_IronfastKeep
148AFB,Objects_SQ12_Crate_1
148AFE,Objects_SQ12_Crate_2
148AFF,Objects_SQ12_Crate_3
148B00,Objects_SQ12_Crate_4
148B01,Objects_SQ12_Crate_5
148B0A,Objects_SQ12_Crate_6
148B0B,Objects_SQ12_Crate_7
148B12,Objects_SQ12_Crate_8
148B13,Objects_SQ12_Crate_9
148B14,Objects_SQ12_Crate_10
148D02,SQ110_Greet_Trigger
148ED6,ENC_Kill_on_Spawn
148F0F,MQ09_NiskaruHunterAmbush01
148F10,MQ09_NiskaruHunterAmbush02
148FB4,Container_FFQ56_AmmanStatue_1
148FB5,Container_FFQ56_AmmanStatue_2
148FB6,Container_FFQ56_AmmanStatue_3
148FB7,Container_FFQ56_AmmanStatue_4
148FB8,Container_FFQ56_AmmanStatue_5
1493A8,cty_melsenshir_bossbattle
14941E,melsenshir_kickoff
1494A2,QA_Quest_NQD
149514,enc_melsenshir_entranceencounter
1496F1,FFQ58_Treasure
1496F3,Spawn_MelSenshir_LadderClimb
149857,enc_melsenshir_crossbattle_entrance
149869,QuestObject_Gorguath_ChamberPiece
14A429,wintersembraceobject
14A4C4,SQ111
14A4DD,NPC_Sorcerer_ManaDrain_Hit
14A60B,melsenshir_entrancefightboundary
14A628,melsenshir_doorevents
14A6AC,FP05_HeadA
14A6AD,FP05_HeadB
14A6AE,FP05_ControlPlate
14A6AF,FP05_HeadC
14A6B0,FP05_PlateA
14A6B1,FP05_PlateB
14A6B2,FP05_PlateC
14A6B4,MQ01_start
14A811,MQ05_start
14A816,MQ06_start
14A83B,MQ07_start
14A840,MQ08_start
14A858,MQ09_start
14A85A,MQ10_start
14A863,MQ13_start
14A865,MQ14_start
14A867,MQ15_start
14A86A,MQ16_start
14A874,MQ17_start
14A9A1,ENC_HM01
14A9F6,KVSQ01
14AE09,KV01_Volumes
14AFE8,KVSQ01_Volumes
14B2E8,Volume_SQ06_Return
14B6B5,wos_firstcombatroom
14C167,FP06_NexusPoint
14C1EA,melsenshir_balorcombat_start
14C204,wos_tutorial_npcattack
14C2BC,sword_wos_initialweapon
14CB6B,tilera_combat_behavior
14CB74,tilera_special_attack_ranged_behavior
14CB76,tilera_special_attack_shield_behavior
14CC98,wos_assassins_attack
14CCC7,SQ112
14CD42,malwyn_balor_teleport
14CD4A,shield_wos_initialshield
14CD5B,longbow_wos_initialbow
14CD7B,malwyn_combat_behavior
14CD97,wos_assassin_run_by
14D18B,MQ01_Danger
14D18C,MQ01_EnterRoom3
14D18D,MQ01_EnterRoom4
14D18E,MQ01_SecretDoor
14D1C5,malwyn_ranged_combat_behavior
14D1CB,MQ01_Assassins
14D1D4,malwyn_balor_eyebeam
14D1EC,NQD_City_MelSenshir_BossBattle
14D262,door_onvolumeclose_melsenshir
14D29B,melsenshir_magesafety
14D448,SQ13_Encounter_Sprites
14D709,dgn_wellofsouls
14D731,npc_base_knockedout
14D96C,enc_wos_crossbattle
14DB1E,NQD_Region_LorcaRane
14DB39,SQ13_NPC_Antelope
14DBB1,ability_bar
14DC6F,MQ_EnterVaprend
14DCF4,Haxhi_NQD
14E1CE,SQ04_SeedPlanter
14E217,SQ04_Encounter_Sprites
14E909,FFQ04_FIN
14EEA6,MQ03_Approach_Dellach
14F616,OBJ_FFQ09_Body
14F6DC,NPC_Crime
14F6EF,NPC_Combat
14F6FD,NPC_Stealth
14F712,NPC_Misc
14F885,NQD_Region_CaeledCoast
14FA0E,ENC_FFQ08_Encounter
14FA4C,Object_SQ31_Lever
14FA4F,obj_wos_combatretreatdoor
14FAD1,wos_start_room
14FADA,npc_fear_gorta_attack_x_tutorial
14FAF7,npc_daggerwielder_attack_tutorial
14FB18,enc_melsenshir_tuatha_casterambush
14FC15,alchemy_BringTheReckoning_potion
14FC64,npc_melsenshir_tuathaexecutioner
14FC65,npc_melsenshir_prisoner
14FC9F,FFQ114
14FCA1,FFQ115
150797,vignette_melsenshir_bridge
15094B,Lever_SQ31_Dungeon
1509B3,NPC_Banshaen_FriendlyBolt
150A79,Ayten_Signboard
150AB7,enc_wos_final
150AE4,SQ105_Leave_Allestar
150C47,U01_fin
150E13,balor_summoned_eyebeam
150EDB,Lever_SQ31_Dungeon_2
150EDC,Lever_SQ31_Dungeon_3
150EDE,npc_wos_loot_tutorial
1515C7,SQ69_Encounter06Volume
1515E7,armor_wos_initialarmor
15168C,SQ69_EncounterTransitionVolume
15184A,SQ114
151853,SQ14_Contract_Sealed
15185E,ENC_SQ114_Bolgan_1
15185F,ENC_SQ114_Bolgan_2
151885,Volume_SQ114_Brun
1518BB,ENC_SQ114_Bandits
1518BD,ReagentSource_GraveLetter
15199F,ENC_SQ69_Tuatha01
1519A0,ENC_SQ69_Tuatha02
1519A1,ENC_SQ69_Tuatha03
1519A2,ENC_SQ69_Tuatha04
1519A4,ENC_SQ69_Tuatha05
1519A5,ENC_SQ69_Tuatha06
152611,SQ115
1528A1,cty_melsenshir_bossbattle_3rdstage
1528A4,melsenshir_trollaggro
1528F5,banshaen_relocate_behavior
152999,Object_SQ115_Pedestal
15299B,Obj_SQ115_Lantern_1
15299C,Obj_SQ115_Lantern_2
152A56,pc_profile_select_win
152A90,door_fomorouslabdoor
152BC9,LS11
152CAA,Magic_FlashingBlades_Frame
152F22,SQ116
152F80,balor_stop_tracking
152FDC,SQ117
152FFD,SQ118
152FFF,FFQ116
1531C7,SQ117_volume
1532A3,ammo_flashingblades
153717,NPC_KLU_SQ117Corpse
153871,ammo_flashingblades2
153877,magic_flashingblades_despawn
153972,malwyn
153DE9,obj_allestar_loaddoor_exit
153EB0,SQ118_FIN
15407B,MQ02_End
1540E1,DGN_STR_ShieldringKeep
154150,INT_POE_TirinsRest_LocksmithHouse
15456F,MQ01_lever
1546F9,OUT_POE_South_02
1548B4,NPC_Sorcerer_Rune_Loop
154E49,LS12
155121,wos_assassin_trapdeath
155191,LS13
15519B,wos_rangedassassinnqd
15537D,NPC_Explodapod_SpawnMurghan
1554D3,region_volume_default_script
1559AB,SQ69_MordusTorEntrance_Volume
155CF1,OUT_KLU_West_03
155D10,ammo_flashingblades3
155D11,ammo_flashingblades4
155F05,MQ01_WoS_Tutorial_MagicAttack
15621C,region_transition_win
156741,player_hud_bars
15675A,melsenshir_volume_balorpositionalroar
156774,NPC_SheathWeapon_Talent
156776,NPC_UnsheathWeapon_Talent
15677A,NPC_HideWeapon_Talent
15677D,NPC_ShowWeapon_Talent
157EEB,NPC_Corpse_PARENT
1584F2,cinematic_melsenshir_intro
15850D,cinematic_melsenshir_tileradeath
1586D2,cinematic_melsenshir_balordeath
1587D0,ENC_Quest_HV02
1587D1,ENC_Quest_HV03
1587D2,ENC_Quest_HV05
1588F4,cinematic_pre_char_gen_1
1588F5,cinematic_pre_char_gen_2
1588F6,cinematic_post_char_gen_1
1588F7,cinematic_post_char_gen_2
15892A,wos_initialcorpse
158BE2,balor_head_slam
158E1C,DGN_CAV_KandrianCove
15974F,INT_POE_MelAglir_MorkanHouse
15978B,DGN_STR_OhnsStand_StealthPenalty_0A
15978C,DGN_STR_OhnsStand_StealthPenalty_0B
15978D,DGN_STR_OhnsStand_StealthPenalty_1
15978E,DGN_STR_OhnsStand_StealthPenalty_3A
15978F,DGN_STR_OhnsStand_StealthPenalty_Gastet
159790,DGN_STR_OhnsStand_StealthPenalty_Mid
15A5CA,tutorial_data
15B1CB,MQ03_Dellach_Doors
15B798,MQ03_Ambush
15BB71,TR02_StealthPenalty
15BEA5,Object_HM03_EchoStone
15BEB3,ENC_HM04_1
15BEB5,ENC_HM04_2
15C10B,aggro_behavior
15C179,DGN_DVG_Tulan
15C95B,LS_Odarath
15CD7C,SQ120
15CDA9,SQ61_Volumes
15CDE6,achievements
15D0E0,SQ61_NPC
15D121,SQ61_Note
15D5E8,MQ16_Exit_Pride
15D5E9,MQ16_Near_Vengeance
15D65C,SQ68
15D6EF,MQ16_Enter_Alabastra
15D742,NPC_Thresh_Rooted_Wave_Talent
15D743,NPC_Thresh_Rooted_Enter_Talent
15D967,MQ16_Greet_At_Vengeance_Start
15DA23,Volume_HM04_Kobold_1
15DA24,Volume_HM04_Kobold_2
15DB0E,MQ16_Greet_At_Alabastra_Start
15DBD9,sorcery_wrath_start
15DBDC,might_wrath_start_camera
15DC84,might_wrath_end_camera
15DD33,SA06_CrossroadsVolume
15DD3E,SA06_TempleApproachVolume
15E0A6,SQ62_Volumes
15E5DD,warcry_terror
15E831,lorestone_travel_win
15EBFA,MQ16_Greet_At_Bhaile
15EC1F,Container_ENC_DET_TheHollowlands_03
15EC21,Container_ENC_DET_TheHollowlands_07
15EC50,MQ16_Alyn_Bhaile_1
15EC51,MQ16_Alyn_Bhaile_2
15EC52,MQ16_Alyn_Bhaile_3
15EC53,MQ16_Alyn_Bhaile_4
15EC54,MQ16_Alyn_Bhaile_5
15EFCF,DGN_STR_Melmuir_stealthpenalty_2
15F1AD,OBJ_BlackenedHall_Lever
15F1AF,TR06_Trap_ProximitySpikeSequencer
15F1C5,Volume_HM05_Champions
15F1C6,Volume_HM05_Maid_Bridge
15F1EA,FaerGorta_PlayerSummoned
15F620,SQ120_SojournSpring
15F74E,ENC_Dual_Ambush
1600B4,scroll
1600D1,ENC_HM07_Belmaid
1600D2,ENC_HM07_Farrara
1603EB,Rathir_Volumes
1607F6,SQ124
160A98,thresh_consume_boggart_behavior
160AC0,NPC_Thresh_Taint_toBoggart_Ammo
160B6C,ENC_Run
160B9F,balor_fate_shift
160BA1,NPC_Thresh_Taint_fromBoggart_Ammo
160BA2,melsenshir_balor_incapacitated_2
160BC3,ENC_Quest_HV01_Jottun
160BC4,ENC_Quest_HV01_Kobolds
160BEB,vignette_balor_fate_shift
160CEB,NPC_Thresh_ConsumeBoggart_Talent
160D07,ENC_HM07_Maid
161530,DGN_CAV_TheLowerTunnels
1623D4,pause_screen
162534,Volume_HM07_Dungeon_Door
16276D,Volume_HM07_Follower
162865,Rathir_Signs
162EE0,OBJ_TR07_MissivesOfSable
162F92,SQ123
163373,FP05_LeverA
163376,FP05_LeverB
163377,FP05_LeverC
16342B,SQ124_Trigger01
163BAA,MQ06_Cinematic_Failsafe
163C04,Volume_HM05_Thorns
16400E,SQ122
164014,SQ121
164657,SQ124_Stone
16467E,SQ124_Encounter1
164AEB,balor_incapacitate_enter
164AF0,balor_incapacitate_exit
164B8E,SQ124_Encounter2
164BA9,sq124_encounter3
164BAB,SQ124_Pillar
164D44,SQ124_Trigger02
164DB9,Trap_PoisonPool
165ECB,MQ05_Alyn_Haxhi_1
165ECC,MQ05_Alyn_Haxhi_2
165ECD,MQ05_Alyn_Haxhi_3
165ECE,MQ05_Alyn_Haxhi_Greet
1663EE,relentlessassault
166E8E,battlefrenzy
1672D2,SQ125
1672EE,Thresh_StartHidden
16733B,balor_incapacitate_enter_02
16744C,Trap_PlantSnapper
167680,ConfigDB
1678EB,SQ125_Trigger01_Encounter01
1678EC,SQ125_Trigger02_Encounter02
1678ED,SQ125_Trigger03_Encounter03
1678EE,SQ125_Trigger04_Encounter04
1678EF,SQ125_Trigger05_Encounter05
168191,NPC_Death_QuestEssential_Talent
168234,markofflame
1682F1,NPC_SyncKill_QuestEssential_Talent
1684EC,aggressive_mode_win
16865D,SQ62_FIN
16A092,CTY_MelSenshir
16A36B,DGN_STR_EamonsFortress
16A874,FFQ59
16AA89,SQ126
16AEEE,KV06_NPC
16BF9A,NQD_City_Ysa
16BFA4,TR08_CourtChamberPenalty
16C417,FFQ60
16CB4F,HV02_HelgaTrigger
16D742,atk_dagger_charge
16DA9A,TR08_StealthPenalty_1
16DA9B,TR08_StealthPenalty_2
16DA9C,TR08_StealthPenalty_3
16DA9D,TR08_StealthPenalty_4
16DA9E,TR08_Penalty_Encounter
16E0F8,DGN_ERU_EamonnsPath
16E141,KV07_Path_Test_Waves
16E281,FFQ61
16E283,FFQ62
16E4F3,DMO_GDC
16E4F7,DMO_GDC_Start
16E6CA,dgn_dvg_urultusk
16EFD4,SQ124_Pool01
16F1D7,tirnoch_player_location_volume
16F38C,tirnoch_transition_1
16F38D,tirnoch_transition_2
16F6C8,tirnoch_stage1_behavior
16F6C9,tirnoch_stage2_behavior
16F6CA,tirnoch_stage3_behavior
16FB42,HV01_UnVolume
16FB46,dgn_tirnoch_bossbattle
16FB48,smashable_fate
170159,FFQ64
170169,tirnoch
170E60,OBJ_SQ93_Urn_1
170E61,OBJ_SQ93_Urn_3
170EBB,OBJ_SQ93_Urn_2
170EBC,OBJ_SQ93_Urn_4
170FF6,OBJ_SQ93_Lever
171073,HV02_Bandits
171076,KV07_ForgeLore
17107A,tirnoch_transition_behavior
17107D,FFQ66
17107F,FFQ67
171143,HV02_Volume01
171937,HV02_Volume02
17243F,obj_wos_assassindoor2
172F6F,Bookshelf
1734E6,atk_dagger_charge_finish
173650,SQ127
174011,SQ128
174034,atk_dagger_charge_finish_large
1749C0,OUT_POE_North_00
174D0A,HV02_Bandits_Buff
174E38,KVSQ02_HeartOfSibun
174E3B,GDC_Door_UrulTusk_Exit
17585D,MQ09_Tilera_War_1
17585E,MQ09_Tilera_War_2
17585F,MQ09_Tilera_War_3
175C65,atk_dagger_delay_special
175DC3,MQ09_Urul_Tusk_Gate
175EF4,MQ09_Enter_Urul_Tusk
175EF6,HV02_TemporaryVolume
175EFA,HV02_Remus
17608D,KV_JobBoard
1761C1,atk_dagger_delay_special_just_frame
1763F4,Magic_SummonFamiliar_Unsummon
1765BF,KVSQ03
176BA3,tirnoch_knockout_exit
176BA9,tirnoch_knockout_enter
176BAC,tirnoch_incapacitate_volume
176BAE,tirnoch_sync_manager
176C21,OBJ_FallenHall_Lever_West
176C22,OBJ_FallenHall_Lever_East
176C23,OBJ_FallenHall_Lever_Center
176F70,trap_roguefrost
177247,SA06_CrossroadsAmbientVolume
17728C,ENC_DAL_TheSidhe_Volume
17728D,NarrativeSpace_TheSidhe
1773BE,KVSQ04
1776E7,KV_NQD_Volumes
177C08,KVSQ06
177F46,NPC_FaerGorta_PlayerSummoned_TriggerHeal
177FA8,cinematic_melsenshir_arrive
178006,KVSQ07
178193,KVSQ08
178248,KVSQ09
178480,KVSQ10
178500,narrative_zone_transition
178504,MQ10_AgarthGreet
178506,MQ10_TileraGreet
1787EC,SQ127_Volumes
17882E,SA06_IdApproachVolume
178981,HV03_Sorcerer
1793F9,MQ10_ElundGreet
17954B,tirnoch_flame_breath
179695,tirnoch_flame_protection_volume
1799A5,Volume_SQ103_End
179DF9,smashable_prismere_wall_smash
179E39,GDC_2011_Kobolds
179EC7,INT_CTY_Ysa_Embassy
179EC8,INT_CTY_Ysa_HallofAppointments
179EC9,INT_CTY_Ysa_HallofEchoes
179ECA,INT_CTY_Ysa_Inn
179ECB,INT_CTY_Ysa_Merchants
179ECC,CTY_Ysa_UpperHouses
179ED8,Volume_Ysa_Appointments
179ED9,Volume_Ysa_Embassy
179EDA,Volume_Ysa_Grove
179EDB,Volume_Ysa_Merchants
179EDC,Volume_Ysa_Trellis
179EDD,Volume_Ysa_Inn
17ADB1,HV04_Trigger01
17AE35,HV04_ArenaArmed
17AE36,HV04_ArenaUnarmed
17B38B,Volume_Ysa_Gryamar
17B391,Volume_Ysa_Keen
17B4C2,NPC_FaerGorta_PlayerSummoned_HealOrbImpacted
17B655,NPC_FaerGorta_HealOrb
17B8E7,wos_firstcombatroom_entrancecamera
17BA8D,boss_sync_prompt
17BC88,guard_glendara_jail
17BFDE,SQ133
17C045,SQ125_Encounter01
17C048,SQ125_Trigger01
17C67E,markofflameexecute
17C858,guard_adessa_jail
17C88A,atk_mir_parry
17C970,SQ133_Volumes
17CBD6,BAG_Components
17CBD9,BAG_Gems
17CBDA,BAG_Keys
17CBDB,BAG_Reagents
17CBDC,BAG_Recipes
17CC1E,OBJ_FP06_Barrier
17CCA3,ENC_SQ80_Tuatha_1
17CCA4,ENC_SQ80_Tuatha_2
17CCA5,ENC_SQ80_Tuatha_3
17CCA8,ENC_SQ80_Tuatha_4
17D191,player_parry_success
17D1F2,NQD_Region_HighFulgen
17D5AE,DGN_HOL_CaerElatha
17D685,Magic_GrapplingHook_Projectile
17D899,tirnoch_stare
17D8C5,NQD_Region_Amaura
17DB9D,Volume_SQ80_Ambush
17E079,Amaura_Volumes
17E0A4,ENC_FP05_Tuatha
17E0F4,might_vengeance
17E168,Volume_SQ91_Healer
17E17B,ENC_SQ91_Ambush
17E1BD,SQ94
17E594,ENC_FP06_Final
17EF5C,OBJ_FP06_Sorrow
17F04C,SQ137
17F052,SQ138
17F054,SQ139
17F3BD,ENC_SQ82_Ambush
17F3BF,Volume_SQ82_Ambush
17FDD8,Volume_SQ80_Speech
180392,FFQ71
1803FE,obj_windemerebridge
1807A9,NQD_Region_RedMarches
1808AA,Tuatha_Quest_SQ80_Sorceror
1808B7,Narrative_RedMarches
180C0F,sorcery_meteor
180C49,SQ140
180CCD,Volume_SQ94_Towers
180CE8,ENC_SQ94_Tuatha
180D37,well_of_souls_entrance
180FB2,OUT_DET_North_01
181016,OBJ_SQ94_Tower_1
181017,OBJ_SQ94_Tower_2
181018,OBJ_SQ94_Tower_3
1810EA,NPC_DET_LJO_GiranAlba
181131,SQ141
181133,SQ142
181136,SQ143
181917,wos_bowcorpse
181952,DestinyChange
18198F,ENC_RedMarches_CisternEncounter
181990,ENC_SQ141_Cistern
181991,SQ141_Volumes
1819E7,TombOfFyragnos_Door_1
1819E8,TombOfFyragnos_Door_2
1819E9,TombOfFyragnos_Door_3
181BF9,OUT_DET_HouseOfValor_Grounds
181CC4,DGN_CAV_GlasspillarCaves
182523,cinematic_GDC_Final
18279A,SQ131
182805,FTP_Discovery_Volumes
1828F6,INT_DET_HouseofValor_Hypogeum
182CA7,well_of_souls_hughes_greeting
182CAD,gdc_trollvignette
182DCC,trap_proximitymine_explosion
18311F,melsenshir_stealthsetup
18365C,gdc_splash_outro
1836A2,Galafor_Signs
183E42,SQ34_Corpse
183E43,SQ34_FoundStuff
1842DF,OBJ_SQ35_FyragnosUrn
18441A,SQ35_Volume
185325,SQ143_Lever
185326,SQ143_Corpses
185327,SQ143_Volumes
18532A,SQ143_Encounters
18532B,SQ143_Encounters_2
18532D,SQ143_Encounters_3
185330,SQ143_Testament_Encounter
1854FC,stash_win
185540,melsenshir_npc_culling
185A15,obj_melsenshir_airlockdoor
185CB8,MQ14_Alyn_Laz_Defence
185D1C,SQ143_Door
186900,MQ14_Tower_Talk
186A15,ENC_SQ78_Kobolds
186A19,SQ144
186B94,ENC_QUEST_HV04
186DAA,OBJ_SQ33_Shrine
186E7E,ENC_SQ144_Gorta
186E7F,Volume_SQ144_Trap
186F9A,State_GettingUp
187066,MQ14_post_crash
187471,alfar_melsenshir_dummy_reinforcement
187C22,MelSenshir_ArenaBattle
187C24,NQD_Region_TywiliCoast
187D08,RedMarches_TestamentEncounters
187DA7,FFQ61_Volumes
187EE4,SQ41_Spellbook
187FCD,DGN_STR_WindemereCastle
18802D,Atk_Sceptre_Block_Special
18804C,SQ41_NPC
1880BA,NPC_DAL_ALM_GaranerVernt
1880BB,NPC_DAL_VAR_Barten
18824E,OBJ_TargetPractice_Player
1883FA,SQ30_loaddoor
188470,Temp_Rachel_Quest_Volume
18893E,ENC_QUEST_HV06
188AB0,ENC_Quest_HV06_Jottun
188BFF,GDC_Door_Windmere_Exit
18933C,NPC_MelSenshir_ArenaFighter
189408,SQ145
189465,ENC_SQ145_Spiders
1897E6,SQ146
189885,Galafor_CollectionsBox
189894,SQ147
189DDD,MQ08_EnterForum
189F8D,atk_sceptre_blockspecial_ice
189F90,atk_sceptre_blockspecial_lightning
189F92,atk_sceptre_blockspecial_fire
18A2FD,MQ08_CTY_Adessa_EnterForum
18A32E,twists_win
18A534,SQ142_PressurePlate
18A569,OUT_KLU_West_01
18A619,Lever_SQ144_1
18A61A,Lever_SQ144_2
18A61B,Lever_SQ144_3
18A61C,Lever_SQ144_4
18A625,SQ133_FellfireVolume
18A62E,SQ133_Encounter01
18A8F6,DGN_CAV_FellfirePit
18A8FD,SQ133_Trigger01
18AABB,SQ133_Trigger02
18AE83,SQ146_volumes
18B4EC,SQ125_Cedric
18B58C,FFQ69
18B5A4,FFQ69_Journal
18B5C3,achievement_win
18B691,SQ125_Altar
18B6E5,cow_behavior
18B87A,NPC_DET_ALM_EatheDunbert
18BBBF,NPC_SQ142_Fyragnos
18BC27,Keening_NQD
18BC8A,obj_melsenshir_prebattledoor
18BCEC,TRSQ01
18BEBC,wisps
18BF1E,OUT_DET_West_01
18BF20,SQ125_Encounter02
18C259,OBJ_TRSQ01_GunnarChest
18C43C,OBJ_Haxhi_EadricsTomb
18C46F,NPC_DET_ALM_EalfwigGrilricas
18C482,MQ09_UrulTusk_Doors
18C79B,StarCamp_HierophantShrine
18C7C6,TRSQ01_Volumes
18C848,MQ09_UrulTusk_Lever
18C8DD,FFQ82
18CE85,Guard_Ayten_Jail
18CE86,Guard_BarrenCove_Jail
18CE87,Guard_Emaire_Jail
18CE88,Guard_Gorhart_Jail
18CE8A,Guard_Kandrian_Jail
18CE8B,Guard_MelSenshir_Jail
18CE8D,Guard_Midden_jail
18CE8E,Guard_Odarath_Jail
18CE91,Guard_Whitestone_Jail
18CE92,Guard_Ysa_Jail
18CF24,MQ15_ApproachField_1
18CF50,beastmaster_behavior
18D059,atk_chk_dodge
18D23D,wos_allestarglade_encounter
18E153,ENC_SA03_Freemen
18E2C4,volume_autosave
18E4F8,sa_grounds_doors
18E7D5,SQ149
18EB0E,TRSQ02
18EC39,HVSQ_01
18EE24,reckoning_start_tirnoch
18F16C,MoonCamp_HierophantShrine
18F24E,tirnoch_spawn_minion_behavior
18F6A1,generic_button_mash_manager
18F895,Player_React_Webbed
18F94F,splinteroffate
18FB8D,npc_sa01_cyclone
18FC7C,SQ150
190059,Volume_SQ150_Door_1
19005A,Volume_SQ150_Door_2
19005B,Volume_SQ150_Door_3
190A26,Trap_ProximitySpikeTR06
190B48,vignette_clear_point_of_interest
19126F,ActorState_MysteriousToxins
1915DE,food_eating_sound
1915F7,ActorState_CombatCharge1
1915F8,ActorState_CombatCharge2
1915F9,ActorState_CombatCharge3
191605,enc_mq08_scaffold_captain_1x1
1917D2,cty_adessa_scaffoldrun
1919DF,scriptlink_killactors
191CE7,splash_win
191EEA,Reagent_Fate
191F94,FFQ83
191FE2,TR03_PenaltyEncounter_1
191FE3,TR03_PenaltyEncounter_2
191FE4,TR03_PenaltyMOB_1
191FE5,TR03_PenaltyMOB_2
191FF2,TRSQ03
1920B1,SunCamp_HierophantShrine
1920B6,npc_octienne
19210E,TRSQ03_Volumes
19210F,TRSQ03_JailSensor
192158,quest_mq08_scaffold
1921DF,obj_bubbleshield_mq08
192205,Tripwire_SoundEvent
1922C6,Tripwire_SoundEvent_TRSQ03
1925AD,OBJ_TRSQ03_LootPile
192644,obj_mq08_librarybulletin
1926F4,int_cty_adessa_library
1927F3,SQ151
19284F,TRSQ03_CynricPenalty
192850,TRSQ03_DarkvariPenalty
192851,TRSQ03_ZungarPenalty
192852,TRSQ03_Encounter
1929F2,stall_win
192A0F,quest_mq08_teleportoctienneforum
192FFF,npc_mq08_octienne_teleport
193294,NRI_Valor_Brazier
193433,MQ16_Agarth_Alabastra_Greet
193437,MQ16_Cydan_Alabastra_Greet
19382E,FFQ84
193888,ActorState_CombatCharge4
193889,ActorState_CombatCharge5
19388A,ActorState_CombatCharge6
19397F,MQ16_Lever
193A2D,Trap_ProximitySpike_TR03
193D38,obj_mq08_forumdoor
193E1E,ENC_SA01_Trial
193EFF,tirnoch_talent_parent
1941E7,FFQ85
19434C,Volume_FFQ85_Lights
1945B2,KV03_Summoner
19471F,MQ16_Approach_Agarth
194741,OUT_DAL_DGN_SummersEnd
1947F2,hov_arena_win
1947FB,hov_arena_content
194859,Volume_SQ31_Gate
1948AA,TMP_NA_QA_KStar
19492F,MQ16_Alyn_Bhaile_Encounter_Talk
194C28,LoadDoor_TR07
194EFB,Volume_SQ66_Fynn
194F98,encounterLibrary
195793,destinies_win
1958A7,KV03_ENC_SummonerNiskaru
195988,INT_CTY_Rathir_Tavern
195B53,ENC_SQ114_Bolgan_3
195D1B,DGN_STR_DolveWayle
1960D9,SQ63_NPC
1962B7,MQ16_Alyn_Bhaile_Encounter_Talk_Last
196408,ENC_Quest_HV07_Pit
196409,ENC_Quest_HV07_Arena
196429,HV07_Trigger01
196521,MQ16_Bhaile_Chantry
196BAB,SA06_ArchsagesDoor
196C00,NQD_City_Rathir_Citizens
196C8A,Door_SQ151_AnsillaDungeon
196CA1,tooltip_mgr
196CA2,tooltip_win
196CDF,HV08
1985A4,INT_CTY_Rathir_ChamberOfTrade
1985CF,dev_balorskipper
1990F8,CTY_MelSenshir_BossBattle_2ndStage
199A7A,Allestar_Guran_Sprite_Encounter
199B52,OUT_DET_Travelers_Grounds
199C5E,OBJ_Travelers_JailGift
199E0E,tirnoch_camera_manager
199E34,DGN_DVG_CathedralOfTheWorld
19A670,twist_alert_win
19A950,volume_jumpfade
19AAE1,DGN_CAV_WhisperingCaves
19ABBD,LS10_lorestone_1
19ABBE,LS10_lorestone_2
19ABBF,LS10_lorestone_3
19ABC0,LS10_lorestone_4
19ABC1,LS10_lorestone_5
19ABC2,tirnoch_stage1_camera1
19B089,crab_behavior
19B0A8,splinter_spawning_projectile
19B2B0,atk_swd2h_jump_attack
19B2C6,NPC_DAL_Alm_GrimOnwig
19B2C7,NPC_DET_STR_ShivanilErmanar
19B2D3,tirnoch_fate_shift_vignette
19B55E,tirnoch_stage3_camera1
19B9D4,dispel_win_2
19BAE9,NPC_DAL_UNS_MaidOfWindemere
19BB17,AdessaHouse_MailTable
19BB1A,INT_CTY_Adessa_SandstoneVilla
19BBA9,balor_player_location_volume
19BCEB,HoV_Arena_Board
19BCEC,dev_gdc_boggart
19BE62,Volume_HM03_Spell
19C0DC,DEV_GDC_TriggerTrollFightMusic
19C3C7,MQ17_Alyn_Leave_Court
19CF43,balor_combat_behavior
19CF74,hov_arena_hud_win
19CFD6,MQ17_splinteroffate
19CFE2,DGN_CAV_SundurCaverns
19D2C8,MQ17_enc_splinter
19D30A,Volume_HM01_Boss_2
19D30B,Volume_HM01_Boss
19D30C,Volume_HM03_Boss
19D401,CTY_Rathir_UpperCity
19D82A,tirnoch_stage2_camera1
19DB96,Volume_HM02_Boss
19DE06,SQ111_Encounter_Bandits_01
19DE08,SQ111_Encounter_Bandits_02
19DE09,SQ111_Encounter_Bandits_03
19DE0B,tirnoch_spawn_minion
19DF85,HMSQ01
19E07B,HMSQ02
19E084,SQ152
19E773,NPC_SA08_Sydanus_Teleport
19E79B,npc_boss_ciarasydanus
19E838,quest_sa08_faer_gorta_summoned
19E846,NPC_DAL_SEE_Farrara
19EC02,HMSQ03
19EC04,HMSQ04
19ED2A,MQ17_post_quest
19ED2B,cinematic_06_03
19EF6F,cinematic_tirnoch_intro
19F1CC,Volume_HM04_Well
19F332,NQD_Region_TalaRane
19F556,SQ97_AltarInteraction
19F586,ENC_SQ97_AltarEncounter
19F69E,OUT_ALA_West_02
19F6C7,gdc_door_windemere_exit
19F6D8,SQ97_DresserInteraction
19F7D2,combat_music_manager
19FC4C,MQ17_Farewell_Notes
19FC94,KV01_Hireling
19FDC5,balor_normal_combat_behavior
19FDD9,balor_low_health_combat_behavior
19FEFB,nonhostile_sensory_decay_behavior
1A00B6,NPC_DAL_SEE_Ficon
1A0121,SQ153
1A1086,QuestITem_FFQ49_SourceBook1
1A131E,OBJ_HMSQ04_Plant
1A158D,MQ03_T_Agarth_1
1A158E,MQ03_T_Agarth_2
1A1994,Death_LastStand
1A1BEA,MQ03_Fateshift_Tutorial
1A1C17,Actorstate_HarmonicOverload
1A1C23,Volume_HM07_Boss
1A1D91,pc_active_weapon_win
1A2082,destiny_merciless
1A21D1,OBJ_TargetPractice_FFQ47
1A223D,NPC_Hidden_Idle
1A2797,dispel_splash
1A2AF7,lockpicking_splash
1A2F7B,KV03_Interact
1A2FBA,loanshark_defeat_player_behavior
1A2FCB,loanshark_seek_wanted_player_behavior
1A2FCE,loanshark_approach_to_collect_behavior
1A3049,incapacitatemanager
1A30D4,HV07_AlmaVolume
1A32D4,Activity_Shopkeeper
1A32F4,loanshark_despawn_behavior
1A3336,Activity_Shopkeeper_Sequence
1A3377,DMO_Rathir_Start
1A3499,questitem_ffq20_bodangrave
1A34BC,questitem_ffq20_hericgrave
1A35B0,ENC_Quest_HV07_Alserund
1A3944,Adessa_Volumes
1A399B,INT_CTY_Adessa_Arcadium
1A399C,INT_CTY_Adessa_Armory
1A399D,INT_CTY_Adessa_BasilicaGnostra
1A399E,INT_CTY_Adessa_DomusPolitica
1A399F,INT_CTY_Adessa_GrandBursars
1A39A0,INT_CTY_Adessa_HospitalisQuarters
1A39A1,INT_CTY_Adessa_Laboratories
1A39A2,INT_CTY_Adessa_PraetorianGarrison
1A39A3,INT_CTY_Adessa_Prison
1A3A1E,balor_arm_down
1A3A1F,balor_arm_up
1A3A7C,ActorState_EchoesOfFate
1A3A84,Container_ENC_GalaforAmbush_01
1A3A8C,lockpicking_win_2
1A3AF3,obj_ffq20_corpse
1A3B42,balor_incapacitate_idle
1A3EA8,DGN_STR_HelmgardKeep
1A45E4,Ysa_Volumes
1A4693,obj_ffq20_entongrave
1A4945,NQD_City_Adessa_Citizens
1A4983,balor_camera1
1A4990,balor_camera_default
1A4A25,balor_camera2
1A4C86,Container_ENC_DAL_Ettinmere_GnomeCamp_01
1A4CD1,MQ03_Alyn_Corpse
1A4DD2,SA02_Aodh_door
1A4DEE,MQ03_Leave_Hut
1A4EF3,SQ44_ThreshVolume
1A51A7,activity_begging_volumetrigger
1A539F,ENC_SQ83_Brownies
1A53A3,Volume_SQ83_BrownieSpawn
1A5430,Container_ENC_DET_Alserund_Ambush_02
1A55E6,DGN_HOL_Rundamir
1A55E7,Volume_SQ19_SihtricConversation
1A5966,uixml_helper
1A597D,kobold
1A597E,crudok
1A5A0D,tirnoch_incapacitate_enter
1A5CA0,DEV_EmotionTestQuest
1A5E6B,tirnoch_fate_shift
1A5E95,Container_ENC_DAL_Haxhi_01
1A5F94,Container_ENC_AcathaAmbush_01
1A5FC2,Container_ENC_DAL_Haxhi_02
1A5FD2,Container_ENC_DAL_Webwood_01
1A5FFC,post_mq17_volume
1A60B2,Container_ENC_DAL_Webwood_02
1A625B,archer_combat_behavior
1A6306,ENC_SQ95_Bloodbane
1A6336,OBJ_SQ84_Weed
1A676F,Container_ENC_DET_TheRedMarches_01
1A6879,SQ95_Brownie
1A687B,Volume_Haxhi_Bridge_North
1A68B5,Volume_Haxhi_Bridge_South
1A68FB,ENC_SQ19_Brownies_w_Crudok
1A69C7,Attach_Object_to_PlayerTarget
1A69C8,Destiny_DrainMana_Ammo
1A69D1,ActorState_DrainMana
1A6A7B,Container_SQ103_BarethCorpse
1A6A85,SQ95_Crudok
1A6AB4,Out_DET_South_00
1A6C2F,Atk_Bow_BlockSpecial
1A6F88,activity_dropoff_behavior
1A6FE2,Activity_CarryLumber
1A7219,Destiny_HarmonicOverloadObject
1A7ED6,SQ96_Calovar
1A7EDA,SQ96_Volume
1A83DB,Volume_HMSQ01
1A83DD,Volume_Ysa_Interiors
1A8475,SQ102_Volume
1A847B,SQ102_Gask
1A8533,INT_DAL_Yolvan_TheLibrary
1A8635,Object_SQ103_Nel
1A8A2C,guard_rathir_jail
1A8B1C,Volume_Tywili_Camp_Exit
1A99FE,Nyralim_NQD
1AA591,SQ96_EdgarAron
1AA6D5,FFQ61_Bloodstain01
1AA6DA,FFQ61_Bloodstain02
1AA6DB,FFQ61_Bloodstain03
1AA6DC,FFQ61_Bloodstain04
1AA8A7,FP_NQD_Citizens
1AA968,mq04_chantry
1AA981,mq04_enter_camp
1AA9A0,mq04_commander
1AB03C,SQ96_Edgar
1AB09F,ledger_achievements_win
1AB877,enc_sa06_indifference_niskaru
1ABAAB,KV06_EndCombat
1ABC29,DGN_STR_BrokenTowerBasement
1ABD34,bhaile_space
1AC007,NPC_Tilera_HideSecondSpear_Talent
1AC16B,ENC_SQ100_Escort
1AC263,INT_CTY_Rathir_Pride
1AC274,CTY_Ysa
1AC37B,player_has_armor_additive
1AC3DD,activity_waitress_linked
1AC445,activity_linked
1AC56F,cty_rathir_scholiaarcana
1AC767,Atk_Parent_Magic
1AC7DE,moves_data
1ACA3B,NPC_Tilera_EquipBlindingLightSpear_Talent
1ACA50,moves_win
1ACA93,NPC_Tilera_RetrieveBlindingLightSpear_Talent
1ACAA1,NPC_MQ_LJO_GeneralTilera
1ACB04,Activity_MQ09_Tilera_RetrieveSpear
1ACD34,mq05_ballads_accolades
1AD5C0,melsenshir_volume_archer_movement
1AD8B2,demo_RathirVignette
1AD9A8,enc_fp01_taibreahmonster
1AD9FF,Cursewood_NQD
1ADAC3,out_klu_east_01
1ADCC1,Volume_SQ107
1ADCC2,DGN_CAV_ShattertierMine
1ADCC5,ENC_FFQ71_Master_1
1ADCC6,ENC_FFQ71_Master_2
1ADCCE,ENC_FFQ71_Master_3
1AE3EE,KV_Lore
1AE658,ShadowPass_NQD
1AE7E2,mq05_nyralim_greet_volume
1AE9FD,mq05_lamarra_greet
1AECE3,Volume_SQ69_BossWin
1AEECA,dgn_str_houseofsorrows02
1AEF68,SpriteChampion_StartHidden
1AEF6C,Sprite_StartHidden
1AEF6D,SpriteChampionFlame_StartHidden
1AEF6E,SpriteChampionFrost_StartHidden
1AEF6F,SpriteChampionStorm_StartHidden
1AF07E,obj_sq17_widowdoor
1AF146,obj_ffq05_skeleton_source
1AF147,OBJ_FFQ05_Skeleton_Source_2
1AF148,OBJ_FFQ05_Skeleton_Source_3
1AF149,OBJ_FFQ05_Skeleton_Source_4
1AF14A,OBJ_FFQ05_Skeleton_Source_5
1AF14B,OBJ_FFQ05_Skeleton_Source_6
1AF14C,npc_melsenshir_tuathaexecutioner_mage
1AF23E,NPC_CancelCurrentActivity
1AF289,Lever_Weconai_EncounterTrigger
1AF3BC,Opponent_PlayIdle
1AF45A,QA01_Volumes
1AF477,melsenshir_volume_trollfight
1AF53E,SQ68_AltarInteraction
1AF54D,mq01_encel_meet_start
1AF6F5,DGN_FCA_Ghennig
1AF74E,Volume_SQ67_BossWin
1AF761,enc_fp04_encounter
1AF789,Volume_SQ67_AudraConversation
1AF842,Container_SQ78_Grave
1AF84C,obj_fp04_scaledoor
1AFA10,NPC_Fae_Teleport
1AFAF7,mq01_s1_enter_pit
1AFAF8,mq01_s1_victim
1AFAF9,mq01_s1_tuatha
1AFB0A,OBJ_SQ144_Lever
1AFC19,SQ55_Pura
1AFC81,OUT_POE_South_01
1AFCB0,SQ56_Volume01
1AFDFE,vignette_rathir_flythrough
1AFDFF,vignette_ysa_flythrough
1AFE00,vignette_adessa_flythrough
1AFE01,vignette_melsenshir_flythrough
1AFE51,QuestItem_FFQ25_Note
1B0063,melsenshir_volume_spearmen
1B0A14,NPC_FFQ08_Niskaru
1B0C0F,Alserund_NQD
1B11AF,cinematic_melsenshir_bridge
1B1296,SQ55_Volume01
1B12A1,NQD_Villages_Prisons
1B1A7F,SQ41_Gate
1B1B47,DGN_STR_EagonnsTomb
1B1BBD,DGN_STR_IronfastKeep
1B1D79,Container_ENC_ALA_HighFulgen_Corpse_01
1B1DE3,Volume_SQ82_Anella
1B1E79,SQ56_SpeakstoneInteractions
1B1F41,cty_melsenshir_bossbattle_4thstage
1B1F4B,melsenshir_thirdstagevolumes
1B2A38,ENC_Volume_Bandit_Ambush01
1B2BEE,mq05_haxhi_encounters
1B2CC8,npc_wos_bowtutorial
1B2CE9,Set_Named_Encounter_To_Active
1B2D45,ENC_Quest_HV07_OutsideEncounter
1B2F37,SQ56_CubicVolume
1B2F78,DMO_E3_Start
1B2FE7,ENC_Quest_SQ56_Engard
1B32EB,trap_shadow_prism
1B331A,Landing_Water
1B342D,Container_ENC_ALA_HighFulgen_04
1B3459,container_enc_det_menetyre_01
1B359F,wos_spiderencounter_volume
1B3616,Container_ENC_ALA_HighFulgen_05
1B368B,out_poe_north_04
1B38A4,mage_unique07_head
1B38AB,activity_dialogonuse
1B391B,Magic_Execution
1B39C5,mq05_ysa_gate
1B39C9,Object_SQ82_Cage
1B3B41,KV07_Encounter_FateHarvest
1B3C79,SQ125_IltheiaTrigger
1B3CB3,OUT_DET_West_01_02
1B41FE,TimeSlowExemption
1B4A93,mq06_ysa_throneroom
1B4A94,mq06_court_pedestal
1B4AB2,container_enc_klu_DrownedForest_01
1B4C93,mq06_pedestal_approach
1B4C98,animatic_02_01_mq06
1B4CA7,FFQ45
1B4CEA,archer_flee_behavior
1B503F,DGN_DVG_CavernsofIngress
1B555D,obj_melsenshir_load
1B5986,balor_camera_incapcitate
1B5BFE,mq01_flee_1
1B5C03,mq01_flee_2
1B5C04,mq01_flee_3
1B5C05,mq01_flee_4
1B5C6C,obj_targetpractice_tutorial_magic
1B607A,door_std_wos_start
1B62B3,melsenshir_falling_trap
1B65B2,State_LaunchedLand
1B6689,balor_protected_volume
1B6BAF,ENC_Quest_HV08_Arena
1B6D00,ENC_SQ66_Ticneri
1B6E7F,mq06_ysa_font
1B7145,mq03_agarth_meeting_failsafe
1B73A4,INT_DAL_Didenhil_CraftHall
1B7683,OUT_POE_TRAN_South_02_to_South_03
1B7785,tirnoch_aoe_location
1B78A0,SASQ01
1B78A4,SASQ02
1B78A6,SASQ03
1B78AE,enc_sasq01_wildfae
1B78DB,SASQ01_Volume
1B7AAA,DGN_CAV_ValjeanMine
1B7F97,Container_ENC_OdarathAmbush_01
1B807A,Container_OdarathCorpse_01
1B8342,cinematic_mq01_lab_attack_final
1B872C,NPC_AlynShir_Teleport
1B8D21,Volume_SQ13_found_antelope
1B8D22,DGN_DVG_TheNexus2
1B8DAE,Container_OdarathCorpse_02
1B8DDF,mq01_general_volumes_script
1B96E6,Amaura_Refiner_Volumes
1B970C,staff_wos_initialstaff
1B970F,Container_OdarathCorpse_03
1B9C9A,SQ108_NPC
1B9D54,Container_ENC_DET_Apotyre_Gnome_01
1B9F1D,bolgan_vignette_ambush
1B9F87,ENC_Quest_HV05_Crudok
1BA0BE,Container_ENC_YolvanAmbush_01
1BA174,npc_wos_troll
1BA18C,obj_wos_trollblocker
1BA1CC,SQ04_BossVolume
1BA225,SQ137_Chest
1BA6EF,guard_didenhil_jail
1BA733,NPC_DAL_STR_EnconegHoln
1BB2CC,DlcCallbacks
1BB7DA,encounterbehavior_vignetteambush
1BB92E,Volume_SQ36_ArielConversation
1BB95B,DGN_STR_Bonnlach
1BB9CF,Brownie_Pestilent
1BB9D6,SA08_MethneenBackup
1BBB7C,SQ109_JottunPot
1BBD3C,magic_etherealguard
1BBF94,OBJ_FFQ31_Corpse
1BD206,obj_shakeandrumble
1BD3B1,melsenshir_fx_debris
1BD4CE,obj_chantry
1BD4F0,trap_roguegambit
1BD74A,kv03_enc_final_niskaru_tyrant
1BD79C,Lever_Gorhart_Jail
1BD8D6,ENC_MQ07_FirstLaz
1BD8D7,DGN_CAV_SaltwellCaverns
1BD949,Trap_ProximitySpike_MQ07
1BDA14,vignette_ost_death
1BDB24,kv03_niskaru_hunter
1BDC4D,SQ154
1BDCEF,SQ133_CenturyBlossom
1BE0F5,vignette_kv03_sorcerer
1BE178,Container_ENC_DET_TheHollowlands_13
1BE1DC,kv03_ost_death_sorcerer
1BE743,OBJ_SQ154_Door
1BE9F4,dlc_win
1BED4C,player_dialogue
1BF4C2,QuestItem_FFQ68_Prismere_Raw
1BF707,nqd_region_dalentarth
1BF70B,Container_ENC_KLU_CaeledCoast_06
1BF751,INT_POE_Emaire_Inn
1BF80F,Container_ENC_DET_TheHollowlands_14
1BFA08,Atk_Bow_Scatter
1BFB9F,Container_ENC_KLU_CaeledCoast_11
1BFF1B,Container_ENC_ForsakenPlainAmbush_01
1C1FDD,DGN_HOL_tinehil
1C2542,SQ65_Ordo_Volume
1C3306,Atk_Bow
1C377B,Container_ENC_ForsakenPlainAmbush_02
1C3D79,bear_basic_tutorialguran
1C3DB6,manual_win
1C47A7,MQ10_Volumes
1C4C24,SQ55_Halcyor
1C4E97,Container_WindemereCorpse_01
1C5AC1,mq15_pride_volumes
1C5E40,SQ155
1C682D,dgn_dvg_hurvarsdoorsill
1C6B71,SQ91_Colm_Volume
1C6B75,SQ82_Anella_Volume
1C6B77,Container_SQ155_PadricCorpse
1C6CBA,NQD_Orbocant
1C6D26,mq16_general_volumes
1C6E3D,DGN_STR_Dannestar
1C6E8D,bed_inn
1C6F6B,WarswornVault
1C6F6F,trap_proximityspikesequencer_tr06
1C7247,MQ14_Dannestar_TowerCollapseDebris
1C7385,Destiny_HarmonicOverload
1C73EA,NPC_Quest_Teleport
1C7E12,DGN_DVG_Weconai
1C96C4,player_inventory_manager
1C96CC,sa08_runes
1C974E,npc_sa08_spellrune
1C97A5,HV08_Post
1C9852,SQ154_Volume
1C9853,SQ154_Anira
1C98BE,npc_sa08_sydanus_manadrain_hit
1C99DE,Tripwire_DarkvariMine_01
1C99EF,cinematic_char_gen_mgr
1C9A16,FFQ69_Brazier
1C9AF7,MQ16_Cur_BossWin
1C9B11,MQ15_Dren_BossWin
1C9B30,MQ16_Gadflow_BossWin
1C9C2E,DEV_PersuasionTest
1C9CA5,FFQ34_FIN
1C9F7F,NQD_Village_Didenhil_Jail
1CA5FB,lever_didenhil_jail
1CA978,MQ15_Myrna_BossWin
1CA9B3,mq15_pride_door_trigger
1CAA69,DGN_ERU_FallenHall
1CAA70,FP03_Ambush
1CACBE,DGN_HOL_Arduath
1CB050,Dgn_Cav_CharamsMine_ambushs
1CB100,TR02_DummyAmetair
1CB101,TR02_AmetairHealth
1CB392,mq15_pride_boss
1CB4F0,vignette_agarth_ettin_meeting
1CB4F3,wintersembrace_behavior
1CBA44,DGN_CAV_FP02Cache_2
1CBB01,FP02_Ambush
1CBD06,OBJ_FFQ10_Bookcase
1CC2ED,Delayed_Volume_Triggered_Encounter
1CC2F3,Trigger_Secondary_Encounter
1CC308,obj_chantry_mq04
1CC7C2,haxhidam_tuathaambush
1CCCC3,OUT_POE_South_03
1CCCCF,MQ16_Alfar_Ally
1CCD0E,sword2h_unique12
1CCD70,run_turn_180
1CD2E7,credits_win
1CD933,MQ16_Cur_Health_Check
1CDAB2,SQ61_RewardRing
1CDB9E,lever_rathir_prison
1CDFC2,cinematic_01_01
1CDFCA,cinematic_03_04
1CE21B,mq01_armory_chests
1CE319,WintersEmbraceFXObject
1CE31E,lever_ayten_jail
1CE38E,lever_emaire_jail
1CE3F1,lever_whitestone_jail
1CE3F2,cinematic_03_03_010
1CE3F3,cinematic_01_01_010
1CE555,lever_kandrian_jail
1CE9E8,DGN_CAV_SkoriaMine
1CEE2E,OUT_POE_North_01
1CF0CB,cinematic_02_01
1CF0EB,HM02_Nix
1CF8D6,SQ18_Paedryygyn_Boss_Win
1CF905,SQ18_Paedryygyn
1CFBDF,lever_adessa_jail
1CFCB0,Gadflow
1CFD29,activity_placebomb
1D006A,save_restore_animation_win
1D0318,activity_tuatha_placebomb_start_vignette
1D0B93,account_win
1D0CAD,Magic_SeekingBlades_Release
1D0CB3,balor_aoe_location
1D0CC6,SQ97_KandriansRing
1D0CF2,SQ67_door_volume
1D0EDC,vignette_alynshir_intro
1D172A,SQ21_Volume
1D172B,SQ155_Volume
1D1B16,npc_SQ63_teleport
1D1C7F,mq02_fomorous_cauldron_vignette
1D1C83,activity_fomorous_cauldron_start_vignette
1D1C8B,well_of_souls_lab_fomorous
1D1E8E,NPC_FP06_Bisarane_Teleport
1D1EA8,NPC_Boss_Bisarane
1D1EA9,NPC_FP06_Bisarane_SummonBase
1D2141,volume_mq14_shadowwalk
1D2147,SQ23_RedTheDead
1D22EA,npc_laz_mq14_playdead
1D2479,DGN_CAV_BloodstoneDeep
1D251D,DGN_CAV_ZungarShaft
1D2553,KV01_Clews
1D25CD,SQ06_SmallContainer_Ambush
1D2844,dgn_str_houseofvengeance
1D2846,EncounterBehavior_ApproachPlayer_200m
1D28B1,npc_mq16_cur_teleport
1D28B2,npc_mq16_cur_horn
1D29C7,Activity_KV01_Kneeling_HeadBowed
1D29CC,DGN_CAV_Didenhil_Jail
1D2A36,DGN_CAV_DarkvariMine
1D2A7A,DGN_CAV_CharnokQuarry
1D2B0A,SQ127_Cur_Health_Check
1D2B91,npc_poe_ljo_janicksisters
1D2BD3,Alchemy_Entitlement_03
1D2DF5,npc_dok_alyn_shir
1D2FAF,State_Lockon
1D327E,PCQ01
1D341D,Atk_Bow_Enter
1D341E,Atk_Sceptre_Enter
1D356A,NPC_GwynAnwy
1D38DF,entitlements
1D3D4A,npc_summoner_bhaile
1D3F51,obj_tr01_artifactsource
1D4290,scriptlink_disableactivities
1D4325,npc_tr06_hunterpenalty
1D4395,dgn_dvg_theblackenedhall
1D43D3,obj_tr06_finallever
1D43F9,dgn_charamsmine_trsq03
1D4D22,activate_secondary_encounter
1D508D,MinimapReagentViewItem
1D50E8,entitlement_item
1D514B,EntitlementChest
1D58A4,DGN_STR_OhnsStand
1D58BF,NPC_KV10_Ally
1D5ACF,SQ66_bosswin
1D5AE9,PARENT_2HSword
1D5AEA,PARENT_Chakram
1D5AEB,PARENT_Faeblades
1D5AEC,PARENT_Hammer
1D5B4A,PARENT_Sceptre
1D5BE0,vignette_out_dal_west_01_agarthintro
1D5C1B,RichUserPresence
1D5D65,npc_boss_besin
1D5D66,npc_kv10_besin_teleport
1D5D67,npc_kv10_besin_summonhunter
1D612C,SQ65_Cur_Health_Check
1D6470,SQ46_interact
1D6501,NPC_DeathLoop_QuestEssential_Talent
1D6639,vignette_out_dal_west_01_agarthambush
1D6734,SQ140_Dead
1D6738,ASE_TR08_Argine
1D6739,ASE_TR08_Grim
1D6819,NPC_Sorcerer_BubbleShield
1D681A,NPC_Sorcerer_BubbleShield_Talent
1D681B,sorcerer_goto_shield_behavior
1D681D,sorcerer_stay_within_shield_behavior
1D681F,Barghest_Arcane
1D68D5,tos_win
1D6B27,cutscene_title_win
1D6BDF,DGN_STR_Gastyr
1D6FB3,Secondary_IncapacitateEnter
1D7278,AQ_lever_1
1D7279,AQ_lever_2
1D727A,AQ_lever_3
1D7601,vignette_out_dal_west_01_agarthambush_rogue
1D7778,Volume_SQ133_Niskaru
1D78E6,Incapacitated_Projectile
1D7C06,Incapacitated_Projectile_Release
1D7C07,Volume_SQ117
1D7DBE,Volume_SQ19
1D7DE2,npc_tilera_startretrieveblindinglightspear_talent
1D81C7,gadflowprojection
1D81FB,Volume_SQ100_HiddenDoorTrigger
1D82BC,obj_wos_troll_door
1D8500,FTP_Discovery_Volumes_Valor
1D8627,INT_CTY_Rathir_Prison
1D8628,DGN_CAV_Ayten_Jail
1D8629,DGN_CAV_Emaire_Jail
1D862A,DGN_CAV_Gorhart_Jail
1D862B,DGN_CAV_Whitestone_Jail
1D862C,DGN_STR_Kandrian_Jail
1D862D,DGN_STR_MelSenshir_Jail
1D86EA,DGN_HOL_Ysa_Jail
1D88DB,sq141_loaddoor
1D8942,DGN_CAV_LuckyMine
1D8BE7,ENC_Whitestone01
1D8D53,HealingSurge
1D8D79,ui_layers_win
1D8EA5,DLC1_MQ01
1D8EAA,DLC2_MQ01
1D9020,DLC1_MQ_NQD
1D909B,dlc1_unique_npc_callbacks
1D909C,dlc1_unique_item_callbacks
1D90AB,dlc2_unique_item_callbacks
1D90AD,dlc2_unique_npc_callbacks
1D91B4,HV_FightBoard
1D94F0,dgn_dvg_yumytheatreoffate
1D9505,dgn_dvg_yumy
1D9A9A,DLC2_Activity_MQ01_InvestigateBody
1D9A9B,DLC2_MQ01_Trap_SpinningBlades
1D9AAC,DLC2_MQ01_Volumes
1D9AB2,DLC2_NPC_DAL_DOK_HelycMercenary
1D9AB5,DLC2_MQ_NQD
1D9B08,DLC2_MQ01_Pteryx_Encounter
1D9C34,DLC1_MQ01_ExplodingDoor
1DA025,DLC1_NQD_GrayvhalKeep
1DA0A8,DLC1_MQ02
1DA1CA,DLC1_Container_MQ02_AstrolabeContainer
1DA727,DLC2_DGN_SEW_SouthernPassage
1DA728,DLC2_OUT_TON_PassageExterior
1DA821,DLC1_MQ03
1DA822,KV07_ReckoningDoor
1DA9C4,DLC2_SQ04
1DA9C6,DLC2_SQ05
1DA9C8,DLC2_SQ06
1DA9CA,DLC2_SQ07
1DA9D2,DLC2_MQ02
1DAB0A,DLC2_SQ01
1DAB65,DLC1_Lever
1DACE4,DLC2_CTY_Idylla
1DACE5,DLC2_MQ02_Henge
1DB1AF,DLC1_PHQ01_Volumes
1DB28C,DLC2_START_MQ02
1DB297,DLC1_MQ04
1DB2FA,DLC2_NPC_TON_KOL_Secandra
1DB506,DLC1_DeadKellsShip
1DB52D,DLC2_MQ02_Volumes
1DB52E,DLC2_MQ02_Kahrunk
1DB6C0,DLC2_OBJ_SQ06_Urns
1DB722,DLC2_SQ02
1DB771,DLC2_Idylla_NQD
1DB8DC,npc_boss_dren
1DB997,DLC2_MQ03
1DBA5B,DLC2_OBJ_SQ04_Statue
1DBB5D,DLC2_MQ03_Encounter_1
1DBB5E,DLC2_MQ03_Encounter_2
1DBB60,DLC2_MQ03_Encounter_3
1DBB61,DLC2_MQ03_Volumes
1DBB6D,DLC1_Castaways
1DBB6F,DLC1_Resources
1DBB70,DLC1_Shipwrecks
1DBB88,DLC2_TeethOfNaros_NQD
1DBD8E,DLC2_SQ07_WaterInteraction
1DBDE0,DLC1_MQ05
1DBE72,DLC2_SQ01_InteractibleBait
1DBE75,DLC2_SQ01_Lever01
1DBE77,DLC2_SQ01_Lever02
1DBE7A,DLC2_SQ01_Trap_SpinningBlades
1DBE7D,DLC2_ENC_Quest_SQ01_Encounter01
1DBF79,golem_charge_loop
1DBF7D,golem_charge_hit
1DC0FC,DLC2_OBJ_SQ07_AmphoraShrine
1DC156,DLC2_SQ07_Volumes
1DC33D,DLC2_SQ07_EvenrootInteraction
1DC381,DLC2_START_MQ03
1DC4A1,Kollossae
1DC519,Kollossae_Guard
1DC877,NPC_Lykeios_Fighter
1DC96B,npc_mq15_dren_teleport
1DCB75,DLC1_MQ06
1DCBF5,wellofsouls_placebomb
1DCD09,dlc2_SQ03
1DCD0F,DLC2_MQ04
1DCFBD,DLC1_Construction
1DD0DA,DLC2_MQ04_Volumes
1DD0DD,DLC2_DGN_SEW_HyperianComplex
1DD0DE,DLC2_OBJ_MQ04_PrimalBrazier
1DD343,DLC1_SQ02
1DD458,PressurePlateRepeating_SQ142
1DD58F,activity_idle_behavior
1DDA98,DLC2_START_MQ04
1DDAC8,npc_mq15_myrna_teleport
1DDAC9,Atk_Parent_Vignette
1DDB05,DLC2_SQ01_Lever03
1DDB06,DLC2_SQ01_Trap_SpinningBlades2
1DDB07,DLC2_SQ01_Trap_SpinningBlades3
1DDB22,npc_boss_myrna
1DDBD4,DLC2_PlayerLineVolume
1DDC6E,npc_mq15_myrna_manadrain_hit
1DDC9A,NPC_ContextReact_Cower_Talent
1DDEF8,DLC1_SQ04
1DDF3C,INT_POE_Emaire_HagniHome
1DE403,DLC1_NQD_GallowsEnd
1DE4A0,DLC2_MQ05
1DE4BD,encounterbehavior_leash55m
1DE4C3,encounterbehavior_leash35m
1DE6C2,ENC_DLC1_MQ02_Gorta
1DEA58,DLC2_SQ08
1DEBE7,DLC2_MQ05_Volumes
1DEBE8,DLC2_MQ05_JailDoorSensor
1DEBE9,DLC2_MQ05_JailSensor
1DEBF6,DLC2_DGN_SEW_Nyxaros
1DED48,DLC1_SQ01
1DEDB2,npc_mq01_holdarchertargets
1DEDCC,DLC1_Shipwreck_Encounters
1DEED6,DLC1_NPC_GAL_VAR_NinaMallois
1DF086,DLC1_SQ05
1DF1F5,DLC1_NPC_GAL_VAR_AlderMalloi
1DF214,DLC1_SQ06
1DF27B,DLC2_START_MQ05
1DF3D0,DLC2_MQ06
1DF433,DLC2_FFQ01
1DF435,DLC2_FFQ02
1DF437,DLC1_SQ03
1DF4C8,DLC2_SQ06_Volume
1DF60D,DLC1_FFQ01
1DF73D,DLC2_DGN_CAV_AirShrine
1DF743,DLC2_DGN_CAV_EarthShrine
1DF74D,DLC2_MQ06_ShrineScript
1DF74E,DLC2_MQ06_PressurePlate
1DF78F,DLC2_SQ05_Shrine
1DF820,lever_melsenshir_jail
1DFA59,DLC1_Diplomacy
1DFB56,DLC2_Idylla_NQD_Citizens
1DFC6C,DLC1_SQ07
1DFCDA,cinematic_03_02
1DFCEC,DLC2_START_MQ06
1E00B1,DLC1_NPC_DeadKel
1E0142,DLC2_SQ09
1E0551,DLC2_MQ05_SlaverEncounter
1E07AC,DLC1_Helpers
1E07CE,DLC1_NPC_GAL_DOK_AngharadGlyndowr
1E080E,cinematic_02_01_010
1E0825,cinematic_02_01_110
1E0826,cinematic_03_01_020
1E0829,cinematic_06_01_010
1E082A,cinematic_06_01_180
1E082F,cinematic_03_05_010
1E083B,joeonly_use_altcam01
1E0B8D,MQ09_DefendSpear_Encounters
1E0D23,DLC1_AllyGifts
1E0D4E,mq_primorida_door
1E139E,DLC1_OUT_GAL_GrayvhalKeep_Courtyard
1E159D,DLC1_Diplomacy_Encounters
1E1EC0,DLC2_FFQ03
1E2003,DLC2_Player_Teleport_LOC_1
1E21A8,DLC2_FFQ04
1E24EF,DLC2_SQ01_RatEscapeVolume
1E25FB,lever_oneshot_leverpulldisable
1E27AB,DLC2_ENC_Quest_SQ01_Encounter03
1E2EC5,DLC2_SQ04_Sprites
1E3110,DLC2_SQ01_SlidingBlade
1E313D,DLC2_SP_Lever
1E38D3,Smashable_PteryxEgg
1E393A,DLC2_MQ02_JottunAmbush
1E39F6,dlc0_npc_arena_ally
1E39F7,dlc0_npc_arena_ally_sorcerer
1E3D10,DLC2_SQ10
1E3DF1,dlc2_player_teleport_loc_1b
1E3DF2,dlc2_player_teleport_loc_2
1E3DF3,dlc2_player_teleport_loc_2b
1E3DF4,dlc2_player_teleport_loc_3
1E3DF5,dlc2_player_teleport_loc_3b
1E3E83,player_react_frozen
1E4B92,DLC2_SQ04_Volumes
1E4BE4,DLC2_ENC_Quest_SQ01_Encounter02
1E4BED,DLC2_SQ01_volume
1E4C0D,DLC2_SQ01_RatVolume
1E4C8C,FFQ86
1E4C8E,FFQ87
1E4C90,FFQ88
1E4DBF,DLC1_NPC_Dreadnought
1E4DC8,follow_fleeing_player_behavior
1E4E8E,DLC1_NPC_Baronett
1E5044,DLC1_NPC_MQ05_Baronett_Teleport
1E5266,DLC2_SQ11
1E52B6,DLC2_DGN_SEW_IdyllaSewer
1E52C2,DLC2_Idylla_JobBoard
1E531F,DLC2_ENC_SQ11_Troll
1E534B,DLC2_Idylla_JobBoard_NQD
1E5660,DLC2_SQ12
1E5D5F,DLC1_NPC_Witch
1E6308,DLC1_PH01a
1E632B,DLC2_SQ13
1E632E,DLC2_SQ14
1E6345,DLC1_PH02a
1E68BD,cinematic_theatreoffates_alynshir_intro
1E6972,return_to_idle_location_behavior
1E699E,DLC1_PH03a
1E69A0,DLC1_PH04a
1E69A2,DLC1_PH05a
1E69A4,DLC1_PH06a
1E6CEC,DLC1_SQ08
1E7191,DGN_CAV_WaterhallDown
1E7E8A,SQ49_OdinationTome
1E83C8,dlc2_sq10_volumes
1E83C9,dlc2_enc_sq10_fight_1
1E83CA,dlc2_enc_sq10_fight_2
1E83CB,dlc2_enc_sq10_fight_3
1E8650,KVSQ03_reagentsource
1E8BCF,DLC1_PH06b
1E8C88,gambit
1E8ED5,SQ84_Merchant
1E8F62,dlc2_player_teleport_loc_4
1E8F64,dlc2_player_teleport_loc_5
1E8F65,dlc2_player_teleport_loc_5b
1E9013,state_launchedjuggle
1E949D,Chicken
1E9AB5,DLC1_Translator
1E9AB9,DLC1_PH04b
1E9B44,DLC2_MQ04_HyperianPaths
1E9E97,dlc2_player_teleport_loc_6
1E9E98,dlc2_player_teleport_loc_7
1EA0F1,dlc2_sq13_lever01
1EA1C4,dlc2_mq04_hyperianpaths_2
1EA229,Lockon
1EA292,interact_shrine_ynadon
1EA293,interact_shrine_thyrdon
1EA294,interact_shrine_mitharu
1EA295,interact_shrine_talentmitharu
1EA296,interact_shrine_lyria
1EA297,interact_shrine_ethene
1EA298,interact_shrine_belen
1EA348,dlc2_sewers_henge
1EA441,DLC2_MQ04_Procession_2
1EA442,DLC2_MQ04_Procession_3
1EA4CE,mq03_tutorial_tuatha_rogue
1EA614,INT_DET_HouseOfValor_GrimshawsHouse
1EA797,DLC1_PH03b
1EA816,DLC1_PH05b
1EA818,DLC1_Painting
1EB27F,FFQ69_Boggart
1EB3CD,DLC1_Painting_Interact
1EB3CE,DLC1_Keep_Entrance_Volumes
1EB3F1,tempest
1EB3F2,IceBarrage
1EB3F5,StormBolt
1EB443,DLC1_PH02b
1EB447,activity_enceldoor
1EB49A,DLC1_BeastMaster
1EB98E,DLC2_DGN_SEW_UnderSewer
1EBC4B,NPC_Gwalchmai
1EBE06,DLC1_LordOfTheKeep
1EC62A,DLC1_PH01b
1EC882,DLC1_Throne_Interact
1ECA10,DLC1_BeastMaster_Encounter
1ECAA1,dlc2_sq10_reward_1
1ECAA3,dlc2_sq10_reward_2
1ECB26,DLC1_FallingRockDebris
1ECC01,trap_plantsnapper_maidfight
1ED0EA,dlc2_player_teleport_loc_8
1ED199,DLC2_NPC_Barks
1ED425,DLC1_Keep_Encounters
1EDE33,DLC1_MQ03_BossFaerGorta
1EE0E7,DLC1_PH07a
1EEA2B,vignette_balor_incapacitate
1EEA44,DLC1_GravehalKeep_InteriorSpaces
1EEBF2,enc_well_bridge_fight
1EEC9D,DLC1_PH07b
1EECE1,player_swim_idle
1EED6D,DLC2_SQ10_Start
1EEEFB,SQ126_NPC
1EF031,DLC1_Lorestone
1EF085,stat_update_calls
1EF0F0,dlc2_TON_player_teleport_loc_1
1EF0FA,dlc2_sq10_reward_3
1EF135,DLC2_SQ16
1EF190,DLC2_SQ16_Volumes
1EF191,DLC2_ENC_SQ16_Sprites
1EF196,DLC2_FFQ03_Start
1EF199,DLC2_FFQ04_Start
1EF271,DLC2_SQ17
1EF454,DLC2_SQ17_Volumes
1EF579,HM01_FachenParents
1EF7BD,NPC_HM04_BrotherWulf
1EF87C,DLC1_ZefwynsBag
1EFD7C,DLC2_player_teleport_undersewer_loc_1
1EFD97,npc_sq18_widow_teleport
1EFE97,name_win
1EFEE8,map_data
1F0173,DLC1_NPC_Barks
1F01EC,DLC1_MasterAtArms
1F02A6,DLC2_player_teleport_undersewer_loc_2
1F032C,shine_and_shadow
1F0475,DLC2_player_teleport_undersewer_loc_3
1F0847,ea_uk_showcase
1F08D5,DLC1_OUT_GAL_West_01
1F08D6,DLC1_OUT_GAL_East_01
1F093E,cinematic_03_05_005
1F0946,AlchemyPotion_GenderPersuasion
1F0A4C,DLC1_Pet
1F0C92,DLC1_ENC_PH01b_Root_Golem
1F0DBF,DLC1_ENC_PH01b_Niskaru
1F0DC3,DLC1_DGN_CAV_FloodedCavern
1F0EDF,DGN_STR_SparringArena_LeanasheDoor
1F0EE0,DGN_STR_SparringArena_TrollDoor
1F1172,Merchant_Trinkets
1F14C4,gem_to_buffs
1F16DF,Goldpile
1F1B5A,NPC_Base_Despawn
1F1C3B,vignette_gadflow_intro
1F1C5C,vignette_tirnoch_stg1_transition
1F1FE9,dlc2_mq03_marauders
1F233E,DLC2_SP_Trigger_Debris
1F24A7,DLC2_Nerotelos_Chambers
1F24A9,DLC2_Nerotelos_GreenFlames
1F24AA,DLC2_Nerotelos_PurpleFlames
1F24AB,DLC2_Nerotelos_RedFlames
1F2801,DLC1_DGN_DKP_GrayvhalFasting
1F314E,DLC1_FateDoor
1F3163,DLC1_cinematic_dead_kel_intro
1F3179,DLC2_MQ01_Rogue_Death
1F322A,dlc1_npc_gal_var_bridgettemalloi
1F3240,DLC1_cinematic_whispering_witch_intro
1F354C,DLC1_cinematic_baronett_intro
1F3575,DLC1_OUT_GAL_Sandbar_01
1F3576,DLC1_MQ01_GallowsEnd_Vignette
1F3577,DLC1_MQ01_Shipwreck_Vignette
1F3942,DLC1_DGN_CAV_DarkHarbor
1F3B5E,DLC2_Sewers_FishLever
1F4304,DLC1_RumbleOnInteract
1F432A,DLC1_SQ04_Lever
1F4360,DLC2_Sewers_WateringPlants
1F4361,DLC2_Sewers_WateringPlants2
1F4362,DLC2_Sewers_Trigger_Debris
1F4363,alchemy_potion_invisibility
1F4398,DLC2_Sewers_Plant1
1F4399,DLC2_Sewers_Plant2
1F4496,dlc2_player_teleport_loc_4b
1F44CE,dlc2_player_teleport_loc_8b
1F46EA,ConsumableManager
1F470D,NPC_Summoner_TriggerMinionHeal
1F48B1,DLC1_interact_shrine_gaea
1F48B2,DLC1_interact_shrine_njordir
1F48B3,DLC1_interact_shrine_vraekor
1F4CAA,DLC2_Sewers_Henge_North
1F4CAF,DLC2_Sewers_Henge_East
1F4CB4,DLC2_Sewers_Henge_South
1F4CBD,DLC2_Sewers_Henge_West
1F5414,DLC2_Anokatos_Intro
1F5415,DLC2_Secandra_Intro
1F5620,DLC1_MQ02_DeadKel_Cinematic
1F596A,DLC1_vignette_no_player_control
1F5E99,dlc1_npc_deadkel_faergorta
1F636D,DLC2_player_teleport_undersewer_loc_4
1F636E,DLC2_player_teleport_undersewer_loc_5
1F636F,DLC2_player_teleport_undersewer_loc_6
1F6371,DLC2_player_teleport_undersewer_loc_8
1F6C9F,DLC1_cinematic_Altar_Magic_Infuse
1F6CAE,DLC1_AltarLoadDoor
1F7BCD,ENC_Quest_SQ67_Jottun
1F7D7B,dlc1_npc_deadkel_teleport
1F8007,atk_sceptre_blockspecial_primal
1F8BDB,int_dal_stodwigsperpetualmissionmain
1F8BE1,dlc2_reagentsource_evenroot
1F9633,DLC1_NPC_DeadKel_Projectile
1F9668,dlc2_player_teleport_loc_9
1F9669,dlc2_player_teleport_loc_9b
1F966A,dlc2_player_teleport_loc_10
1F966C,dlc2_player_teleport_loc_10b
1F99F2,DLC1_MQ05_AltarDoor
1F9AE0,tilera_eyebeam_shield
1F9CC6,tirnoch_incapacitate_exit
1F9E50,dlc1_cinematic_sit_on_throne
1F9E51,dlc1_cinematic_stand_up_from_throne
1F9F4C,DLC2_Nerotelos_LeverPuzzle
1FA346,DLC2_INT_CTY_Idylla_The_Lykeios
1FA402,dlc2_player_teleport_loc_11
1FA408,dlc2_player_teleport_loc_12
1FA84B,DLC1_Container_Quest_PH_ShipPartsPile_01
1FA84D,DLC2_SQ01_Mine01_Volume
1FA84E,DLC2_SQ01_Mine02_Volume
1FA86B,dlc1_cameraLibrary
1FA946,DLC1_cinematic_bloodgrin_intro
1FACB9,DLC2_vignette_idylla_flythrough
1FAE85,DLC2_SouthernPassage_Lever
1FAEC4,DLC2_SQ01_MineCustom
1FAECA,unlockables_trigger_volume
1FAF02,EntitlementPersuasionBuffItem
1FAFDC,DLC1_Volume_SQ06_ENC_01
1FAFDD,DLC1_Volume_SQ06_ENC_02
1FB557,dlc1_dgn_dkp_cliffbreakfasting
1FB55E,dlc1_dgn_dkp_underseafasting
1FB91E,DLC2_MQ04_DoorEncounter
1FBA9B,dlc1_dgn_dkp_mudholdfasting
1FBB59,DLC2_MQ_Shake
1FBE2F,DLC2_OBJ_MQ04_HyperianEntrance_Fake
1FC8D4,DLC2_OUT_TON_North_01
1FC9D9,dlc1_trap_arrow_volume
1FCD4C,dlc2_lorestone
1FD130,dlc1_npc_bloodgrin_berserk_enter
1FD2A4,dlc2_player_teleport_loc_13
1FD2A5,dlc2_player_teleport_loc_13b
1FD5E4,dlc1_npc_gal_alm_tari
1FD610,dlc1_npc_gal_dok_brattigan
1FDA71,DLC2_player_teleport_undersewer_loc_9
1FDAED,DLC2_Trigger_Secondary_Encounter
1FDCDF,DLC1_OUT_GAL_TRAN_North_01_to_East_01
1FDDC0,dlc1_dgn_cav_brigandhideaway
1FDEDB,DLC1_MQ06_DeadKel_BossIntro_Vignette
1FE0BB,DLC1_NPC_OllieMadsen
1FE527,DLC2_SpriteChampionPrimal
1FE536,dlc1_whisperingwitch_attack_teleport
1FE659,DLC1_MartensMates_Encounter
1FF3C1,DLC2_OBJ_MQ01_KollossaeCorpse
1FF7CF,DLC1_OUT_GAL_East_01_to_East_02
1FFF33,DLC2_MQ01_Pteryx_Encounter_2
2000FE,DLC1_MQ06_DeadKel_BossIntro_Cinematic
200115,DLC2_Interact_Shrine_KollossaeAltar
200139,DLC2_Interact_Shrine
2001AB,DLC2_Primos_ParryableProjectile
20065F,DLC2_Primos_Fight
2008B4,DLC2_Kollossae_Statue_PrimosFight
200941,DLC2_Kollossae_Primos_BossBattle
20095B,DLC2_Opening
20096D,DLC1_OUT_GAL_North_02
200AB6,dlc1_encounter_scavs
200AF2,dlc1_scarab_whisperingwitch
200B2F,DLC1_Activity_PlantExplosive
200BAD,DLC1_Activity_PlantExplosiveCover
200BD2,DLC1_Opening_Cinematic
200C5E,DLC1_Book_Sign_Gallows
200D11,dlc1_akara_tree_flythrough
200D12,dlc1_darkharbor_flythrough
200D73,dlc2_obj_mq06_hyperianstairs
200E1B,DLC2_OBJ_InstantPile
2010FC,dlc1_keep_flythrough
201810,DLC2_Hyperian_Jump_Volume
201926,DLC2_MQ02_Kollossae_Soldiers
201C40,DLC2_OBJ_Nerotelos_Helmet
201C41,DLC2_OBJ_Nerotelos_Sword
201D94,dlc2_obj_sew_block
20208F,dlc2_mq06_hyperian_channeler
20231C,DLC2_Hyperion_Rising_Exterior
2024E2,DLC2_Activity_MQ04_Prayer
203226,DLC2_OBJ_Hyperian_Idylla
2032B2,DLC3_SQ02
203300,DLC3_SQ01
203DCA,dlc2_hyperian_jump_save_volume
203FED,DLC3_SQ03
204255,dlc1_mage_set01
20426E,dlc1_npc_scionguard
20431F,dlc2_volume_autosave
204813,dlc2_cty_idyllapopulation
204890,DLC2_Trigger_SP_Exit_Door
20492D,DLC3_SQ02_Tendril
20496E,DLC3_MQ_NQD
204AD4,dlc3_unique_item_callbacks
204AD5,dlc3_unique_npc_callbacks
204AF1,DLC3_SQ02_RuneShrine
204B80,DLC3_SQ05
204BAC,DLC3_SQ04
204C49,DLC3_SQ02_Lever
204CDE,DLC3_SQ02_Volumes
204CF9,DLC3_SQ06
204D95,DLC2_Hyperion_Antechamber_Door
204DB2,DLC2_Activity_MQ04_Prayer_2
204E8F,DLC3_DGN_STR_HuntsmansKeep
204E94,DLC3_SQ04_Encounter01
204FD4,dlc3_sq03_encounter01
204FEF,DLC3_SQ04_Trigger_01
204FF1,DLC3_SQ04_Trigger_02
2050A4,dlc3_sq03_leftroomvolume
2050A5,dlc3_sq03_ritualvolume
2050DB,dlc3_sq03_stoneofforesight_interactible
20512F,dlc3_sq03_redswitch01
205131,dlc3_sq03_redswitch02
20517F,DLC3_SQ04_Volume_01
2051E8,DLC3_SQ04_Trigger_Encounter01
2051EB,dlc2_primos_create_statues_talent
2051EC,dlc2_primos_teleport_to_arena_talent
2051ED,dlc2_primos_teleport_to_platform_talent
205308,DLC3_SQ04_Volume_02
2053B6,DLC3_SQ04_Trigger_Encounter02
2053B7,DLC3_SQ04_Trigger_Encounter03
2053B8,DLC3_SQ04_Trigger_Encounter04
2053C1,DLC3_SQ04_Volume_03
2053D9,DLC3_SQ04_Volume_04
2054D6,DLC3_SQ04_Volume_05
2054D7,DLC3_SQ04_Trigger_Encounter05
2054DD,DLC3_SQ04_Volume_06
2054E6,DLC3_SQ04_Trigger_Encounter06
205613,DLC3_SQ07
205616,DLC2_MQ01_Rogue_Death_Scene1
2056A9,dlc3_out_islewytren
2056D8,dlc3_sq03_volume01
205740,dlc3_sq03_rightroomvolume02
205741,dlc3_sq03_suicidevolume02
205742,dlc3_sq03_hubroomvolume
205753,dlc3_sq03_leftroomvolume02
205762,DLC3_SQ03_FinalEncounterVolume
205790,DLC3_SQ03_Return_Pedestal_Interact
205B0A,dlc2_mq02_kahrunk_attendant
205C76,dlc2_cty_idylla_sewers_fighterencounters
205D28,dlc3_SQ07_Lever_TrapShutOff
205E1F,DLC2_OBJ_MQ_DenricRock
205E40,DLC3_SQ07_Door_Hide_STR_01
205E6F,DLC3_SQ05_NPC_BanshaenBoss
206332,DLC3_SQ03_LeftWingEncounter01
2065E8,DLC3_SQ03_RightWingEncounter
2067DD,primos_fate_shift
20693E,DLC3_SQ04_Volume_01a
2069A3,DLC3_SQ03_RightWingEncounter02
206A68,dlc2_out_ton_encountermanager
206A7D,dlc2_out_ton_south_01
206B61,DLC3_SQ03_Volume02
206B98,DLC3_SQ04_Volume_05a
206B99,DLC3_SQ04_Volume_05b
206BE2,DLC3_SQ04_Trigger_03
206D37,DLC3_SQ03_PathingVolumeScript
206DDB,DLC3_SQ03_LastEncounterVolume
206E9E,DLC3_SQ05_Volumes
2072C4,container_dlc3_sq06_lysander_reward
20732E,DLC3_SQ03_NQD
207346,dlc3_sq02_encounter
20734A,dlc2_obj_nerotelos_bow
20746A,DLC3_SQ04_Potion_Interact
20746F,DLC3_SQ04_Volume_00
2075EE,DLC3_SQ07_Enc_Specific_NiskaruTyrant
2075F9,dlc2_primos_secandra_trap
2079C1,DLC3_SQ09
207AF2,dlc3_sq09_volumes
207B51,dlc3_sq09_legone_altar_encounter
207C3C,DLC3_SQ06_NQD
207CA9,dlc2_spritesoldier
207D6E,DLC3_SQ07_Enc_Murghan_Group
207F19,dlc3_sq09_onInteract
2081BD,dlc2_cinematic_hyperion_rising_interior
208302,dlc2_mage_set01_feet
208303,dlc2_mage_set01_hands
208304,dlc2_mage_set01_head
208305,dlc2_mage_set01_torso
208306,dlc2_mage_set02_feet
208307,dlc2_mage_set02_hands
208308,dlc2_mage_set02_head
208309,dlc2_mage_set02_torso
20830A,dlc2_mage_unique01_feet
20830B,dlc2_mage_unique01_hands
20830C,dlc2_mage_unique01_torso
20832C,dlc2_rogue_set01_torso
20832D,dlc2_rogue_set01_feet
208331,dlc2_rogue_set01_hands
208332,dlc2_rogue_set01_head
208333,dlc2_rogue_set01_legs
208334,dlc2_rogue_set02_feet
208335,dlc2_rogue_set02_hands
208336,dlc2_rogue_set02_head
208337,dlc2_rogue_set02_legs
208338,dlc2_rogue_set02_torso
208339,dlc2_rogue_unique01_feet
20833A,dlc2_rogue_unique01_hands
20833B,dlc2_rogue_unique01_head
20833C,dlc2_rogue_unique01_legs
20833D,dlc2_rogue_unique01_torso
20833E,dlc2_warrior_set01_feet
20833F,dlc2_warrior_set01_hands
208340,dlc2_warrior_set01_head
208341,dlc2_warrior_set01_legs
208342,dlc2_warrior_set01_torso
208343,dlc2_warrior_set02_feet
208344,dlc2_warrior_set02_hands
208345,dlc2_warrior_set02_head
208346,dlc2_warrior_set02_legs
208347,dlc2_warrior_set02_torso
208348,dlc2_warrior_unique01_feet
208349,dlc2_warrior_unique01_hands
20834A,dlc2_warrior_unique01_head
20834B,dlc2_warrior_unique01_legs
20834C,dlc2_warrior_unique01_torso
20834F,DLC3_SQ04_Trigger_Encounter04a
208350,DLC3_SQ04_Trigger_Encounter04b
2083A2,dlc2_amulet_unique01
2083A3,dlc2_amulet_unique02
2083A4,dlc2_amulet_unique03
2083A5,dlc2_amulet_unique04
2083A6,dlc2_amulet_unique05
2083A7,dlc2_amulet_unique06
2083A8,dlc2_ring_unique01
2083A9,dlc2_ring_unique02
2083AA,dlc2_ring_unique03
2083AB,dlc2_ring_unique04
2083AC,dlc2_ring_unique05
2083AD,dlc2_ring_unique06
2083AF,dlc2_mage_shield_unique01
2083C9,dlc2_mage_shield_unique02
2083CA,dlc2_rogue_shield_unique01
20841B,dlc2_rogue_shield_unique02
20841C,dlc2_warrior_shield_unique01
20841E,dlc2_warrior_shield_unique02
20843E,dlc2_chakrams_unique01
20843F,dlc2_chakrams_unique02
208440,dlc2_daggers_unique01
208441,dlc2_daggers_unique02
208443,dlc2_greathammer_unique02
208444,dlc2_longbow_unique02
208445,dlc2_faeblades_unique01
208446,dlc2_faeblades_unique02
208447,dlc2_sceptre_unique01
208448,dlc2_sceptre_unique02
208453,dlc2_staff_unique01
208454,dlc2_staff_unique02
208455,dlc2_sword1h_unique01
208456,dlc2_sword1h_unique02
208457,dlc2_sword2h_unique02
20847E,dlc2_greathammer_unique01
