id,value
05E745,SKY
08C068,LORE
096F71,Buff
0A0AAB,FAB
0B0B93,PATH
0B54D7,TASK
0E35C4,sound
0F1B50,UIXml
0F8A69,QUEST
15032E,DECAL
166A07,REGION
17B347,motion
18C8BA,Shader
199B09,TALENT
218D5F,ITEMSET
21E729,Ragdoll
2234ED,SIMTYPE
22AFB3,TEXTURE
236E56,HATESET
23CA69,PATHSET
23E09C,CLUSTER
2612F1,TERRAIN
271AC4,ABILITY
272F2E,FACTION
284593,fabslot
2B0AD7,FXACTOR
2B9AE0,VIGNETTE
323A4A,BEHAVIOR
33F243,MATERIAL
386F0D,SIMSPACE
3CAC73,MOTIONSET
40752A,ENCOUNTER
407E37,VOICETYPE
40FB0D,FXPATTERN
41971B,ANIMATION
46AB68,LuaScript
46D717,LOOTTABLE
4A8B29,MOTIONTREE
4AFBB0,CINEMATIC
55A168,ARTSETAMMO
60E5C1,ACHIEVEMENT
659FE0,DIALOGAUDIO
6D79C8,Interaction
6DBBB4,EFFECTSTATE
753482,COLLISIONSET
760292,BEHAVIORTREE
775E2F,MONSTERGROUP
8722B4,DIALOG_TOPIC
A1E30C,PHYSICSACTION
A79D3F,terrain_patch
B69FF7,InputDeviceMode
BA9409,PLAYER_ABILITY
C4E3F5,PLATFORM_SHADER
C96C5B,RUMBLE_SEQUENCE
CCC0E3,GlobalObjectRef
D4728A,CINEMATIC_SCENE
D9336C,lua_script_path
E1CE6B,CAMERACONTROLLER
ECEDD7,COLLISION_PROFILE
F8DA63,TerrainPaletteSet
10C5508,DIALOGUECAMERASET
10DD883,InputDeviceAction
1262608,InputDeviceControl
143B251,InputDeviceSequence
161E46B,WEAPON_EFFECT_TABLE
1D9FA28,COLLISION_EFFECT_TABLE
28A8CAD,ACTIVE_SUMMONING_ENCOUNTER
4C1F255,DYNAMIC_CHARACTER_WEAPON_FX_TABLE
