id,value
061FF3,Kobolds__B
061FF7,Kobolds__D
061FF8,Kobolds__Y
061FFC,Kobolds__A
061FFD,Kobolds__C
061FFE,Kobolds__Z
062008,OBSOLETE_Ettin_Brutes_S
062009,OBSOLETE_Ettin_Brutes_M
06200A,OBSOLETE_Ettin_Brutes_L
06B9A2,Bear_S
06B9A3,Bear_M
06B9A4,Bear_L
06B9CA,GiantSpider__C
06B9D6,GiantSpider__B
06B9E0,GiantSpider__A
06B9FD,MG_Sprite_Soldier_E_S
06BA36,OBSOLETE_Brownies_S
06BA52,OBSOLETE_Brownies_M
06BA5C,OBSOLETE_Brownies_L
07EF34,Boggart_Tribesman_M_NoEmerge
07EF35,Boggart_Tribesman_S_NoEmerge
07EF36,Boggart_Tribesman_L_NoEmerge
07EFED,DLC0_HoV_UntouchableTroll
07F1E4,NiskaruTyrant__A
084447,TEST_Kruts_ActiveSummoningMonsterGroup
085EA2,QUEST_SQ27_Runnelskirt
08854B,QUEST_MQ03_Assassins_S_Wave1
08854C,QUEST_MQ03_Assassins_S_Wave2
089D52,Boggart_Tribesman_XL_NoEmerge
08AD6F,Boggart_Tribesman_1_NoEmerge
08C7C9,Boggart_Tribesman_20_NoEmerge
09059D,SQ52_Outlaw_Miners
091384,UnseelieGuards_M_01
091583,QUEST_MQ07_Assassins_L
0915FC,UnseelieGuards_L_01
0915FD,UnseelieGuards_S_01
092BFA,OBSOLETE_Niskaru_Tyrant_M
092C03,OBSOLETE_Niskaru_Tyrant_L
093B44,MQ09_Niskaru_Test
094701,GiantRats_S
094707,GiantRats_M
09470C,GiantRats_L
095501,OBSOLETE_CC_Boggarts_100
095561,QUEST_KV01_Outlaws
097438,QUEST_HM02_Sprites_Uduath
097439,QUEST_HM02_Boggarts_Uduath
09743C,QUEST_HM02_Barghest_Uduath
097B49,QUEST_KV03_NiskaruWhelp_S
097B4E,QUEST_KV03_NiskaruWhelp_L
097B4F,QUEST_KV03_NiskaruWhelp_M
097B52,QUEST_KV03_Mages_S
097B53,QUEST_KV03_Mages_M
097B54,QUEST_KV03_Mages_L
097DBB,Warsworn_HuellAssassins_M
097DD4,Warsworn_HuellAssassins_L
098A19,MG_Sprite_Mix_Storm_H_M
098A1A,MG_Sprite_Mix_Storm_H_L
098A1B,MG_Sprite_Mix_Frost_H_M
098A1C,MG_Sprite_Mix_Frost_H_L
098A1D,MG_Sprite_Mix_Flame_H_M
098A1E,MG_Sprite_Mix_Flame_H_L
098A5D,MG_Sprite_Soldier_E_M
098A5E,MG_Sprite_Soldier_E_L
099E0E,OBSOLETE_MG_Boggart_Tribesman_E_S
099E43,OBSOLETE_MG_Boggart_Plaguebearer_H_S
099EE8,MG_Barghest_Feral_H_S
099EEA,OBSOLETE_MG_Boggart_Tribesman_E_M
099EEB,OBSOLETE_MG_Boggart_Mix_H_M
099EF0,OBSOLETE_MG_Boggart_Mix_H_L
099EF1,OBSOLETE_MG_Boggart_Tribesman_E_L
099F00,MG_Barghest_Feral_H_L
099F02,MG_Barghest_Feral_H_M
099F03,MG_Troll_Rock_H_M
09A6AD,QUEST_MQ14_SonsOfLaz_Test
09C673,QUEST_MQ15_Pride_Blasters_Monsters
09C67E,QUEST_MQ15_Pride_Summoners_Monsters
09C6FA,QUEST_MQ15_Alfar_Attack_Monsters
09FC95,QUEST_HM06_Boggarts_SummersEnd
09FC97,QUEST_HM06_Trolls_SummersEnd
09FC99,QUEST_HM06_Sprites_SummersEnd
09FCEA,QUEST_HM06_Kobolds_SummersEnd
0A114E,OBSOLETE_Bandit_Human_Mixed_SpearArchers_M
0A1155,OBSOLETE_Bandit_Human_Mixed_DaggerArchers_M
0A1452,OBSOLETE_Bandit_Human_Daggers_S
0A1453,OBSOLETE_Bandit_Human_Daggers_M
0A1454,OBSOLETE_Bandit_Human_Daggers_L
0A145E,OBSOLETE_Bandit_Human_Archers_M
0A145F,OBSOLETE_Bandit_Human_Archers_L
0A1460,OBSOLETE_Bandit_Human_Archers_S
0A1461,OBSOLETE_Bandit_Human_Swordsman_S
0A1462,OBSOLETE_Bandit_Human_Swordsman_M
0A1463,OBSOLETE_Bandit_Human_Swordsman_L
0A1464,OBSOLETE_Bandit_Human_Mixed_SwordArchers_M
0A1465,OBSOLETE_Bandit_Human_Mixed_SwordArchers_L
0A1466,OBSOLETE_Bandit_Human_Mixed_SpearArchers_L
0A1467,OBSOLETE_Bandit_Human_Mixed_DaggerArchers_L
0A1469,OBSOLETE_Bandit_Human_Mixed_SwordArchers_S
0A146F,QUEST_HM07_Sprites
0A14B6,QUEST_FFQ69_FriendlyBoggart
0A1567,Jottun_Melee_S
0A1568,Jottun_Melee_M
0A1569,Jottun_Melee_L
0A2429,Murghan__A
0A2432,QUEST_KV10_Mages_S
0A243A,QUEST_KV10_NiskaruHunter_M
0A2ADA,Warsworn_Mages_L
0A2ADB,Warsworn_Mages_M
0A2ADC,Warsworn_Mages_S
0A60D2,Bolgans_Melee_S
0A60D3,Bolgans_Melee_M
0A60D4,Bolgans_Melee_L
0A62D9,QUEST_TR08_CathedralGuards
0A62F7,QUEST_TR08_GnomeSentries
0A6F4C,QUEST_SQ15_Barghest
0A8A1A,QUEST_SQ04_Bogeyman
0A8AC4,Guards_Adessa
0A8EE4,MQ03_Niskaru_Pack
0A91B7,OBSOLETE_SonsOfLaz_Soldiers_S
0A91B8,OBSOLETE_SonsOfLaz_Soldiers_M
0A91B9,OBSOLETE_SonsOfLaz_Soldiers_L
0A91BA,OBSOLETE_SonsOfLaz_Mixed_S
0A91BB,OBSOLETE_SonsOfLaz_Mixed_M
0A91BC,OBSOLETE_SonsOfLaz_Mixed_L
0A930B,OBSOLETE_Niskaru_Hunter_L
0A930C,OBSOLETE_Niskaru_Hunter_M
0A930D,OBSOLETE_Niskaru_Hunter_S
0A930E,Niskaru_Mixed_M
0A930F,Niskaru_Mixed_L
0AB538,MG_Sprite_Mix_Frost_H_S
0AB850,QUEST_SQ12_Brownies
0AEA8A,Tuatha_Raider_G
0AEA8B,Tuatha_Raider_A
0AEA8C,Tuatha_Raider_F
0AEA8D,Tuatha_Raider_C
0AEA8E,Tuatha_Raider_E
0AEA90,Tuatha_Raider_D
0B1B46,OBSOLETE_MG_Forest_Thresh_S
0B1B47,OBSOLETE_MG_Forest_Thresh_M
0B1B48,OBSOLETE_MG_Forest_Thresh_L
0B3553,Bogeyman_S
0B3554,Bogeyman_M
0B3555,Bogeyman_L
0B3559,Leanashe_S
0B355A,Leanashe_M
0B355B,Leanashe_L
0B3A74,Faer_Gorta_M
0B3AA5,QUEST_FFQ21_Kobold_Mixed_Rotclaw
0B3AA6,QUEST_FFQ21_Kobold_Mixed_Blackshriek
0B3AA7,QUEST_FFQ21_Kobold_Mixed_KingFang
0B49AB,Gnome_Henchmen_S
0B4EA0,Faer_Gorta_L
0B7299,QUEST_FFQ23_Darkvari
0B72A3,QUEST_FFQ23_Cynric
0B72A5,QUEST_FFQ23_Zungar
0B8DE6,MQ09_Niskaru_Tyrant
0B99EC,Bandit_Human_Darkvari__A
0B99ED,Bandit_Human_Darkvari__C
0B99EE,Bandit_Human_Cynric__A
0B99EF,Bandit_Human_Cynric__B
0B99F0,Bandit_Human_Zungar__A
0B99F1,Bandit_Human_Zungar__E
0CC0F2,OBSOLETE_Ettin_Shamans_S
0CC405,OBSOLETE_Ettin_Shamans_M
0CC406,OBSOLETE_Ettin_Shamans_L
0CD1EE,OBSOLETE_Ettin_Mixed_EarlyGame_L_01
0CD1EF,OBSOLETE_Ettin_Mixed_EarlyGame_M
0CD1F2,OBSOLETE_Ettin_WarPriest_S
0CD29B,OBSOLETE_Ettin_Mixed_EarlyGame_L_02
0CD746,OBSOLETE_Ettin_Mixed_LateGame_L_02
0CD747,OBSOLETE_Ettin_Mixed_LateGame_M_01
0CD74A,OBSOLETE_Ettin_Mixed_LateGame_L_01
0CDCE1,OBSOLETE_Ettin_WarPriest_M
0CDCF0,OBSOLETE_Ettin_Mixed_LateGame_L_03
0CDD62,OBSOLETE_Ettin_Mixed_LateGame_M_02
0CE4D3,Wolves__A
0CE4D4,Wolves__B
0CE4D5,Wolves__C
0DA6A7,Faer_Gorta_S
0DB274,OBSOLETE_MG_Swamp_Thresh_Boggart_01
0DB412,OBSOLETE_MG_Swamp_Thresh_Boggart_02
0DB60E,OBSOLETE_MG_Swamp_Thresh_Boggart_03
0DB636,Boggarts_Thresh__Z
0DB637,Boggarts_Thresh__B
0DB639,Boggarts_Thresh__A
0DCC70,OBSOLETE_MG_Swamp_Thresh_S
0DCC73,OBSOLETE_MG_Swamp_Thresh_M
0DCC76,OBSOLETE_MG_Swamp_Thresh_L
10226A,QUEST_MQ03_Assassins_S_Caster
133967,Valor_1vM_Easy_Round_01
133968,Valor_1vM_Easy_Round_02
133969,Valor_1vM_Easy_Round_04
13396A,Valor_1vM_Easy_Round_05
13396B,Valor_1vM_Easy_Round_06
13396C,Valor_1vM_Easy_Round_03
13396D,Valor_1vM_Easy_Round_07
13396E,Valor_1vM_Easy_Round_08
13396F,Valor_1vM_Easy_Round_09
133970,Valor_1vM_Easy_Round_10
133CDC,Banshaen_Murghan_Cave__A
133CEA,Banshaen_Cave__A
133CEE,Banshaen__A
133CF0,Banshaen__Z
135259,Quest_U04_FearGorta_M
136562,Adessa_Loansharks
139092,OBSOLETE_MG_Boggart_Plaguebearer_H_M
13AA29,MelSenshir_LadderMelee
13AA2A,MelSenshir_LadderArcher
13AA69,MelSenshir_CrossBattle
13B05F,MelSenshir_Tuatha_Melee_Mix
13B0D7,QUEST_Adessa_Sparring_FaerGorta
13B257,Adessa_Container_VeryEasy
13B258,Adessa_Container_Easy
13B259,Adessa_Container_Average
13B25A,Adessa_Container_Hard
13B25C,Adessa_Container_VeryHard
13ED1A,Tuatha_Priests_S
13ED1B,Tuatha_Priests_M
13ED1F,Tuatha_Priests_L
141E87,Quest_SQ103_NiskaruHunter
14251C,QUEST_SQ95_Barghest
142569,QUEST_SQ95_Brownies_M
143313,QUEST_SQ96_MirriusGuards
144C65,ENC_FP04_Kobolds
1466CB,Jottun_Runewielder_M
1466CD,Jottun_Chieftain_S
147871,Quest_HV01_Wave_01
147872,Quest_HV01_Wave_02
147873,Quest_HV01_Wave_03
14814C,MelSenshir_Reinforcement_Ranged
148156,MelSenshir_Reinforcement_Melee
148FD0,NiskaruTyrant__A_NE
149663,MelSenshir_Tuatha_1h
1496A0,MelSenshir_Guard_Melee
14A624,MelSenshir_Tuatha_CasterAmbush
14C7AD,Tuatha_Raider_B
14C7AE,Tuatha_Raider_Z
14C7CD,Tuatha_Soldier_A
14C7CE,Tuatha_Soldier_B
14C7CF,Tuatha_Soldier_C
14C7D0,Tuatha_Soldier_D
14C7D1,Tuatha_Soldier_E
14C7D2,Tuatha_Overlord_A
14C7D3,Tuatha_Overlord_B
14C7D4,Tuatha_Overlord_C
14C7D5,Tuatha_Overlord_D
14C7D6,Tuatha_Zealot_A
14C7D9,Tuatha_Zealot_B
14C7DA,Tuatha_Zealot_C
14C7DB,Tuatha_Zealot_D
14C7DC,Tuatha_Zealot_E
14C7DE,Tuatha_Soldier_Z
14C7DF,Tuatha_Soldier_Y
14C7E6,Quest_FP06_Final_Fae
14D586,Troll_Prismere
14D9D0,WellofSouls_Crossbattle_L
14F29D,RedLegion__A
14F29E,RedLegion__Z
14FADC,WellofSouls_Crossbattle_M
14FADD,WellofSouls_Crossbattle_S
150931,Bandit_Freeman__A
150933,Bandit_Freeman__Z
1509A9,WellofSouls_Assassin_Final_01
150DD6,SQ69_Commander
151B5B,Kobolds_Mixed_Tutorial
151B5F,WellofSouls_Crossbattle_Kobolds
152686,QUEST_KV_Dokkalfar_Sorcerers_A1
15268A,QUEST_KV_Dokkalfar_Sorcerers_B1
15268C,QUEST_KV_Dokkalfar_Sorcerers_C1
1526F0,QUEST_KV_Dokkalfar_Sorcerers_D1
1526FF,QUEST_KV_Dokkalfar_Sorcerers_Z1
152701,QUEST_KV_Dokkalfar_Sorcerers_Y1
152702,QUEST_KV_Dokkalfar_Sorcerers_X1
1559F0,Jottun__A
1559F1,Jottun__B
1559F2,Jottun__C
1559F3,Jottun__Z
1559F4,Jottun__Y
1559F5,Jottun__X
1559F6,Jottun__W
1559F7,Jottun__D
155F6E,Kobolds_Barghests__Z
155F6F,Kobolds_Barghests__Y
155F70,Kobolds_Barghests__D
155F71,Kobolds_Barghests__C
155F72,Kobolds_Barghests__B
155F73,Kobolds_Barghests__A
156481,Guards_Arden
1565BC,Tuatha_Troll_A
1565BD,Tuatha_Troll_B
1565BE,Tuatha_Troll_C
15670F,Guards_Gorhart
15877B,WellofSouls_Assassin_Final_02
1587F8,WellofSouls_Lab_Assassins
159318,QUEST_TR01_GnomishTroops
15BB6F,Guards_Ysa
15C2F3,Kobolds__A_NoFateshift
15C2F4,Kobolds__B_NoFateshift
15C2F5,Kobolds__C_NoFateshift
15C2F7,Kobolds__D_NoFateshift
15C35C,Ettin_Brutes_S_NoFate
15C35D,Ettin_Shamans_S_NoFate
15C3AF,Ettin_Mixed_EarlyGame_M_NoFate
15E37A,Barghests_Boggarts__A
15E4B0,Barghests_FaerGorta__A
15E730,Barghests_Boggarts__B
15E731,Barghests_Boggarts__Y
15E732,Barghests_FaerGorta__Z
15E733,Barghests_FaerGorta__Y
15E77E,Boggarts_Leanashe__A
15E77F,Boggarts_Leanashe__B
15E780,Boggarts_Leanashe__Z
15E7A5,FaerGorta_Leanashe__A
15E7A6,FaerGorta_Leanashe__Y
15E7A7,FaerGorta_Leanashe__Z
15E7AB,Leanashe_Sprite__Z_Flame
15E7AC,Leanashe_Sprite__A
15E7B9,Barghests__A
15E7BA,Boggarts__Z
15E7BB,Boggarts__A
15E7BC,Boggarts__B
15E839,FaerGorta__A
15E842,FaerGorta__B
15E843,FaerGorta__C
15E844,FaerGorta__E
15E847,FaerGorta__D
15E858,Leanashe__A
15E859,Leanashe__Z
15E85E,Thresh__A
15E861,Sprite_Flame__A
15E862,Sprite_Flame__B
15E863,Sprite_Flame__C
15EF87,Bandit_Freeman__C
15F7B4,Barghests_Leanashe_Z
15F7BE,Boggarts_Sprites__Z
15F7BF,Boggarts_Sprites__Y
15F7C0,Boggarts_Sprites__H
15F7C1,Boggarts_Sprites__A
15F7C3,Boggarts_Sprites__P
160B53,Boggarts_Troll__A
160B54,Boggarts_Troll__B
160B55,Boggarts_Troll__Y
160B56,Boggarts_Troll__Z
160B57,Barghests_Troll__A
160B58,Sprites_Troll__A
160B59,Sprites_Troll__B
160B5A,OBSOLETE_Sprites_Troll__Z_Flame
160B6A,Troll__A
160B6B,Troll__M
160B6D,OBSOLETE_Forest_Boggarts_Thresh__Z_NE
160B6E,OBSOLETE_Forest_Boggarts_Thresh__B_NE
160B6F,OBSOLETE_Forest_Boggarts_Thresh__A_NE
160B70,OBSOLETE_Boggarts_Troll__Z_NE
160B71,OBSOLETE_Boggarts_Troll__Y_NE
160B72,OBSOLETE_Boggarts_Troll__B_NE
160B73,OBSOLETE_Boggarts_Troll__A_NE
160B74,OBSOLETE_Boggarts_Sprites__Z_NE
160B75,OBSOLETE_Boggarts_Sprites__Y_NE
160B76,OBSOLETE_Boggarts_Sprites__X_NE
160B77,OBSOLETE_Boggarts_Sprites__C_NE
160B78,OBSOLETE_Boggarts_Sprites__A_NE
160B79,OBSOLETE_Boggarts_Leanashe__Z_NE
160B7A,OBSOLETE_Boggarts_Leanashe__B_NE
160B7B,OBSOLETE_Boggarts_Leanashe__A_NE
160B7C,OBSOLETE_Boggarts__Z_NE
160B7D,OBSOLETE_Boggarts__B_NE
160B7E,OBSOLETE_Boggarts__A_NE
160B7F,OBSOLETE_Barghests_Boggarts__Y_NE
160B80,OBSOLETE_Barghests_Boggarts__B_NE
160B81,OBSOLETE_Barghests_Boggarts__A_NE
160B83,Boggarts_FaerGorta__Z
160B84,Boggarts_FaerGorta__Y
160B85,Boggarts_FaerGorta__A
160B86,Boggarts_FaerGorta__H
160B87,Boggarts_FaerGorta__I
160B88,Boggarts_FaerGorta__B
160B89,OBSOLETE_Boggarts_FaerGorta__Z_NE
160B8A,OBSOLETE_Boggarts_FaerGorta__Y_NE
160B8B,OBSOLETE_Boggarts_FaerGorta__X_NE
160B8C,OBSOLETE_Boggarts_FaerGorta__C_NE
160B8D,OBSOLETE_Boggarts_FaerGorta__B_NE
160B8E,OBSOLETE_Boggarts_FaerGorta__A_NE
160B8F,FaerGorta_Sprites__Z
160B90,FaerGorta_Sprites__Y
160B91,FaerGorta_Sprites__X
160B92,FaerGorta_Sprites__C
160B93,FaerGorta_Sprites__B
160B94,FaerGorta_Sprites__A
160B95,FaerGorta_Troll__Z
160B96,FaerGorta_Troll__Y
160B97,FaerGorta_Troll__N
160B98,FaerGorta_Troll__M
160B99,FaerGorta_Troll__B
160B9A,FaerGorta_Troll__A
160BB3,Kobolds_GiantRatsWolves__A
160BB4,Kobolds_GiantRatsWolves__B
160BB5,Kobolds_GiantRatsWolves__C
160BB6,Kobolds_GiantRatsWolves__Z
160BB7,Kobolds_GiantRatsWolves__D
160BB8,Kobolds_GiantRatsWolves__E
160BB9,Kobolds_GiantRatsWolves__F
160BBA,Kobolds_GiantRatsWolves__Y
160BBB,Kobolds_GiantRatsWolves__X
160BBC,Kobolds_GiantRatsWolves__W
160BBD,Kobolds_GiantRatsWolves__V
160BC0,Kobolds_GiantRatsWolves__U
160C4E,Ettins_Bears__A
160C50,Ettins_Bears__B
160C51,Ettins_Bears__C
160C52,Ettins_Bears__X
160C53,Ettins_Bears__Z
160C54,Ettins_Bears__Y
160C57,Ettins__A
160C58,Ettins__B
160C59,Ettins__U
160C5A,Ettins__C
160C5E,Ettins__Y
160C5F,Ettins__Z
162D53,Crudok__A
16E0F3,Guards_Didenhil
170718,Crudok_GiantSpider__D
170719,Crudok_GiantSpider__B
17071A,Crudok_GiantSpider__A
17071B,Crudok_GiantSpider__C
170720,OBSOLETE_Brownies_FaerGorta__A__QA
170721,OBSOLETE_Brownies_FaerGorta__B__QA
170722,OBSOLETE_Brownies_FaerGorta__C__QA
170723,OBSOLETE_Brownies_FaerGorta__D__QA
170724,OBSOLETE_Brownies_FaerGorta__E__QA
170725,OBSOLETE_Brownies_FaerGorta__V__QA
170727,OBSOLETE_Brownies_FaerGorta__X__QA
170728,OBSOLETE_Brownies_FaerGorta__Y__QA
170729,OBSOLETE_Brownies_FaerGorta__Z__QA
17072A,Brownies_GiantRats__A
17072B,Brownies_GiantRats__B
17072C,Brownies_GiantRats__C
17072D,Brownies_GiantRats__Y
17072E,Brownies_GiantRats__Z
17072F,FaerGorta_GiantRats__A
170731,FaerGorta_GiantRats__E
170732,FaerGorta_GiantRats__C
170733,FaerGorta_GiantRats__B
170736,FaerGorta_GiantRats__F
170737,FaerGorta_GiantRats__D
170738,GiantRats__A
170739,GiantRats__B
17073A,GiantRats__D
17073B,OBSOLETE_Brownies__A__QA
17073C,OBSOLETE_Brownies__B__QA
17073D,OBSOLETE_Brownies__Z__QA
170842,GiantSpider__C__WW
170843,GiantSpider__B__WW
170844,GiantSpider__A__WW
170889,GiantSpider_V_Brownies__A__WW
17088B,GiantSpider_V_Brownies__B__WW
17088F,GiantSpider_V_Brownies__C__WW
170890,GiantSpider_V_Brownies__D__WW
170899,GiantSpider_V_GiantRat__D__WW
17089A,GiantSpider_V_GiantRat__C__WW
17089E,GiantSpider_V_GiantRat__B__WW
17089F,GiantSpider_V_GiantRat__A__WW
171896,HV02_Bandits
17486E,Guards_Rathir
175EF8,HV02_Remus
176791,OBSOLETE_Barghests_Brownies__Y_QA
176792,Barghests_Brownies__Y
176793,OBSOLETE_Barghests_Brownies__B_QA
176794,Barghests_Brownies__B
176795,OBSOLETE_Barghests_Brownies__A_QA
176796,Barghests_Brownies__A
1767A9,Barghests_Brownies__Z
1767AA,OBSOLETE_Barghests_Brownies__Z_QA
1767DE,Barghests_Crudok__A
1767DF,Barghests_Crudok__Z
1767FF,Barghests_Sprites__Z_Flame
176800,Barghests_Sprites__B_Flame
176801,Barghests_Sprites__A
17681E,Barghests_Sprites__B_Storm
17681F,Barghests_Sprites__Z_Storm
17684A,Barghests_Sprites__B_Frost
17684B,Barghests_Sprites__Z_Frost
176891,Boggarts_Brownies__A
176897,Boggarts_Brownies__B
176898,Boggarts_Brownies__H
176899,Boggarts_Brownies__I
17689C,Boggarts_Brownies__R
17689D,Boggarts_Brownies__P
17689E,Boggarts_Brownies__Y
1768A0,Boggarts_Brownies__Z
1768C2,OBSOLETE_Boggarts_Brownies__Z_NE_QA
1768C3,OBSOLETE_Boggarts_Brownies__Y_NE_QA
1768C4,OBSOLETE_Boggarts_Brownies__X_NE_QA
1768C5,OBSOLETE_Boggarts_Brownies__W_NE_QA
1768C7,OBSOLETE_Boggarts_Brownies__D_NE_QA
1768C8,OBSOLETE_Boggarts_Brownies__C_NE_QA
1768C9,OBSOLETE_Boggarts_Brownies__B_NE_QA
1768CB,OBSOLETE_Boggarts_Brownies__A_NE_QA
176920,Boggarts_Crudok__A
176947,Boggarts_Crudok__B
176948,Boggarts_Crudok__Y
17694B,Boggarts_Crudok__Z
176951,OBSOLETE_Boggarts_Crudok__Z_NE
176952,OBSOLETE_Boggarts_Crudok__Y_NE
176953,OBSOLETE_Boggarts_Crudok__B_NE
176954,OBSOLETE_Boggarts_Crudok__A_NE
176971,OBSOLETE_Boggarts_Sprites__Z_NE_Flame
176972,OBSOLETE_Boggarts_Sprites__Z_Flame
176973,OBSOLETE_Boggarts_Sprites__Y_NE_Flame
176974,OBSOLETE_Boggarts_Sprites__Y_Flame
176975,OBSOLETE_Boggarts_Sprites__X_NE_Flame
176976,OBSOLETE_Boggarts_Sprites__X_Flame
17698E,OBSOLETE_Boggarts_Sprites__X_Frost
17698F,OBSOLETE_Boggarts_Sprites__X_NE_Frost
176990,OBSOLETE_Boggarts_Sprites__Y_Frost
176991,OBSOLETE_Boggarts_Sprites__Y_NE_Frost
176992,OBSOLETE_Boggarts_Sprites__Z_Frost
176993,OBSOLETE_Boggarts_Sprites__Z_NE_Frost
17699F,OBSOLETE_Boggarts_Sprites__Z_NE_Storm
1769A0,OBSOLETE_Boggarts_Sprites__Z_Storm
1769A1,OBSOLETE_Boggarts_Sprites__Y_NE_Storm
1769A2,OBSOLETE_Boggarts_Sprites__Y_Storm
1769A3,OBSOLETE_Boggarts_Sprites__X_NE_Storm
1769A4,OBSOLETE_Boggarts_Sprites__X_Storm
1769D0,Brownies__Z
1769D1,Brownies__B
1769D2,Brownies__A
1769D3,OBSOLETE_Crudok__Z
1769DB,OBSOLETE_Brownies_Crudok__Z_QA
1769DC,Brownies_Crudok__Z
1769DD,OBSOLETE_Brownies_Crudok__Y_QA
1769DE,Brownies_Crudok__Y
1769DF,OBSOLETE_Brownies_Crudok__B_QA
1769E0,Brownies_Crudok__B
1769E1,OBSOLETE_Brownies_Crudok__A_QA
1769E2,Brownies_Crudok__A
1769E9,Brownies_FaerGorta__Z
1769EA,Brownies_FaerGorta__Y
1769EB,Brownies_FaerGorta__X
1769EC,Brownies_FaerGorta__W
1769EE,Brownies_FaerGorta__D
1769EF,Brownies_FaerGorta__C
1769F0,Brownies_FaerGorta__B
1769F1,Brownies_FaerGorta__A
176A3C,OBSOLETE_Forest_Sprites_Thresh__Z_Storm
176A3D,Sprites_Thresh__Z
176A3E,Sprites_Thresh__Y
176A3F,OBSOLETE_Forest_Sprites_Thresh__B_Storm
176A40,OBSOLETE_Forest_Sprites_Thresh__B_Frost
176A41,Sprites_Thresh__B
176A42,Sprites_Thresh__A
176AD8,Sprite_Frost__C
176AD9,Sprite_Frost__B
176ADA,Sprite_Frost__A
176ADD,Sprite_Storm__A
176ADE,Sprite_Storm__B
176ADF,Sprite_Storm__C
176D39,Leanashe_Sprite__Z_Storm
176D3B,Leanashe_Sprite__Z_Frost
176D4D,Brownies_Leanashe__Z
176D4E,Brownies_Leanashe__B
176D4F,Brownies_Leanashe__A
176D99,Brownies_Leanashe__A_QA
176D9A,Brownies_Leanashe__B_QA
176D9B,Brownies_Leanashe__Z_QA
176DAE,OBSOLETE_Sprites_Troll__Z_Frost
176DAF,Sprites_Troll__M
176DB0,OBSOLETE_Sprites_Troll__Z_Storm
176DB1,Sprites_Troll__N
176FC9,Leanashe_Crudok__Z
177DCD,HoV_Guards
177EDC,Quest_HM02_Prisoner_1
177EFE,Quest_HM02_Prisoner_2
177FA0,Quest_HM02_Prisoner_3
177FA1,Quest_HM02_Prisoner_4
177FA6,Quest_HM02_Prisoner_5
17804F,Quest_HM02_Prisoner_Lair
178547,Barghests__Z
179751,HV03_SorcererGroup01
179753,HV03_SorcererGroup02
17975A,HV03_SorcererGroup03
17975B,HV03_SorcererGroup04
179796,HV03_SorcererGroup05
17AD02,HV04_Blademaster
17AE0B,HV04_Unarmed
17AE0C,HV04_Armed
17C03D,SQ125_MonsterGroup01
17C064,SQ133_MonsterGroup01
17CBBF,Quest_SQ80_AlfarSoldiers
17CC1D,Quest_SQ80_Tuatha_1
17CC20,Quest_SQ80_Tuatha_2
17CC2B,Quest_SQ80_Tuatha_3
17CC2E,Quest_SQ80_Tuatha_4
17D6FC,Banshaen_Murghan__A
17D6FE,OBSOLETE_Banshaen_Murghan_High__A
17D70F,Murghan__Y
17D710,Murghan_Cave__A
17E0C6,HV02_Note
17F3B4,Guards_Emaire
17F3B9,Guards_TirinsRest
17FF7B,HV01_RemusGroup
180375,Quest_FFQ71_Tuatha_1
180381,Quest_FFQ71_Tuatha_2
180CEB,HaxhiDam_Tuatha_Troll_CaveEncounter
180E04,Quest_SQ94_Mercenaries
18157C,BelensTestament__A
18157D,BelensTestament__B
18157E,BelensTestament__C
181581,BelensTestament__X
181582,BelensTestament__Y
181584,BelensTestament__Z
181588,BelensTestament__D
18316C,BelensTestament_V_Niskaru__A
18316D,BelensTestament_V_Niskaru__G
18316E,BelensTestament_V_Niskaru__F
18316F,BelensTestament_V_Niskaru__E
183170,BelensTestament_V_Niskaru__D
183171,BelensTestament_V_Niskaru__C
183172,BelensTestament_V_Niskaru__B
183E7D,SQ67_Petraun_Group_Battle
183E92,SQ67_Meraun_Group_Battle
183E93,SQ67_Orsaun_Group_Battle
183FE9,HV03_Brogan
18532C,HV04_MadDog
186B63,SonsOfLaz_Swordwielders__A
186B64,SonsOfLaz_Swordwielders__B
186B65,SonsOfLaz_Swordwielders__C
186B66,SonsOfLaz_Swordwielders__Z
1876A2,NiskaruHunter__A
1876B4,NiskaruHunter__B
1876B5,NiskaruHunter__Z
1876E4,HV05_AmbushGroup
1884EA,Deserter_Freemen__A
1884EB,Deserter_Freeman__B
1884EC,Deserter_Freeman__Z
188896,Guards_MelSenshir
188932,HV06_HoldenGroup
188A93,HV06_JottunGroup
1892A5,SQ124_Encounter1_Group
18938C,Bolgan__A
18938D,Bolgan__B
18938E,Bolgan__C
18938F,Bolgan__D
18ABED,JailBreak_DAL_A
18ABEE,JailBreak_DET_A
18ABEF,JailBreak_POE_A
18ABF0,JailBreak_KLU_A
18ABF1,JailBreak_DAL_B
18AC38,JailBreak_DET_B
18AC3A,JailBreak_POE_B
18AC3C,JailBreak_KLU_B
18BCA7,SQ125_CedricGroup
18F4C8,Guards_Whitestone
19005C,Guards_Ayten
191107,Quest_MQ08_Scaffold_Daggers
191108,Quest_MQ08_Scaffold_Faeblades
191109,Quest_MQ08_Scaffold_DaggersSword
191147,Quest_MQ08_Sacaffold_OneArcher
191148,Quest_MQ08_Sacaffold_TwoArcher
191398,Quest_MQ08_Scaffold_Intermission
1915FA,Guards_MelAglir
19204C,Quest_TRSQ03_Bandits_Mixed
19204D,Quest_TRSQ03_Zungars
19204E,Quest_TRSQ03_Darkvari
19204F,Quest_TRSQ03_Cynrics
1920BB,ENC_TRSQ03_Guard
192628,QUEST_TR07_Gnomes__A
192629,QUEST_TR07_Gnomes__B
19262A,QUEST_TR07_Gnomes__C
19262B,QUEST_TR07_Gnomes__Y
19262C,QUEST_TR07_Gnomes__Z
1946B5,Guards_ScholiaArcana
19491A,Bandit_KV_A1
194928,Bandit_KV_A2
19493F,Bandit_KV_B1
194940,Bandit_KV_B2
194966,Bandit_KV_Z1
19497E,Bandit_KV_Z2
194D17,Bears__A
194D18,OBSOLETE_Bears__B
194D19,Bears__C
194D1D,Ettins_Wolves__Z
194D1E,Ettins_Wolves__Y
194D1F,Ettins_Wolves__D
194D21,Ettins_Wolves__C
194D22,Ettins_Wolves__B
194D23,Ettins_Wolves__A
19630F,HV07_AkselEmile
19633C,ENC_Quest_HV07_Arena
19852D,Sprite_Soldier__A
19852E,Sprite_Soldier__B
19852F,Sprite_Soldier__C
19A260,OBSOLETE_Ettins_FaerGorta__A
19A261,OBSOLETE_Ettins_FaerGorta__B
19A262,OBSOLETE_Ettins_FaerGorta__X
19A263,OBSOLETE_Ettins_FaerGorta__Y
19A264,OBSOLETE_Ettins_FaerGorta__Z
19A273,OBSOLETE_Jottun_Kobolds__A
19A274,OBSOLETE_Jottun_Kobolds__B
19A275,OBSOLETE_Jottun_Kobolds__C
19A276,OBSOLETE_Jottun_Kobolds__D
19A277,OBSOLETE_Jottun_Kobolds__W
19A278,OBSOLETE_Jottun_Kobolds__X
19A279,OBSOLETE_Jottun_Kobolds__Y
19A27A,OBSOLETE_Jottun_Kobolds__Z
19AACB,Crudok_FaerGorta__C
19AAD3,Crudok_FaerGorta__D
19AAD4,Crudok_FaerGorta__B
19AAD5,Crudok_FaerGorta__A
19B0BB,Bears_Kobolds__Z
19B0BC,Bears_Kobolds__Y
19B0BD,Bears_Kobolds__X
19B0BE,Bears_Kobolds__W
19B0C0,Bears_Kobolds__C
19B0C1,Bears_Kobolds__B
19B0C2,Bears_Kobolds__A
19B0DA,FaerGorta_GiantSpiders__F
19B0DB,FaerGorta_GiantSpiders__E
19B0DC,FaerGorta_GiantSpiders__D
19B0DD,FaerGorta_GiantSpiders__C
19B0DE,FaerGorta_GiantSpiders__A
19B0DF,FaerGorta_GiantSpiders__B
19B0E7,Leanashe_GiantSpider__Z
19B0E8,Leanashe_GiantSpider__Y
19B0E9,Leanashe_GiantSpider__B
19B0EA,Leanashe_GiantSpider__A
19B60A,NPCcrew_Crudok
19B60B,NPCcrew_GiantSpider
19B60C,NPCcrew_NiskaruHunter
19B9D5,Murghan__Z
19B9D6,Bears_Sprites__Z_Storm
19B9D7,Bears_Sprites__Z_Frost
19B9D8,Bears_Sprites__Z_Flame
19B9D9,Bears_Sprites__B_Storm
19B9DA,Bears_Sprites__B_Frost
19B9DB,Bears_Sprites__B_Flame
19B9DC,Bears_Sprites__A
19B9DD,Crudok_Murghan__Z
19B9DE,Crudok_Murghan__A
19B9E0,Crudok_Sprite__Z_Storm
19B9E1,Crudok_Sprite__Z_Frost
19B9E2,Crudok_Sprite__Z_Flame
19B9E3,Crudok_Sprite__A
19B9E5,Murghan_Sprites__A
19B9EA,Murghan_Sprites__B_Flame
19B9EB,Murghan_Sprites__B_Frost
19B9EC,Murghan_Sprites__B_Storm
19B9ED,Murghan_Sprites__Z_Flame
19B9EE,Murghan_Sprites__Z_Frost
19B9EF,Murghan_Sprites__Z_Storm
19B9F0,Sprite_Wolf__A
19B9F1,Sprite_Wolf__Z_Flame
19B9F2,Sprite_Wolf__Z_Frost
19B9F3,Sprite_Wolf__Z_Storm
19B9F4,Ettins_Sprites__Z_Frost
19B9F5,Ettins_Sprites__Z_Flame
19B9F6,Ettins_Sprites__Z
19B9F7,Ettins_Sprites__Y_Storm
19B9F8,Ettins_Sprites__Y_Frost
19B9F9,Ettins_Sprites__Y_Flame
19B9FA,Ettins_Sprites__Y
19B9FB,Ettins_Sprites__X_Storm
19B9FC,Ettins_Sprites__X_Frost
19B9FD,Ettins_Sprites__X_Flame
19B9FE,Ettins_Sprites__X
19B9FF,Ettins_Sprites__B
19BA00,Ettins_Sprites__A
19BA01,Ettins_Sprites__Z_Storm
19BA02,Ettins_Sprites__C
19BA05,Ettins_Sprites__C_Storm
19BA06,Ettins_Sprites__C_Frost
19BA07,Ettins_Sprites__C_Flame
19BA08,Ettins_Sprites__B_Storm
19BA09,Ettins_Sprites__B_Frost
19BA0A,Ettins_Sprites__B_Flame
19BA0B,Ettins_Sprites__A_Storm
19BA0C,Ettins_Sprites__A_Frost
19BA0D,Ettins_Sprites__A_Flame
19BA30,Barghests_GiantSpiders__A
19BA31,Barghests_GiantSpiders__B
19BA32,Barghests_GiantSpiders__Y
19BA33,Barghests_GiantSpiders__Z
19BA34,Barghests_GiantSpiders__C
19BA35,Barghests_Thresh__A
19BA36,Barghests_Thresh__Z
19BA40,Forest_Crudok_Thresh__A
19BA43,FaerGorta_Thresh__Z
19BA45,FaerGorta_Thresh__B
19BA46,FaerGorta_Thresh__A
19BA47,Swamp_Leanashe_Thresh__A
19BA48,Spiders_Thresh__Z
19BA49,Spiders_Thresh__A
19BA4A,Thresh__Z
19BA4B,OBSOLETE_Swamp_Barghests_Thresh__Z
19BA4C,OBSOLETE_Swamp_Barghests_Thresh__A
19BA4D,Swamp_Crudok_Thresh__A
19BA51,Brownies_Sprites__Z_Storm
19BA52,Brownies_Sprites__Z_Frost
19BA53,Brownies_Sprites__Z_Flame
19BA54,Brownies_Sprites__B_Storm
19BA55,Brownies_Sprites__B_Frost
19BA56,Brownies_Sprites__B_Flame
19BA57,Brownies_Sprites__A
19BA58,Brownies_Sprites__A_QA
19BA59,Brownies_Sprites__B_Flame_QA
19BA5A,Brownies_Sprites__B_Frost_QA
19BA5B,Brownies_Sprites__B_Storm_QA
19BA5C,Brownies_Sprites__Z_Flame_QA
19BA5D,Brownies_Sprites__Z_Frost_QA
19BA5E,Brownies_Sprites__Z_Storm_QA
19BA5F,Brownies_Thresh__A
19BA60,Brownies_Thresh__Z
19BA61,Brownies_Thresh__Y
19BA62,Brownies_Thresh__B
19BA66,Bandit_Freeman_Wolves__A
19BA67,Bandit_Freeman_Wolves__B
19BA8A,Kobolds_GiantRats__D
19BA8B,Kobolds_GiantRats__C
19BA8C,Kobolds_GiantRats__B
19BA8D,Kobolds_GiantRats__A
19BBC3,OBSOLETE_DEV_GDC_Banshaen
19C0C8,DEV_GDC_WhitePalm_Daggers
19C2A5,DLC0_HoV_StrengthInNumbers
19C3CA,DEV_GDC_Kobolds__Z
19C3E4,DEV_GDC_Kobolds__Y
19CFFD,BelensTestament__E
19CFFE,BelensTestament__W
19D06F,OBSOLETE_DEV_GDC_Boggarts
19D2BB,MQ17_Splinter_Warrior
19D2BC,MQ17_Splinter_Rogue
19D2BD,MQ17_Splinter_Mage
19D2BE,MQ17_Splinter_Mix_1
19D2BF,MQ17_Splinter_Mix_2
19D2C0,MQ17_Splinter_Mix_3
19D9F3,Brownies_GiantSpiders__Z
19D9F4,Brownies_GiantSpiders__Y
19D9F6,Brownies_GiantSpiders__C
19D9F7,Brownies_GiantSpiders__B
19D9F8,Brownies_GiantSpiders__A
19DA42,Barghest_Bolgan__A
19DA43,Barghest_Bolgan__Z
19DA5D,Barghest_Bolgan__Y
19DA60,Bolgan_Troll__A
19DA67,Bolgan_Troll__Z
19DA74,Murghan_Thresh__A
19DA75,Murghan_Thresh__B
19DABC,Banshaen_Murghan__Z
19DAE4,NiskaruPack__A
19DAE5,NiskaruPack__Z
19DAE7,NiskaruPack__Z_NE
19DAE8,NiskaruPack__A_NE
19DAEF,Tuatha_Sprites__Z_Storm
19DAF0,Tuatha_Sprites__Z_Frost
19DAF1,Tuatha_Sprites__Z_Flame
19DAF2,Tuatha_Sprites__B_Storm
19DAF3,Tuatha_Sprites__B_Frost
19DAF4,Tuatha_Sprites__B_Flame
19DAF5,Tuatha_Sprites__A
19DAF7,Tuatha_Sprites__B
19DAF8,Tuatha_Sprites__Z
19DB43,RedLegion__B
19DB44,RedLegion__C
19DB45,RedLegion_Wolves__A
19DB46,RedLegion_Wolves__B
19DB47,RedLegion_Wolves__Z
19DB48,RedLegion_Wolves__Y
19EF6E,ENC_Quest_HV05_Pit
19F211,ENC_Quest_HV05_Arena
19F4EE,Seelie_Narca__B
19F4F1,Seelie_Narca__C
19F4F2,Seelie_Narca__W
19F4F7,Seelie_Narca__X
19F4F8,Seelie_Narca__Y
19F4FA,Seelie_Narca__Z
19F534,Seelie_Narca__D
19F555,Seelie_Narca_Wild__A
19F557,Seelie_Narca_Wild__B
19F558,Seelie_Narca_Wild__C
19F567,Seelie_Narca_Wild__X
19F569,Seelie_Narca_Wild__D
1A01A8,Bandit_Freeman_Jottun__B
1A01A9,Bandit_Freeman_Jottun__A
1A022B,Jailbreak_Rathir_A
1A022C,Jailbreak_Rathir_B
1A0260,Jailbreak_Adessa_A
1A0261,JailBreak_Adessa_B
1A0262,JailBreak_MelSenshir_A
1A0263,JailBreak_MelSenshir_B
1A1273,MQ03_Tuatha_Agarth_1
1A1274,MQ03_Tuatha_Agarth_2
1A252F,HV07_EdgardAlserundGroup
1A62D8,SQ95_Bloodbane
1A6811,QUEST_KV05_Freemen
1A7821,QUEST_KV05_SecretDoorAttack
1A7E57,SQ96_Thresh
1AA5A7,SQ96_EdgarsBodyguards
1AA6BE,NPCcrew_Leanashe
1AA842,Quest_FP03_SorrowRebels_M
1AA845,Quest_FP03_SorrowRebels_S
1ACC0F,Brownies_Kobolds__Z
1ACC10,Brownies_Kobolds__Y
1ACC11,Brownies_Kobolds__X
1ACC13,Brownies_Kobolds__C
1ACC14,Brownies_Kobolds__B
1ACC15,Brownies_Kobolds__A
1ACCAD,OBSOLETE_Swamp_Boggarts_Thresh__Z
1ACCAE,OBSOLETE_Swamp_Boggarts_Thresh__H
1ACCAF,OBSOLETE_Swamp_Boggarts_Thresh__A
1ACCF1,OBSOLETE_Swamp_Sprites_Thresh__Z_Storm
1ACCF2,OBSOLETE_Swamp_Sprites_Thresh__Z_Frost
1ACCF3,OBSOLETE_Swamp_Sprites_Thresh__Z_Flame
1ACCF4,OBSOLETE_Swamp_Sprites_Thresh__B_Storm
1ACCF5,OBSOLETE_Swamp_Sprites_Thresh__B_Frost
1ACCF6,OBSOLETE_Swamp_Sprites_Thresh__B_Flame
1ACCF7,OBSOLETE_Swamp_Sprites_Thresh__A
1ACD00,Tuatha_Barghests__Y
1ACD01,Tuatha_Barghests__X
1ACD02,Tuatha_Barghests__Z
1ACD03,Tuatha_FaerGorta__C
1ACD04,Tuatha_FaerGorta__B
1ACD05,Tuatha_FaerGorta__A
1ACDCB,Bears_Brownies__Z
1ACDCC,Bears_Brownies__B
1ACDCD,Bears_Brownies__A
1ACFC6,Boggarts_Wolves__Z
1ACFC7,Boggarts_Wolves__B
1ACFC8,Boggarts_Wolves__A
1ACFC9,Boggarts_Wolves__Y
1ACFCF,Boggarts_Bears__A
1ACFD0,Boggarts_Bears__B
1ACFD1,Boggarts_Bears__Z
1ACFF9,Bears_FaerGorta__Z
1ACFFA,Bears_FaerGorta__Y
1ACFFB,Bears_FaerGorta__A
1AD030,FaerGorta_SonsOfLaz__A
1AD031,FaerGorta_SonsOfLaz__C
1AD032,FaerGorta_SonsOfLaz__Z
1AD033,FaerGorta_SonsOfLaz__B
1AD03B,FaerGorta_Wolves__D
1AD03C,FaerGorta_Wolves__C
1AD03D,FaerGorta_Wolves__A
1AD044,FaerGorta_Wolves__B
1AE80E,HV06_HoldenGroup_Pit
1AF51E,WellofSouls_Spider__A
1AF523,WellofSouls_Spider__B
1AF525,WellofSouls_Spider__Z
1B0A15,Quest_FFQ08_Niskaru
1B137A,ENC_Quest_SQ56_Encounter01
1B137C,ENC_Quest_SQ56_Encounter02
1B137D,ENC_Quest_SQ56_Encounter03
1B1F7C,WellofSouls_GiantRat__A
1B2479,Kobolds__A_NoXP
1B247A,Kobolds__B_NoXP
1B2481,Kobolds__C_NoXP
1B2486,Kobolds__D_NoXP
1B2FCF,ENC_Quest_SQ56_Encounter04
1B32F4,DMO_Rathir_BolganThugs
1B3974,ENC_Quest_SQ133_Niskaru
1B3B71,ENC_Quest_SQ125_Encounter02
1B49DB,DMO_Rathir_Bolgan_Barghests
1B49DC,DMO_Rathir_Barghests
1B4AFA,DMO_Rathir_TuathaSwordsman
1B4F13,ENC_Quest_SQ124_AncientLeanshe
1B6A7A,ENC_Quest_HV08_Pit
1B6A7D,ENC_Quest_HV08_Arena
1B722C,ENC_Quest_SQ44_Encounter01
1B7296,ENC_Quest_SQ44_02
1B7299,ENC_Quest_SQ44_03
1B7699,Quest_FFQ64_Adessa
1B769A,Quest_FFQ64_Rathir
1B769B,Quest_FFQ64_MelSenshir
1B9F05,Barghests_Wolves__A
1B9F1E,Barghests_Wolves__B
1B9F1F,Barghests_Wolves__Z
1B9F21,Barghests_Wolves__Y
1B9F27,Barghests_Wolves__C
1B9F2B,Brownies_Trolls__A
1B9F2C,Brownies_Trolls__Z
1B9F2D,Brownies_Trolls__B
1B9F2E,Brownies_Trolls__Y
1B9F7A,ENC_Quest_HV05_Crudok
1B9F8D,JoeOnly_Bolgan_Thug_VignetteAmbush
1BB209,Quest_SQ108_Jottun
1BB20A,Quest_SQ108_Kobolds
1BB7F7,JoeOnly_Bolgan_Brute_VignetteAmbush
1BB7F8,JoeOnly_Ettin_Brute_VignetteAmbush
1BB806,JoeOnly_Ettin_Shaman_VignetteAmbush
1BB807,JoeOnly_Ettin_WarPriest_VignetteAmbush
1BB9A0,JoeOnly_Troll_Rock_VignetteAmbush
1BB9A1,JoeOnly_Troll_Mountain_VignetteAmbush
1BB9A2,JoeOnly_Troll_Prismere_VignetteAmbush
1BB9A3,JoeOnly_Jottun_Warrior_VignetteAmbush
1BB9A4,JoeOnly_Jottun_Runewielder_VignetteAmbush
1BB9A5,JoeOnly_Jottun_Runelord_VignetteAmbush
1BB9A6,JoeOnly_Jottun_Chieftain_VignetteAmbush
1BC1F1,JoeOnly_Banshaen_Priestess_VignetteAmbush
1BC1F3,JoeOnly_Banshaen_High_Priestess_VignetteAmbush
1BC1F5,JoeOnly_Banshaen_Cave_Priestess_VignetteAmbush
1BC657,JoeOnly_Niskaru_Tyrant_VignetteAmbush
1BC65A,JoeOnly_Niskaru_Horrinox_VignetteAmbush
1BCB38,JoeOnly_Niskaru_Hunter_VignetteAmbush
1BD529,SonsOfLaz_Swordwielders__Z_NoAggro
1BDC3C,Bandit_Human_Zungar__D
1BDC3D,Bandit_Human_Zungar__B
1BDC68,Bandit_Human_Darkvari__B
1BDCA1,Bandit_Human_Zungar__C
1BDD6C,Tuatha_Bolgan__D
1BDD6D,Tuatha_Bolgan__B
1BDD6E,Tuatha_Bolgan__A
1BDD8C,Tuatha_Bolgan__C
1BDE9F,OBSOLETE_Swamp_Sprites_Thresh__B
1BDEA0,OBSOLETE_Swamp_Sprites_Thresh__Z
1BDEA2,Tuatha_Jottun__Z
1BDEA4,Tuatha_Jottun__B
1BDEA5,Tuatha_Jottun__A
1BDECD,Tuatha_Jottun__C
1BDED2,Tuatha_Jottun__Y
1BDEED,Tuatha_Jottun__D
1BDEF0,Tuatha_Jottun__X
1BEAB6,QUEST_SQ61_Dunnmen_Bandits
1BEB23,Quest_HV07_Assassins
1BEC76,KV03_Niskaru_Tyrant_VignetteAmbush
1C3D66,ENC_Quest_SQ55_CrudokBrownie
1C6B53,ENC_Quest_HV07_Trolls
1C96BA,Quest_SA08_Runes
1C987D,Quest_SA08_Students
1C987E,Quest_SA08_FaerGorta
1CAD05,OBSOLETE_Sprite_Frost_Storm
1CB102,TR02_Ametairs
1CC7BE,HaxhiDam_TuathaAmbush_A
1CC8D4,HaxhiDam_TuathaGnarsh
1CC9AB,Sprite_Frost_Champs_A
1CC9C4,Sprite_Storm_Champs_A
1CC9C6,Sprite_Flame_Champs_A
1CCE43,DGN_CAV_PrismereBasin_Tuatha_Soldier_SwordsmanAndSpearwielder
1CD066,SmallSpider__A
1CD067,SmallSpider__B
1CD068,SmallSpider__C
1CD069,GiantSpider_SmallSpider__A
1CD06A,GiantSpider_SmallSpider__B
1CD06B,GiantSpider_SmallSpider__C
1CD06C,GiantSpider_SmallSpider__D
1CD106,GiantSpider_SmallSpider__E
1CD8D6,Quest_MQ08_AssassinsSaltwell
1CDCF1,MQ09_Niskaru_Hunter_x2
1CDCF2,MQ09_Niskaru_Hunter_x4
1CDCF5,MQ09_Niskaru_Tyrant_w_Hunters
1CDF4E,MQ09_Tuatha_RaiderWindstone_01
1CDF4F,MQ09_Tuatha_RaiderWindstone_02
1CFCBE,Gadflow_Runes
1D1764,JoeOnly_Giant_Webspider_VignetteAmbush
1D1767,JoeOnly_GiantSpider_Venomspitter_VignetteAmbush
1D17FC,JoeOnly_SonsOfLaz_Swordwielder_VignetteAmbush
1D1832,JoeOnly_Crudok_Vagrant_VignetteAmbush
1D1833,JoeOnly_Crudok_Webwood_VignetteAmbush
1D1C65,Quest_FP01_Beast
1D1CE3,Quest_FP02_Thresh
1D1D07,Quest_FP03_TuathaFaeblade
1D1E99,Quest_FP06_Final_Gorta
1D1E9A,Quest_FP06_Final_Niskaru
1D2309,Quest_MQ14_FinalBattle_PlayDead_01
1D230A,Quest_MQ14_FinalBattle_PlayDead_02
1D231D,Quest_MQ14_FinalBattle_Leanashe
1D24F5,JoeOnly_SonsofLaz_VignetteAmbush
1D29E7,Quest_MQ16_TuathaZealot_MeleeOnly
1D325A,QUEST_KV_Dokkalfar_Sorcerers_A2
1D32D4,QUEST_KV_Dokkalfar_Sorcerers_B2
1D3321,QUEST_KV_Dokkalfar_Sorcerers_C2
1D335B,QUEST_KV_Dokkalfar_Sorcerers_D2
1D3361,QUEST_KV_Dokkalfar_Melee_A1
1D3388,QUEST_KV_Dokkalfar_Melee_A2
1D339B,QUEST_KV_Dokkalfar_Sorcerers_X2
1D33AF,QUEST_KV_Dokkalfar_Sorcerers_Y2
1D33B2,QUEST_KV_Dokkalfar_Sorcerers_Z2
1D3CFB,Quest_MQ16_Tuatha_Bhaile_Swords
1D3CFC,Quest_MQ16_Tuatha_Bhaile_Archers
1D3CFD,Quest_MQ16_Tuatha_Bhaile_BladesSorc
1D3CFE,Quest_MQ16_Tuatha_Bhaile_SpearsArcher
1D45DF,Quest_FFQ08_Niskaru_NoXP
1D45E0,QUEST_KV_Dokkalfar_Mages_A1
1D51A2,HV03_Brogan_Pit
1D53A1,ENC_Quest_HV01_Pit
1D53CD,ENC_Quest_HV02_Pit
1D53E3,ENC_Quest_HV04_Pit
1D555C,Barghests__B
1D555D,Barghests__Y
1D57B0,Brownies__Y
1D57B2,Brownies__X
1D57B5,Brownies__C
1D57D9,Barghests_Leanashe__A
1D57E9,Leanashe__Y
1D57F6,Forest_Leanashe_Thresh__A
1D57F7,Barghests_Crudok__Y
1D57FC,Barghests_Troll__Z
1D589D,Sprite_FlameFrost__B
1D589E,Sprite_FlameFrost__A
1D589F,Sprite_FlameStorm__A
1D58A0,Sprite_FlameStorm__B
1D58A5,Sprite_FrostStorm__B
1D58A6,Sprite_FrostStorm__A
1D58A9,Sprite_FlameFrostStorm__A
1D58AA,Sprite_FlameFrostStorm__B
1D5C4C,Murghan_Cave__B
1D5C4D,Banshaen_Murghan_Cave__B
1D5C4E,Murghan__B
1D5DB8,NiskaruHunter_NoXpNoLoot
1D6064,Leanashe__B
1D6076,OBSOLETE_Banshaen_Murghan_Elite__A
1D6077,OBSOLETE_Banshaen_Murghan_Elite__Z
1D60A8,Murghan_Thresh__Y
1D60A9,Murghan_Thresh__Z
1D60BF,GiantRats__C
1D60FC,Chicken_Overlords_S
1D6119,Chicken_Overlord_M
1D6120,JoeOnly_Sprite_Champion_of_Flame_VignetteAmbush
1D6121,JoeOnly_Sprite_Champion_of_Frost_VignetteAmbush
1D6122,JoeOnly_Sprite_Champion_of_Storm_VignetteAmbush
1D6123,JoeOnly_Sprite_Soldier_VignetteAmbush
1D6193,Boggarts__P
1D6194,Boggarts__R
1D61A4,Boggarts__Y
1D61A7,Boggarts__X
1D61A8,Boggarts__H
1D61A9,Boggarts__I
1D61AA,Boggarts__J
1D61AB,Boggarts__C
1D61AE,Barghests_Boggarts__Z
1D61AF,Barghests_Boggarts__H
1D61B0,Barghests_Boggarts__I
1D61B6,Boggarts_Sprites__B
1D61B7,Boggarts_Sprites__I
1D6227,Barghests_Boggarts__P
1D6228,Barghests_Boggarts__Q
1D6232,SmallSpider__C_WW
1D6233,SmallSpider__B_WW
1D6235,SmallSpider__A_WW
1D6236,GiantSpider_SmallSpider__E_WW
1D6237,GiantSpider_SmallSpider__D_WW
1D6238,GiantSpider_SmallSpider__C_WW
1D623A,GiantSpider_SmallSpider__B_WW
1D623B,GiantSpider_SmallSpider__A_WW
1D6272,JoeOnly_Tuatha_Zealot_Swordsman_VignetteAmbush
1D6378,JoeOnly_Tuatha_Tutorial_Swordsman_VignetteAmbush
1D6379,JoeOnly_Tuatha_Soldier_Swordsman_VignetteAmbush
1D637A,JoeOnly_Tuatha_Raider_Swordsman_VignetteAmbush
1D637B,JoeOnly_Tuatha_MelSenshir_1h_VignetteAmbush
1D64B8,OBSOLETE_Swamp_Boggarts_Thresh__P
1D658E,Boggarts__Q
1D65A7,Boggarts_Bears__Y
1D65A8,Boggarts_Bears__H
1D65A9,Boggarts_Bears__I
1D65AA,Boggarts_Bears__P
1D65AB,Boggarts_Bears__Q
1D65B5,Boggarts_Crudok__Q
1D65B6,Boggarts_Crudok__P
1D65B7,Boggarts_Crudok__I
1D65B8,Boggarts_Crudok__H
1D6619,Boggarts_FaerGorta__Q
1D661A,Boggarts_FaerGorta__P
1D6620,Boggarts_Leanashe__Y
1D6621,Boggarts_Leanashe__I
1D6622,Boggarts_Leanashe__H
1D6623,Boggarts_Leanashe__P
1D6624,Boggarts_Leanashe__Q
1D663D,Boggarts_Sprites__Q
1D66D2,ENC_Quest_SQ55_PostQuest01
1D66DA,ENC_Quest_PostQuest02
1D671A,ENC_Quest_SQ55_PostQuest02
1D671B,ENC_Quest_SQ55_PostQuest03
1D671C,RedLegion__D
1D671D,ENC_Quest_SQ55_PostQuest04
1D671E,ENC_Quest_SQ55_PostQuest05
1D671F,RedLegion__Y
1D69BA,Boggarts_Troll__Q
1D69BB,Boggarts_Troll__P
1D69BC,Boggarts_Troll__I
1D69BD,Boggarts_Troll__H
1D6A0D,Bandit_Freeman__B
1D6A0E,Deserter_Freemen__C
1D6A0F,Deserter_Freemen__Y
1D6A14,Boggarts_Wolves__Q
1D6A15,Boggarts_Wolves__P
1D6A16,Boggarts_Wolves__I
1D6A17,Boggarts_Wolves__H
1D6A7A,Boggarts_Thresh__Y
1D6A7B,Boggarts_Thresh__Q
1D6A7C,Boggarts_Thresh__P
1D6A7D,Boggarts_Thresh__I
1D6A7E,Boggarts_Thresh__H
1D6AAC,OBSOLETE_Swamp_Boggarts_Thresh__Y
1D6AAD,OBSOLETE_Swamp_Boggarts_Thresh__Q
1D6AAE,OBSOLETE_Swamp_Boggarts_Thresh__I
1D6AB0,OBSOLETE_Swamp_Boggarts_Thresh__B
1D6C3B,Boggarts_Brownies__S
1D6C3C,Boggarts_Brownies__Q
1D6C3E,Boggarts_Brownies__K
1D6C3F,Boggarts_Brownies__J
1D6C44,GiantRats__E
1D6C45,GiantRats__F
1D6C46,Brownies_GiantRats__X
1D6C47,Brownies_GiantRats__D
1D6C48,Brownies_GiantRats__W
1D6C4D,Barghests_Brownies__H
1D6C4E,Barghests_Brownies__I
1D6C85,Barghests_Boggarts__S
1D6C86,Barghests_Boggarts__R
1D6CAA,Leanashe_Crudok__A
1D6CAC,FaerGorta_Leanashe__B
1D6D10,Bears_Brownies__Y
1D6D12,Bears_Brownies__C
1D6D14,Bears_Brownies__X
1D6D9D,Boggarts_Thresh__R
1D6D9E,Boggarts_Thresh__S
1D6F30,Brownies_Thresh__H
1D6F31,Brownies_Thresh__I
1D6F50,Barghests_Thresh__Y
1D6F51,Barghests_Thresh__B
1D6FAA,Troll_Murghan__A
1D6FE0,AQ_Feeding_Chickens
1D706B,Troll_Murghan__B
1D706C,Troll_Murghan__N
1D706D,Troll_Murghan__M
1D706E,Troll_Murghan__Y
1D706F,Troll_Murghan__Z
1D7071,Troll_Murghan_Cave__N
1D7072,Troll_Murghan_Cave__M
1D7074,Troll_Murghan_Cave__B
1D7075,Troll_Murghan_Cave__A
1D7076,Troll_Murghan_Cave__Z
1D7077,Troll_Murghan_Cave__Y
1D70EF,Sprites_Troll__Z
1D70F0,Sprites_Troll__Y
1D714D,Troll__Z
1D714F,Boggarts_Troll__K
1D7150,Boggarts_Troll__J
1D7153,Boggarts_Troll__R
1D7154,Boggarts_Troll__S
1D7155,Boggarts_Troll__U
1D7156,Boggarts_Troll__T
1D718B,SonsOfLaz_Mixed_L_MQ14_NoMap
1D718C,SonsOfLaz_Soldiers_L_MQ14_NoMap
1D722D,Boggarts_Murghan__A
1D722E,Boggarts_Murghan__B
1D722F,Boggarts_Murghan__I
1D7230,Boggarts_Murghan__H
1D7233,Boggarts_Murghan__S
1D7234,Boggarts_Murghan__R
1D7235,Boggarts_Murghan__Q
1D7236,Boggarts_Murghan__P
1D7242,Boggarts_Murghan__Z
1D7243,Boggarts_Murghan__Y
1D7244,Boggarts_Murghan_Cave__Z
1D7245,Boggarts_Murghan_Cave__Y
1D7246,Boggarts_Murghan_Cave__Q
1D7247,Boggarts_Murghan_Cave__P
1D7248,Boggarts_Murghan_Cave__I
1D7249,Boggarts_Murghan_Cave__H
1D724A,Boggarts_Murghan_Cave__B
1D724B,Boggarts_Murghan_Cave__A
1D72D6,Murghan_Thresh_Cave__Z
1D72D7,Murghan_Thresh_Cave__Y
1D72D9,Murghan_Thresh_Cave__B
1D72DA,Murghan_Thresh_Cave__A
1D72DB,AQ_Brownies
1D7357,Banshaen_Murghan__Y
1D7358,Banshaen_Murghan__B
1D7599,Bandit_Freeman_Jottun__C
1D759A,Bandit_Freeman_Jottun__D
1D75DE,Barghest_Bolgan__B
1D75DF,Brownies_Trolls__P
1D75E0,Brownies_Trolls__O
1D75E1,Brownies_Trolls__N
1D75E2,Brownies_Trolls__M
1D76C4,NiskaruHunter__Y
1D76C5,NiskaruHorrinox
1D7776,Bolgan_Troll__M
1D7895,DLC0_HoV_WoodForTheFire_Wave1
1D7896,DLC0_HoV_WoodForTheFire_Wave2
1D7897,DLC0_HoV_WoodForTheFire_Wave3
1D78DE,Spiders_Thresh__X
1D78DF,Spiders_Thresh__Y
1D78E0,Spiders_Thresh__W
1D78E1,Spiders_Thresh__D
1D78E2,Spiders_Thresh__C
1D78E3,Spiders_Thresh__B
1D78E8,FaerGorta_Thresh__Y
1D78FA,DLC0_HoV_WrathOfTheStorm_Wave1
1D78FB,DLC0_HoV_WrathOfTheStorm_Wave2
1D78FC,DLC0_HoV_WrathOfTheStorm_Wave3
1D7923,DLC0_HoV_SpriteShowdown_Frost
1D7924,DLC0_HoV_SpriteShowdown_Storm
1D7925,DLC0_HoV_SpriteShowdown_Flame
1D7926,DLC0_HoV_SpriteShowdown_Soldiers
1D792B,DLC0_HoV_WarriorKings_Wave2
1D792C,DLC0_HoV_WarriorKings_Wave1
1D7990,DLC0_HoV_FromPartsUnknown_Wave1
1D7991,DLC0_HoV_FromPartsUnknown_Wave2
1D7992,DLC0_HoV_Contagion_Wave3
1D7993,DLC0_HoV_Contagion_Wave2
1D7996,DLC0_HoV_Contagion_Wave5
1D7999,DLC0_HoV_PotentialRealized_Male_Wave1
1D799A,DLC0_HoV_PotentialRealized_Male_Wave2
1D799F,DLC0_HoV_PotentialRealized_Female_Wave1
1D79A0,DLC0_HoV_PotentialRealized_Female_Wave2
1D79A1,DLC0_HoV_FaeMania_Wave1
1D79A2,DLC0_HoV_FaeMania_Wave2
1D79A3,DLC0_HoV_FaeMania_Wave5
1D79A4,DLC0_HoV_FaeMania_Wave4
1D79A5,DLC0_HoV_FaeMania_Wave8
1D79AD,DLC0_HoV_UntouchableJottun
1D79AE,DLC0_HoV_UntouchableLeanashe
1D79B1,DLC0_HoV_FromBeyondTheVeil_Wave1
1D79B2,DLC0_HoV_FromBeyondTheVeil_Wave2
1D79BC,DLC0_HoV_TuathaVanguard
1D7AEC,Tuatha_Raider_H
1D7AED,Tuatha_Raider_Y
1D7B44,JoeOnly_Leanashe_Ancient_VignetteAmbush
1D7B45,JoeOnly_Leanashe_Starved_VignetteAmbush
1D7B46,JoeOnly_Kobold_Minion_VignetteAmbush
1D7B47,JoeOnly_Kobold_Nightblade_VignetteAmbush
1D7B48,JoeOnly_Kobold_Rogue_VignetteAmbush
1D7B49,JoeOnly_Kobold_Savage_VignetteAmbush
1D7D98,DLC0_HoV_RaceAgainstTime_1_Wave1
1D7DC5,DLC0_HoV_RaceAgainstTime_2_Wave1
1D7DC6,DLC0_HoV_RaceAgainstTime_2_Wave2
1D808A,Barghest_Bolgan__X
1D808B,Barghest_Bolgan__W
1D808C,Barghest_Bolgan__D
1D808D,Barghest_Bolgan__C
1D80B6,Barghest_Leanashe__A
1D80BE,Barghest_Leanashe__B
1D80BF,Barghest_Leanashe__C
1D80C0,Barghest_Leanashe__Z
1D80C1,Barghest_Leanashe__Y
1D80C2,Barghest_Leanashe__X
1D88EC,DLC0_HoV_Scavengers_Wave1
1D88ED,DLC0_HoV_Scavengers_Wave2
1D88EE,DLC0_HoV_Scavengers_Wave3
1D88EF,DLC0_HoV_Scavengers_Wave4
1D8C4C,DLC1_Boggarts__E
1D8C4E,DLC1_Boggarts__F
1D8C4F,DLC1_Boggarts__G
1D8C5F,DLC1_RootGolem__A
1D8C62,DLC1_Boggarts_RootGolem__E
1D8C63,DLC1_Boggarts_RootGolem__F
1D8C64,DLC1_Boggarts_RootGolem__H
1D8C65,DLC1_Boggarts_RootGolem__I
1D8C66,DLC1_Boggarts_RootGolem__Q
1D8C67,DLC1_Boggarts_RootGolem__P
1D8C68,DLC1_Boggarts_RootGolem__Z
1D8C69,DLC1_Boggarts_RootGolem__Y
1D8C8C,DLC1_Boggarts_Thresh__F
1D8C8D,DLC1_Boggarts_Thresh__E
1D8C8E,DLC1_Boggarts_Thresh__U
1D8C8F,DLC1_Boggarts_Thresh__V
1D8C91,DLC1_RootGolem_Thresh__Z
1D8C92,DLC1_RootGolem_Thresh__A
1D8C98,DLC1_FaerGorta__G
1D8C99,DLC1_FaerGorta__H
1D8C9A,DLC1_FaerGorta__I
1D8C9C,DLC1_Boggarts_FaerGorta__E
1D8C9D,DLC1_Boggarts_FaerGorta__F
1D8C9E,DLC1_Boggarts_FaerGorta__G
1D8CA0,DLC1_Crudok_FaerGorta__G
1D8CA1,DLC1_Crudok_FaerGorta__H
1D8CA3,DLC1_FaerGorta_Leanashe__H
1D8CA4,DLC1_FaerGorta_Leanashe__G
1D8CA5,DLC1_FaerGorta_Leanashe__U
1D8CA6,DLC1_FaerGorta_Leanashe__V
1D8CA8,DLC1_FaerGorta_Thresh__V
1D8CA9,DLC1_FaerGorta_Thresh__U
1D8CAA,DLC1_FaerGorta_Thresh__H
1D8CAB,DLC1_FaerGorta_Thresh__G
1D8CAD,DLC1_FaerGorta_RootGolem__H
1D8CAE,DLC1_FaerGorta_RootGolem__G
1D8CB4,DLC1_Scarab__A
1D8CB5,DLC1_Scarab__B
1D8CB6,DLC1_Scarab__C
1D918E,DLC2_Pterx__A
1D9192,DLC2_Pterx__Z
1D919A,DLC2_Sprite_Primal__C
1D919B,DLC2_Sprite_Primal__B
1D919C,DLC2_Sprite_Primal__A
1D91B5,DLC2_Troll__T
1D91B8,DLC2_Barghests_Troll__T
1D91B9,DLC2_Barghests_Troll__U
1D91C6,Barghests_Troll__M
1D91C7,Barghests_Troll__B
1D91C8,Barghests_Troll__Y
1D91C9,Barghests_Troll__N
1D9257,DLC2_Barghests_Troll__W
1D9258,DLC2_Barghests_Troll__V
1D9337,DLC2_Jottun_Pterx__B
1D9338,DLC2_Jottun_Pterx__Z
1D9339,DLC2_Jottun_Pterx__Y
1D933A,DLC2_Jottun_Pterx__A
1D9348,Jottun_Sprites__A
1D945F,Jottun_Sprites__B
1D9460,Jottun_Sprites__D
1D9461,Jottun_Sprites__C
1D9465,Jottun_Wolves__F
1D9466,Jottun_Wolves__E
1D9467,Jottun_Wolves__D
1D9468,Jottun_Wolves__C
1D946A,Jottun_Wolves__B
1D946B,Jottun_Wolves__A
1DA9EB,FFQ04_Antelope
1DB87F,DLC2_Pteryx_MQ03__Z
1DBF77,DLC2_ENC_Quest_SQ01
1DC963,Quest_MQ15_Runes
1DCE94,DLC2_SilentChoir__A
1DCE95,DLC2_SilentChoir__B
1DDA4A,MQ15_FaerGortaSummoned
1DFF37,DLC1_Quest_SQ06_Hunters_1
1DFF43,DLC1_Quest_SQ06_Hunters_2
1DFF44,DLC1_Quest_SQ06_Bandits
1E503F,DLC1_MQ05_Baronett_Image
1E5727,DLC1_FaerGorta_Summoned_SQ02
1EA456,Guards_Kandrian
1EB274,DLC0_HoV_BloodAndSteel_1_Wave1
1EB275,DLC0_HoV_BloodAndSteel_1_Wave2
1EB277,DLC0_HoV_BloodAndSteel_2_Wave1
1EB279,DLC0_HoV_BloodAndSteel_1_Wave3
1EB27A,DLC0_HoV_BloodAndSteel_2_Wave2
1EB27B,DLC0_HoV_BloodAndSteel_2_Wave3
1EB27C,DLC0_HoV_BloodAndSteel_2_Wave4
1EB27E,DLC0_HoV_BloodAndSteel_1_Wave4
1EF7F9,DLC1_Quest_MQ04_FaerGortaSummoned
1F0EB7,DLC1_WhisperingWitch
1F130F,SASQ01_Ambush
1F1C25,Guards_Arden_01
1F1C26,Guards_Ayten_01
1F1C27,Guards_Didenhil_01
1F1C28,Guards_Emaire_01
1F1C29,Guards_Kandrian_01
1F1C2A,Guards_Gorhart_01
1F1C2B,Guards_MelAglir_01
1F1C2C,Guards_MelSenshir_01
1F1C2D,Guards_Rathir_01
1F1C2E,Guards_ScholiaArcana_01
1F1C2F,Guards_TirinsRest_01
1F1C30,Guards_Whitestone_01
1F1C31,Guards_Ysa_01
1F1C32,Guards_Adessa_01
1F1FED,DLC2_Marauders__A
1F1FEE,DLC2_Marauders__B
1F565F,DLC1_Boggarts__Panicking
1F7D33,DLC1_DvergaWarParty
1F7D34,DLC1_LjosalfarWarParty
1F7D35,DLC1_VaraniWarParty
1F9CED,DLC1_FaerGorta__MQ03
1F9D38,DLC1_Boggarts_Brownies__N
1F9D39,DLC1_Boggarts_Brownies__M
1F9D3A,DLC1_Boggarts_Brownies__F
1F9D3B,DLC1_Boggarts_Brownies__E
1F9DF3,DLC1_Barghests_RootGolem__A
1F9DF8,DLC1_Barghests_RootGolem__B
1F9DF9,DLC1_Barghests_RootGolem__Z
1F9DFA,DLC1_Barghests_RootGolem__Y
1F9E08,DLC1_RootGolem_Sprites__B
1F9E09,DLC1_RootGolem_Sprites__C
1F9E0A,DLC1_RootGolem_Sprites__A
1FA8AC,JoeOnly_DLC1_Scarab_VignetteAmbush
1FA8B0,JoeOnly_DLC1_Root_Golem_VignetteAmbush
1FC08D,DLC2_Jottun__Z
1FC08E,DLC2_Jottun__Y
1FC08F,DLC2_Jottun__X
1FC090,DLC2_Jottun__W
1FC091,DLC2_Jottun__D
1FC092,DLC2_Jottun__C
1FC093,DLC2_Jottun__B
1FC094,DLC2_Jottun__A
1FC132,DLC2_Jottun_Wolves__F
1FC133,DLC2_Jottun_Wolves__D
1FC134,DLC2_Jottun_Wolves__A
1FC135,DLC2_Jottun_Sprites__C
1FC136,DLC2_Jottun_Sprites__D
1FC13D,DLC1_Baronett
1FC147,DLC1_Bloodgrin
1FC1B8,DLC2_Kobolds__Z
1FC1B9,DLC2_Kobolds__Y
1FC1BA,DLC2_Kobolds__D
1FC1BB,DLC2_Kobolds__C
1FC1BC,DLC2_Kobolds__B
1FC1BD,DLC2_Kobolds__A
1FC2CC,DLC2_VignetteAmbush_Sprite_Champion_of_Primal
1FC2CD,DLC2_VignetteAmbush_Kollossae_Marauder
1FC2CE,DLC2_VignetteAmbush_SilentChoir
1FC2CF,DLC2_VignetteAmbush_Troll_Naros
1FC2D0,DLC2_VignetteAmbush_Pteryx_Aven
1FC2D4,DLC2_VignetteAmbush_Pteryx_Alpha
1FC2D5,DLC2_VignetteAmbush_Kobold_Minion
1FC2D6,DLC2_VignetteAmbush_Kobold_Rogue
1FC2D7,DLC2_VignetteAmbush_Jottun_Chieftain
1FC2D9,DLC2_VignetteAmbush_Jottun_Runelord
1FC406,DLC2_Wolves__A
1FC40E,DLC2_Wolves__B
1FC40F,DLC2_Wolves__C
200898,DLC2_PrimosBossBattle_KollossaeStatues
200960,DLC2_MQ06_Unarmed__A
200961,DLC2_MQ06_Unarmed__B
200962,DLC2_MQ06_Mixed__A
200963,DLC2_MQ06_Mixed__B
200964,DLC2_MQ06_Beasts__A
200965,DLC2_MQ06_Beasts__B
200ADA,DLC2_MQ06_Beasts__C
200ADB,DLC2_MQ06_Beasts__D
2018E6,DLC2_Kollossae_Guard
201B71,DLC2_MQ06_Wolves__A
204739,DLC1_DeadKel_Preload
204F80,DLC3_SQ03_Niskaru
20501A,DLC3_SQ03_LeftRoomEncounter
206AF2,DLC2_PrimosBossBattle_KollossaeStatues_Faster
206AF3,DLC2_PrimosBossBattle_KollossaeStatues_Fastest
2070B6,DLC3_SQ05_Murghan_01
2070B9,DLC3_SQ05_Murghan_02
207A57,DLC2_Marauders_Mixed__A
207A58,DLC2_Marauders_Mixed__B
207A59,DLC2_Marauders_Mixed__C
207A5A,DLC2_Marauders_Mixed__D
