id,value
020033,02
0208B6,03
021205,04
02391A,Up
043FB3,off
04B36C,01
058F91,Run
05C3A3,Fly
06B743,Ice
071680,NCI
0776E2,Hide
07DABE,Idle
086220,Fire
08CED0,open
09890E,Grit
09DF1A,Down
09F1D6,loot
09F623,Idle2
0A1C01,Jab
0A45F3,Grow
0AC628,Dash
0ACF07,fall
0AF15B,Walk
0C90B8,Roar
0D296B,Smile
0D4A9F,Cast
0D6724,Prime
0D67BA,Sleep
0DF4B5,Swing
0E89FF,Enter
0F3C7F,close
0F5B2A,Storm
0F72C6,Ghost
0F78D2,Getup
0FAE23,raise
0FEED4,Shout
10AEB9,Death
112F87,smash
11F12D,Taunt
122E77,Enter2
125116,Enter3
127619,Enter4
128576,Spawn
12D401,Start
149DEF,Hidden
14AD1A,Primed
14C066,Emerge
157178,Downed
15C8BF,Strike
163BD0,Finish
164F9E,warded
168275,closed
178E40,broken
17E07D,Poison
1865F9,PreRun
187C83,Sprint
18B9D7,Dialog
1A0F5A,Sheath
1A3F0C,Enter1
1A5611,Active
1AA970,damage
1B349C,Defeat
1BB2C8,Primal
1BDABF,Ambush
1C2E6C,Ice_On
1EE856,collide
1EF02B,Explode
1F7288,Trigger
203B0D,Idle_02
206358,Idle_03
209DB2,Up_Idle
217017,Cast01
219DC4,RunPose
21FA67,Attack
239431,Ice_Off
23E8E5,Disgust
23FC72,Scuttle
24145F,Bow Add
243914,Idle_On
244C6B,Release
24C076,Fire_On
2507DE,Destroy
258E66,idle_up
2634CB,default
2647C7,Forward
27B2C1,GENERIC
2802AA,despawn
283CBE,respawn
2958BD,AoE_Ice
2A985E,Spinning
2C14EE,Idle_Off
2C69DC,BindPose
2C9C50,Fire_Off
2D10DE,Ice_Idle
2D47EF,disarmed
2D6594,AoE_Fire
2E1C37,Teleport
2EAFB3,breaking
2ED168,detected
2EEBD6,BasePose
2F8353,Trail_02
2F892E,Idle_Hot
2FA79E,Rotating
2FAFF4,Trail_03
2FDFC5,Trail_04
30DACC,Unsheath
30FA66,Bed_Exit
313B36,spike_up
318A30,Detonate
31EA27,Collapse
31F7D8,Level_Up
3268CE,Run_Stop
33D9AF,Inactive
34FF3E,NPC_Arc
3508AD,open idle
354603,Charm_On
35CD25,activate
364179,idle_day
378C47,Bow Base
389063,Lightning
39431C,Fire_Idle
39A494,NoCollide
39AFCC,Open_Idle
3A45A2,Trail_01
3AC016,Down_Idle
3B156E,Sleep_Off
3B16B0,Stun_Idle
3B4841,Cute_Idle
3C24B0,FadeAway
3C817A,Explosion
3CC1FD,PreGrowth
3CCB68,idle_open
3D37F8,Roll_Left
3E1DF3,Bed_Enter
3E6A39,Attack_X
3EC090,idle_down
3F1E9E,Mgc_Lunge
3FA430,Reference
4036EF,Fate_Full
40571E,Charm_Off
4144F5,Poison_On
415A27,Frozen_On
418B08,Stun_Exit
42BB6B,Powerwalk
434122,Attack_A
438793,Mage_Male
43E5ED,tightoval
441F93,Attack_B
44E233,close idle
451740,Primal_On
46546D,death idle
46B8A8,Celebrate
46D756,React_Hit
471A0C,Cute_Walk
484531,Idle_Yawn
48E843,NPC_Cower
494FE7,Run_Start
497724,Panic_Run
4A0A1F,Sleep_Idle
4A1D53,ActiveIdle
4AFBB0,Cinematic
4BDEE4,close_idle
4D34DE,idle_night
4D511E,death_idle
4E2D5D,Poison_Off
4E2E6C,Wrath_Idle
4E428F,Frozen_Off
4F0C05,Roll_Right
4F4BCF,Charm_Idle
4F7666,start_idle
5057B6,NPC_Panic
507D93,Walk Back
5082F7,Shout_Long
509748,Stun_Enter
50B5E4,spike_down
51E1F3,open_mouth
51FFA8,Primal_Off
52A9BE,GrowMidair
52B3A9,Atk_Dgr_A2
52E2C9,Enraged_On
52F3A4,Atk_Dgr_A3
53032F,ArrowStorm
53379B,Atk_Dgr_A4
5355E0,Roll_Back
537037,Healing_On
5371BA,Atk_Dgr_A5
53AF21,Atk_Dgr_A6
53E829,Scourge_On
53F6C4,Petrify_On
542EE8,Atk_Mir_A2
544FE3,Atk_Stf_A2
546EE3,Atk_Mir_A3
548818,idle_close
5488A8,Atk_Swd_A2
548FDE,Atk_Stf_A3
549C77,Rogue_Male
54B2DA,Atk_Mir_A4
54C8A3,Atk_Swd_A3
54ECF9,Atk_Mir_A5
550C9A,Atk_Swd_A4
5524B2,Walk_Back
552EC8,Atk_Hmr_B2
556EC3,Atk_Hmr_B3
558601,Mgc_Terror
55EB87,Just_Frame
562C7C,Stealth_On
56E26E,Atk_Spr_B2
572269,Atk_Spr_B3
574A83,Hide_Spear
576660,Atk_Spr_B4
578AAF,projectile2
57D034,Projectile3
581A1B,Projectile4
583438,Atk_Chk_A2
587433,Atk_Chk_A3
58B82A,Atk_Chk_A4
58F1E5,damage idle
5986F5,Run_Scared
5A2247,Pincers_Up
5B0701,Hidden_Idle
5B50DE,Idle_Opened
5B8F6E,Strafe Left
5CB406,Player_Far
5CEB87,closed_idle
5D2136,Rotate Left
5D8EF4,Spawn_Arms
5E498F,Poison_Idle
5E5EC1,Frozen_Idle
5E7229,fallen_idle
5F01A3,Terror_Idle
5F22E9,Dialog_Idle
5FEED3,stop warded
5FF16F,Combat_Run
601E5A,Atk_Dgr_A1
60A78E,Enraged_Off
6134FC,Healing_Off
619999,Atk_Mir_A1
61ACEE,Scourge_Off
61BA94,Atk_Stf_A1
61BB89,Petrify_Off
61F359,Atk_Swd_A1
621BDA,Primal_Idle
629979,Atk_Hmr_B1
629CFA,Bleeding_On
630CF2,FX_stage_02
635277,FX_stage_03
63B00B,Strafe_Left
63F141,Stealth_Off
643A71,Idle_Closed
644D1F,Atk_Spr_B1
645000,Front_Swipe
6495F2,stop_warded
654DFE,SlowTime_On
659EE9,Atk_Chk_A1
65AD97,Mage_Female
664DB4,projectile1
6684AD,kick_ladder
66BB96,Gem_Add_One
66DC8F,Idle_Gazing
672347,WarCry_Idle
67A719,Mgc_Warcry
67BC26,MoveForward
67C5DC,BendForward
67F203,Run_Combat
68DC9B,Atk_Bow_A1
68ECCF,Combat_Idle
69E217,Hide_Weapon
6A3D08,destruction
6AB72E,idle_idylla
6B212E,Idle_Rotate
6C74D2,Show_Weapon
6C9329,IncapFSK_On
6D8AA7,Dialog_Talk
6DC951,GetUp_Spear
6DDF32,Gem_Add_Two
6DEEE2,Hit_React_2
6E93C3,GENERIC IDLE
6F3A82,Cow_Ambient
6F71FE,Summon_Ally
6F8646,Attack_Horn
6FD74F,Strafe Right
6FE17E,Player_Near
70291B,Ice_Instant
707D9F,Idle_Wounded
70EE68,Bleeding_Off
70F46E,Stage_2_Idle
71047E,Parry_State
711CB9,Stage_3_Idle
716917,Rotate Right
71C4FB,Mgc_SetTrap
71CFF7,FX_Stage_01
71E169,Healing_Idle
7267F6,Petrify_Idle
73943C,Walk_Wounded
739F6C,SlowTime_Off
7407D3,Atk_Swd2H_A2
7451E4,Atk_Swd2H_A3
749DAE,Stealth_Idle
74A0BD,Atk_Swd2H_A4
74D2D6,lever_idleup
74D93F,destroy_idle
761164,Bed_Lie_Left
766493,Walk_Drunken
76DEFC,Block_Parry
773DB3,Beserk_Enter
77746A,Lightning_On
779AC3,Fate release
77F7EC,Strafe_Right
78A2CF,Rogue_Female
78F806,Walk_Reading
792C3A,Gem_Add_Five
7A3149,Start_Minion
7A4607,Attack_Melee
7A50E9,UnEnraged_On
7A5D35,Stage_1_Idle
7A7244,React_Pulled
7A8D08,Idle_Waiting
7ABF95,React_Pushed
7AE497,IncapFSK_Off
7AFB46,Reckoning_On
7B1BBD,DodgeRoll_Rt
7BA48A,Win_Bow_Idle
7BEB11,lever_pullup
7C0C91,PreloadAudio
7C3959,React_Block
7CB032,Atk_Bow_Idle
7CB1E7,Hit_React_1
7CF93C,start_warded
7D233E,Walk Forward
7DC31B,Atk_Swd_Roll
7E743D,React_Evaded
7E88FB,Dagger_Flash
7F0B48,Gem_Add_Four
7FFB8B,Roll_Forward
800E75,Strafe_Back
805234,NPC_Straight
80A090,React_Frozen
81396A,Warrior_Male
821EAE,Bleeding_Idle
8261E4,Aggro_Player
82BF07,Scene_060101
82C3E1,Interact_Mid
834062,Fire_Instant
84242A,Atk_Swd2H_A1
84A41A,Mgc_Meteor_1
84BCAC,Sheathed_Idle
84CFB2,SlowTime_Idle
852348,Attack_Super
85C0FB,AoE_Lightning
85DC7C,Atk_Bow_Exit
863CF5,Lightning_Off
864D0C,Atk_Swd_Roll2
865F96,Archer_Cower
86BA0E,Atk_Mir_Dodge
87E23B,Atk_Spr_Arc2
8829D9,Terror_Start
882C4C,Atk_Spr_Arc3
887B25,Atk_Spr_Arc4
89190F,Celerity_Idle
891974,UnEnraged_Off
899B0F,Attach_Codex
89B497,Finish_Minion
8A3E8D,Atk_Unarmed_2
8A8CE0,Atk_Unarmed_3
8AA3C1,Mgc_Fissure_2
8ABF5E,Atk_Chk_Dodge
8AEB23,Idle_LookDown
8AECC1,Interact_Low
8AF214,Mgc_Fissure_3
8B3164,Idle_Coughing
8B4B42,DodgeRoll_Lft
8B76B6,Bed_Lie_Right
8BAF15,Idle_NeckRub
8BBBB5,React_Webbed
8C14DD,IncapFSK_Idle
8C2B63,Gem_Add_Three
8C7B32,Berserk_Enter
8CC758,Defensive Idle
8D5B10,DodgeRoll_Frt
8D6B5D,Berserking_On
8DBBA7,HeadSlam_Idle
8DE1C4,Hit_React_FX
8DFFA8,MoveBackward
8EE79D,React_Blended
8F1086,Left_Arm_Idle
8F2AA1,ManaShield_On
904B7D,WarCry_Start
908C72,Mgc_Lunge_Hit
90CC7E,shake_camera
90E9F1,Death_Ragdoll
91DBA5,Idle_Cleansed
91F238,Gem_RemoveAll
91FCA9,React_Launch
92157D,Ragdoll_Death
92D9FC,Win_Face_Idle
9302C6,Idle_Scouting
932A35,Idle_KneelIdle
93526F,Sorcerer_Exit
9374E9,SpriteBuff_On
941D3A,Interact_High
949F0B,DestinyChange
95251A,example_scene
95B36C,React_Parried
96A2E5,Preload_Audio
972A77,Atk_Bow_Enter
972B6F,Vengeance_Hit
9777ED,Attack_Ranged
978B9D,HeadSlam_Exit
97B97A,Interact_Dive
97BCE4,Charged_trail
9808C9,Win_Bow_Equip
981650,React_Stagger
982251,leanashe_Heal
982D19,trap_disabled
9923D4,Lightning_Idle
9AD914,Atk_Mir_Delay
9AFA0F,Atk_Stf_Delay
9BB480,Atk_Unarmed_1
9BF476,Stage_2_Spawn
9C0053,UnEnraged_Idle
9C19B4,Mgc_Fissure_1
9C1CC1,Stage_3_Spawn
9C3CC9,Stage_2_Taunt
9C6514,Stage_3_Taunt
9D740F,Wrath_Instant
9DBDAE,Leanashe_Dodge
9DBF71,Reckoning_NPC
9DD295,Berserking_Off
9DD96C,lever_idledown
9E9172,Charm_Instant
9EDE64,Atk_Chk_Delay
9F15DE,Mgc_FrostTrap
9F1CB3,React_Stumble
9F91D9,ManaShield_Off
A04AC4,Atk_Dgr_Parry
A0C8B8,Intro_Vignette
A1C603,Atk_Mir_Parry
A26BC9,Idle_BellyRub
A28249,Malwyn_Appear
A29AE0,DodgeRoll_Bck
A2CA98,Attack_Charge
A34DB5,Win_Staff_Idle
A3DC21,SpriteBuff_Off
A3E493,AoE_Burst_Ice
A4F1A7,lever_pulldown
A51FDB,Quest_Teleport
A55D3D,Stage_1_Spawn
A5A590,Stage_1_Taunt
A61E6B,Atk_Stf_Block
A6383C,Activity_Hoing
A67715,Sorcerer_Enter
A6C5BD,Right_Arm_Idle
A6DF7C,Heal_Splinters
A6EAB5,Idle_Turn_Left
A7080C,Spawn_Splinter
A74138,Reckoning_Exit
A74C19,Celebrate_Idle
A8E335,Impact_2_Light
A911C0,Warrior_Female
AAB043,HeadSlam_Enter
AB1A40,Reckoning_Fail
AB2F94,Atk_Hmr_Parry2
AB893F,Atk_Swd_Parry2
ABDEB4,Atk_Swd_Parry3
ABE59E,Transformation
AC4144,AoE_Burst_Fire
ACCE2B,Atk_Swd2H_Dodge
ADC3CD,eyebeam_track
AEB140,Locomotion_Run
AF6701,Atk_Hmr_Block2
AFBC76,Atk_Hmr_Block3
AFC0AC,Atk_Swd_Block2
B08B7A,Strafe_Forward
B145DE,Thresh_Ambient
B22EAB,Berserking_Idle
B33AFE,Atk_Dgr_Charge
B3AC4F,Poison_Instant
B3EDEF,ManaShield_Idle
B48412,Idle_Bear_Roll
B4B652,Atk_Hmr_Charge
B50FFD,Atk_Swd_Charge
B5733C,Impact_Charged
B6D6EA,Bow_Add_Charge
B7C215,Teleport_Start
B822FB,Teleport_Finish
B83837,SpriteBuff_Idle
B8B226,Quest_Possessed
B8BB8D,Atk_Chk_Charge
B90256,Locomotion_Idle
BA8331,Rising_Interior
BAB82F,Additive_Remove
BAF414,Win_Hammer_Idle
BB5594,Impact_4_Heavy
BBB383,Reckoning_Enter
BBFD81,Gnome_Fateshift
BCB233,Interact_Chest
BD1876,SoundEvent_Loud
BD6135,Unattach_Codex
BDFC43,Atk_Hmr_Parry1
BE3281,Mgc_BladeHoning
BE55EE,Atk_Swd_Parry1
BE66B9,BendForwardPose
BFA4CA,Death_Idle_Loop
BFCD4C,Mgc_IceBarrage
BFF4BA,Reckon_Teleport
C0554B,Idle_Turn_Right
C12D42,Malwyn_Teleport
C21973,Idle_LookAround
C233B0,Atk_Hmr_Block1
C28D5B,Atk_Swd_Block1
C48031,Double_Arm_Idle
C48AA2,Win_Staff_Equip
C4D4FD,React_Stun_Idle
C67FEC,React_Reckoning
C773B7,Stage_3_Idle_01
C7B683,Mgc_Gambit_Idle
C88F23,Additive_Lockon
C8F3D1,Win_Bow_Unequip
C8FEC9,Petrify_Shatter
C96E26,DLC1_Throne_Sit
C9DC84,Activity_Hammer
CA1011,React_Interrupt
CA17C8,Mgc_Haste_Cast
CA320C,Mgc_ShadowFlare
CAA54D,Invisibility_On
CAD2FD,HitReact_LeftUp
CC4500,Uncharged_trail
CC9334,Attack_X_Block
CCB29C,BladeHoning_Idle
CCC586,lever_pulldown02
CCD5BC,Atk_Swd2H_Parry
CD7724,React_Knockdown
CDDC66,Healing_Instant
CE62F3,Petrify_Instant
CED19B,Win_2HSword_Idle
CF35A9,Locomotion_Walk
CF84B8,React_Execution
D01A69,React_Stun_Exit
D098AB,Stealth_Instant
D22577,Vignette_Ambush
D2488E,Attack_B_Block
D29C0C,MarkOfFlame_Idle
D2B04E,Tirnoch_Ambient
D2E001,Activity_Weeding
D31264,Impact_3_Normal
D326A0,fate_Thresh_Bow
D36D23,Defensive_Block
D381F1,Boggart_Ambient
D393FB,Win_Daggers_Idle
D402E6,Win_Unarmed_Idle
D4FBE6,Activity_Fishing
D58ED8,Win_1HSword_Idle
D6BA82,Attack_Finishing
D6BC4A,Mgc_HealingSurge
D7607C,Attack_Standard
D77A7A,Win_Sceptre_Idle
D88622,Atk_Sceptre_Idle
D9553E,SoundEvent_Quiet
D9F416,DoubleSmash_Idle
DA649E,idle_broken_left
DA8F2F,Fateshift_Primos
DB3F31,Activity_Begging
DC10BC,Activity_Looting
DD8C53,Invisibility_Off
DDC7A3,DodgeTeleport_Rt
DE672F,Fate_Shift_Troll
DE73F3,React_Death_Idle
DE78F1,Mgc_Wrath_Start
DE9D2A,Mgc_Wrath_Finish
DEA636,Win_Hammer_Equip
E01182,break_left_first
E0D937,Mgc_SmokeBomb_1
E167F3,delayed_spike_up
E2905E,Block_Unarm_Idle
E2EA91,Fateshift_Pteryx
E3E2C7,Activity_Panning
E444D9,stop_warded_fail
E4BC16,Atk_Sceptre_Exit
E556BF,Win_Chakram_Idle
E562A2,StateChange_Exit
E5630C,Bleeding_Instant
E6070A,Troll_Charge_Hit
E62A0A,DoubleSmash_Exit
E62B0F,React_Stun_Enter
E64E02,HitReact_RightUp
E7824A,X_Locomotion_Run
E81410,SlowTime_Instant
E85B5E,Fate_Spear_Troll
E90C95,Mgc_Gambit_Enter
E91981,HitReact_FX_Left
E9F9A1,Ciara_Break_Free
EAA9E7,React_Death_Exit
EB568E,Activity_Urinate
EBA230,Impact_Uncharged
EC1492,idle_broken_both
EC36E4,Walk_CarryOnHead
ECA472,FateShift_Bolgan
ECD2C4,Sorcerer_Ambient
ECD611,post_interaction
EDBD12,EyeBeam_Big_Exit
EE6949,Mgc_ShadowBlades
EEC32E,SoundEvent_Medium
EEC652,Block_Unarm_Exit
EF2726,Fateshift_DeadKel
EF52B5,Atk_Mir_Hold_Idle
EFB075,Banshaen_Ambient
F098FC,HitReact_FX_Head
F110F9,React_Knockback
F13EF3,React_PulledUnder
F302D2,Idle_Jottun_Kneel
F3634A,BattleFrenzy_Idle
F44620,DodgeTeleport_Lft
F46F4B,Activity_Sweeping
F4C2EE,Stage_3_FateShift
F4CE4D,Fate_Shift_Thresh
F54213,Invisibility_Idle
F57730,Win_2HSword_Equip
F595E7,Attack_Ledge_Left
F601D0,FX_stage_02_Enter
F61C23,AlynShir_Teleport
F64755,FX_stage_03_Enter
F70286,DodgeTeleport_Frt
F7EE40,idle_broken_right
F876F4,Fate_Shift_Sprite
F95B55,Block_Shield_Exit
FA3990,Win_Daggers_Equip
FA8382,Bed_Lie_Left_Exit
FAA87B,Win_Unarmed_Equip
FAD5A4,Chain1a_LeftSweep
FB214E,EnvenomedEdge_Idle
FB8149,Locomotion_Run_02
FBEAEA,Locomotion_Run_03
FC346D,Win_1HSword_Equip
FC3EF2,Idle_Crudok_Lying
FC67D3,Atk_Mir_Hold_Exit
FCA07B,Atk_Sceptre_Enter
FD4707,StateChange_Enter
FD9E82,break_right_first
FDB848,Win_Staff_Unequip
FE0157,NPC_Props_HideAll
FE0E6F,DoubleSmash_Enter
FE200F,Win_Sceptre_Equip
FE2BC5,Locomotion_Sprint
FE9009,HitReact_LeftDown
FE99DA,Fate_Shift_Gather
FEB124,Idle_Guild_Survey
FF6424,Mgc_Wrath_Launch
FFFDA7,Fate_Shift_Jottun
1003F77,Chakram_Spin_Left
100F6FA,Run_Combat_Spear
1011C00,Mgc_PoisonBomb_1
10214C7,Atk_Swd2H_Block_2
1027FA0,Activity_Planting
1028E4C,React_Death_Enter
102E37D,Activity_Pod_Exit
103D1EF,break_left_second
103FCCB,Lightning_Instant
1048BEA,HitReact_HeadDown
104C4D5,FX_stage_01_Enter
104F36B,Activity_NiceView
10512AE,React_Frozen_Exit
1058546,Troll_Charge_Loop
106A2FE,Troll_Charge_Miss
106A323,HitReact_FX_Right
106A881,Attack_Bear_Maul
106AAB7,Block_Unarm_Enter
106AD24,NPC_Props_HideIdle
1075FDA,Incapacitate_Idle
107D2DC,Strafe_Left_Spear
10959A9,React_Launch_Idle
10B1F85,Idle_CheckPockets
10B69E0,ARCHIVE_Attack_X
10BDA66,React_Fate_Thread
10BFC54,Win_Chakram_Equip
10C5E4C,NPC_Props_ShowAll
10D0FA0,Combat_Idle_Spear
10D23B4,Ready to Activate
10D7D93,fxmesh-fate_shield
10E93E9,DLC1_Interact_Dig
10EED78,start_interaction
10F28B9,React_Frozen_Mash
10F5488,Attack_Charge_Hit
1102DD3,React_Webbed_Exit
111D4E8,Stage_3_Atk_Stare
1123580,Mgc_Flamethrower_2
1127425,FaerGorta_Ambient
112979A,Chakram_Attack_1
1129E8C,Locomotion_Idle_HF
112AAA9,Mgc_Flamethrower_3
11326FE,Mgc_Flamethrower_4
11338D3,Chakram_Spin_Both
113919B,Mgc_Flamethrower_5
113CB84,Chain2a_RightSweep
113CBDE,DodgeTeleport_Bck
114289B,Stage_3_Death_Idle
1144E92,Splinter_Mage_Idle
11474F8,Incapacitate_Exit
114A7BD,Mgc_Tempest_Finish
114DA1B,Activity_Merchant
1155A05,Win_Inventory_Idle
1163005,Activity_Bed_Sick
1166EC7,React_Launch_Exit
1171E03,Ost_Death_Vignette
11747CE,Attack_Ledge_Right
117A3F1,Atk_Mir_Backstab
117F83D,Atk_Mir_Hold_Enter
118E6E4,Atk_Swd2H_Block_1
119264F,FateShift_Stage_02
119A702,Trans_Far_to_Near
11A43DE,React_Webbed_Mash
11A8F0B,Idle_LookUpAndDown
11B1825,Leanashe_Fateshift
11BC672,Trans_Near_to_Far
11C0EDB,Invincibility_Idle
11C5CB4,React_Launch_Land
11C5EEF,Bed_Lie_Right_Exit
11C6B6C,Chain2b_LeftHammer
11C8636,Win_Faeblades_Idle
11D312D,Atk_Bow_IdleReturn
11E0FD7,Fateshift_Human_03
11E11C8,Win_Hammer_Unequip
11E1490,Quest_Fae_Teleport
11E8C2C,Fateshift_Human_04
11EF6C9,Fateshift_Human_05
11F59B6,Activity_Lean_Idle
11FF5BC,HitReact_RightDown
11FF8BF,Left_Arm_Idle_Exit
1205E54,Stage_2_Transition
121ABCA,Troll_Charge_Enter
121F15E,Chakram_Spin_Right
1225F4C,NPC_BulwarkStunned
122973F,Mgc_Fissure_Slam_2
1230C68,Mgc_Fissure_Slam_3
1232866,Atk_Sceptre_Chain2
1239D8F,Atk_Sceptre_Chain3
1243146,Strafe_Back_Spear
1243931,Idle_Pteryx_Seated
1252C79,Death_Impulse_Land
1259F10,break_right_second
126621E,Archer_Cower_Enter
126BC08,Impact_1_VeryLight
126EA01,Fate_Hammer_Jottun
127AD76,Idle_Jail_Initials
127CFEC,Mgc_FlashingBlades
12941DC,Idle_Bolgan_Seated
129A88A,Fate_Shift_Tirnoch
129C71B,Stage_1_Transition
12A4CD7,Strafe_Right_Spear
12A59F3,Mgc_Flamethrower_1
12A64D1,trans_day_to_night
12AEB36,Idle_FrozenInPlace
12AEF93,Heal_Summoned_Ally
12B5C20,Fate_Shift_Niskaru
12B9B8A,Activity_Preaching
12C7731,EyeBeam_Quick_Left
12CC72F,React_Pulled_Spear
12D9300,Activity_Lean_Exit
12E2408,Win_Examine_Torso_
12F23DD,Idle_Punching_Wall
12F8762,Activity_AdmireArt
12FA975,Block_Shield_Parry
12FEF61,Atk_Bow_Block_Idle
1300562,Incapacitate_Enter
1303B34,Bolgan_Turn_Around
130EF97,Splinter_Rogue_Idle
1312971,Attack_Magic_Lunge
1314AC2,FateShift_Stage_01
1317D98,Mgc_Wrath_Chain_02
131BC65,Fate_Shift_Boggart
131F2C1,Mgc_Wrath_Chain_03
131FF31,React_Launch_Enter
133142E,Attack_Sprite_Kick
133F787,Rising_Interior_End
134A985,Impact_5_VeryHeavy
136E1A8,Attack_Thresh_Melee
137EA3D,React_Blended_Base
137F3AB,trans_night_to_day
138D843,AoE_Burst_Lightning
138F7BE,Attack_Shield_Bash
139304D,Win_Examine_Pants_
139870B,Start_grab_attack
139D411,Attack_Pteryx_Bite
139E77A,Win_Examine_Boots_
13AA82C,Win_2HSword_Unequip
13ABB1C,Attack_Pteryx_Flap
13ABBB2,Mgc_Fissure_Slam_1
13B0DAC,SonsOfLaz_RunBurst
13B4CD9,Atk_Sceptre_Chain1
13BF34E,SoundEvent_VeryLoud
13CB071,Win_Examine_Shield_
13D2659,ForceLoadOfSummonFX
13D3923,Chain1b_RightStrike
13F38B9,Interact_Mid_Finish
13F6A8C,Win_Daggers_Unequip
13FD977,Win_Unarmed_Unequip
141131B,Mgc_LightningAoE_2a
1411E98,Atk_Dgr_Charge_Idle
1416569,Win_1HSword_Unequip
1418844,Mgc_LightningAoE_3a
141C753,Win_Examine_Helmet_
141F862,SpriteChampionFrost
1422193,SpriteChampionFlame
1425112,Activity_Guard_Idle
14267B8,React_Blended_Front
14299EC,Atk_Hmr_Charge_Idle
142F397,Atk_Swd_Charge_Idle
1432838,Fate_Shift_Human_02
14328EF,AoE_Burst_Physical
143311A,Activity_Hoing_Exit
1433512,Mgc_LightningAoE_2b
143510B,Win_Sceptre_Unequip
143A3E1,Fate_Shift_Human_03
143AA3B,Mgc_LightningAoE_3b
143BE9B,Right_Arm_Idle_Exit
144271C,Fate_Shift_Human_04
14435C5,SpriteChampionStorm
14497A3,Fate_Shift_Human_05
144E12D,Mgc_LightningAoE_2c
145212B,Idle_Boggart_Chant
1455656,Mgc_LightningAoE_3c
145FC58,FateShift_EarlyExit
14684B3,Activity_Mining_Low
1469F27,Atk_Chk_Charge_Idle
1476199,Interact_Low_Finish
14780AB,Quest_Teleport_Post
1478F8F,Mgc_Lunge_Hit_Large
1479EB9,Ambush_SonsOfLaz_02
148DC68,Fate_Shift_Gnome_01
149A20B,Mgc_Wrath_Chain_01
14A24B7,Interact_ShrineBuff
14A5A09,Activity_Lean_Enter
14A7DEB,Win_Faeblades_Equip
14ADC73,Fate_Shift_Leanashe
14B8180,Death_Impulse_InAir
14B966B,React_Stagger_Front
14BC6DC,React_Launch_Juggle
14C8759,DLC2_Kahrunk_A_Idle
14D4FDB,EyeBeam_Env_Destroy
14D8947,Attack_Sprite_Frost
14DB278,Attack_Sprite_Flame
14DD904,Idle_Guild_StudyMap
14E13FA,DLC2_Kahrunk_B_Idle
14E6544,Mgc_EnvenomedEdge_On
14EE636,Fate_Shift_Barghest
14F4836,React_Frozen_Broken
14FC6AA,Attack_Sprite_Storm
14FD4A9,EyeBeam_Quick_Right
1502800,AdrenalineSurge_Idle
1503C1A,MelSenshir_door_ram
150731C,Locomotion_Run_Stop
151249F,Attack_Sprite_Swoop
1512D50,Win_Chakram_Unequip
1516656,Activity_Guard_Exit
1517CF0,Idle_Bear_Roll_Exit
1520AD8,Stage_2_Hit_React_2
1523323,Stage_3_Hit_React_2
152BD91,Activity_ExamineMap
15315B6,Mgc_BattleFrenzy_On
153C4E4,React_Stagger_Back
1540532,Walk_CarryingLumber
154118F,Atk_Dgr_RollSpecial
154CDAA,Fate_Shift_Bogeyman
156B079,React_Parried_Spear
158C3DE,Block_Talisman_Exit
159378E,Mgc_LightningAoE_1a
15A9026,FateShift_Death_Idle
15AEFB4,Atk_Bow_Block_Enter
15B176C,Fate_Shift_Banshaen
15B5985,Mgc_LightningAoE_1b
15B739F,Stage_1_Hit_React_2
15BAC0A,Attack_Brownie_Leap
15BBAEE,Fate_Hammer_Boggart
15BCBFF,Attack_Boggart_Roll
15BD029,Activity_Bed_Idle_02
15CA409,Fate_Shift_Human_01
15D01E7,Attack_Scarab_Leap
15D05A0,Mgc_LightningAoE_1c
15EC085,Interact_High_Finish
16087C4,Activity_Hoing_Enter
16105DA,Reckoning_Hit_React
1611A8A,Ambush_SonsOfLaz_01
161554B,Activity_Raking_Idle
1625DD4,Atk_Swd_DelayLaunch
1628424,Stage_2_Atk_Prismere
162CC6B,ChangeSlotEvent_Loop
16326A1,Crime_Trespass_Warn
163EB72,Activity_Bed_Wounded
1642E19,Activity_Situps_Idle
16537B4,Attack_Scarab_Melee
165FA0A,Attack_Tilera_Shield
166398B,MarkOfFlame_Prime_On
16696C3,Mgc_StormBolt_Start
166B2F2,React_Death_Swimming
167A937,Activity_Corpse_Idle
167E227,Fate_Faeblade_Spider
167F509,Leanashe_Dodge_Back
16801F7,React_Scarab_Block
1681B74,DodgeTeleportIce_Frt
1681EC7,React_HealFromSummon
169F749,EyeBeam_Big_Shooting
16AC2F3,Mgc_EnvenomedEdge_Off
16AE454,Mgc_Tempest_Charge_2
16B52A7,Attack_Cow_RearKick
16B6409,Mgc_Tempest_Charge_3
16B812A,Defensive_Block_Idle
16B86A9,Stage_2_Hit_React_1
16BAEF4,Stage_3_Hit_React_1
16BECEB,Stage_1_Atk_Prismere
16C2549,Locomotion_Jump_Down
16C5EE4,Mgc_BattleFrenzy_Off
16CBF5A,Double_Arm_Idle_Exit
16E450B,Attack_Ledge_Attack
16EBD00,Activity_Guard_Enter
16ECF39,SpriteChampionPrimal
16ED39A,Idle_Bear_Roll_Enter
16EF4B2,Attack_Cow_Headbutt
16F26C0,Atk_Stf_Charge_Enter
1705106,React_FX_Launch_Ice
17177F8,Activity_Squats_Idle
171806D,Activity_Raking_Exit
171A3D1,DLC2_Secandra_Freeze
17220C3,Attack_Bolgan_Parry
1735BEE,Activity_Huddled_Idle
173A836,Locomotion_Jump_Land
173CC2F,Mgc_EtherealGuard_On
173E9A4,Context_React_Pulled
1741E92,Locomotion_Jump_Fall
174593B,Activity_Situps_Exit
1749AF1,StateChange_Cooldown
174EF70,Stage_1_Hit_React_1
175C352,Attack_Tilera_Ranged
17622ED,CombatIdle_To_DefIdle
176A5CC,Activity_Bed_Idle_01
177D459,Activity_Corpse_Exit
179FFF5,React_Tirnoch_Summon
17A4507,Mgc_MarkOfFlame_Mark
17C92C0,Locomotion_Walk_Stop
17E176E,Attack_Mage_Chain_02
17E1DF7,React_FX_Launch_Fire
17EFFD7,Strafe_Forward_Spear
180028C,Curse_BloodSacrifice
1806AEC,Idle_LeanAgainstWall
1813A69,Atk_Dgr_DelaySpecial
1819B29,Attack_Wolf_Sync_End
181CF95,DLC2_SQ02_Defeat_Knee
1828E7E,PlayOnce_ReturnToIdle
1831C7B,Wolf_Sync_Attack_01
1833B68,Death_Impulse_Launch
183B523,Fate_Scythe_Cruddock
1849416,Activity_Huddled_Exit
1854C30,Attack_Unarmed_Punch
185B9F7,Mgc_Tempest_Charge_1
1867808,Attack_Barghest_Bite
1869FCE,Locomotion_Run_Start
187078C,Atk_Swd2H_Charge_Idle
187A0D4,Activity_Cooking_Idle
1880877,Activity_Weeding_Exit
188E00A,OLD_Attack_Wolf_Bite
1891992,NPC_Sheathing_HideAll
18A769F,React_KnockedOut_Idle
18A7C12,Splinter_Warrior_Idle
18A91A5,Attack_Magic_Sceptre
18B0E48,Activity_Pushups_Idle
18B345D,Idle_Barghest_Resting
18B6969,Activity_GivingSpeech
18C208A,Stage_2_Knockout_Idle
18C48D5,Stage_3_Knockout_Idle
18D8942,Atk_Dgr_Charge_Finish
18E435B,React_HitByManaDrain
18F7766,DodgeRoll_Front_Short
18FE272,EyeBeam_Big_HitReact
19029DE,Mgc_EtherealGuard_Off
190E2D8,Attack_GiantRat_Bite
1913932,Activity_Looting_Exit
1915BC6,Atk_Dgr_DelaySpecial2
1917034,Activity_Bartend_Idle
19223D4,Activity_Dancing_Idle
1922A68,Activity_Raking_Enter
19268EC,Attack_Banshaen_Tail
1933BA7,Activity_FeedChickens
1945E68,Block_Talisman_Parry
194E1B6,Atk_Bow_Charge_Stage2
194F6C0,Attack_Balor_EyeBeam
1950336,Activity_Situps_Enter
1957936,Activity_Bed_Restless
1958951,Stage_1_Knockout_Idle
196924D,DLC2_Kahrunk_A_Start
196BCA1,Activity_Alchemy_Idle
1975EE9,Win_Faeblades_Unequip
1981EEE,DLC2_Kahrunk_B_Start
198234F,Archer_IndicateVolley
1987E54,Activity_Corpse_Enter
198C8A0,DLC1_Fate_Shift_Scav
198ED11,Attack_Mage_Chain_01
1990B3D,Activity_Panning_Exit
1995F16,React_Interrupt_Front
19A22C9,Activity_Butcher_Idle
19BAEC7,React_KnockedOut_Exit
19BB1C4,Vignette_Balor_Bridge
19C142D,Mgc_StormBolt_Release
19C4670,Activity_Pushups_Exit
19C6EAB,NPC_Sheathing_ShowAll
19D58B2,Stage_2_Knockout_Exit
19D80FD,Stage_3_Knockout_Exit
19E1281,MysteriousToxins_Weak
1A009DB,BalladsEnchantment_On
1A061F1,AdrenalineSurge_Start
1A07F04,Activity_Urinate_Exit
1A0F05F,DefIdle_To_CombatIdle
1A10CE4,Win_Additive_BigArmor
1A1D82B,React_Interrupt_Back
1A1E603,Attack_Rogue_Chain_02
1A2A455,React_Execution_Large
1A3035B,Attack_Rogue_Chain_04
1A4BA48,Crime_Pickpocket_Fail
1A4CE53,React_Reckoning_Spear
1A506CC,Attack_Ledge_Left_Idle
1A53DA4,Attack_Projectile_Big
1A5C5C5,Quest_TR05_Frozen_Idle
1A62E74,Activity_Shopping_Idle
1A6539E,Activity_Huddled_Enter
1A692ED,Mgc_RelentlessAssault
1A6C179,Stage_1_Knockout_Exit
1A72B7A,React_Sync_Fate_Shift
1A74936,Impact_4_Heavy_SlowMo
1A8B1D3,Activity_Cheering_Idle
1A9C7FF,Activity_Weeding_Enter
1ABC58B,React_Knockdown_Spear
1ACB836,Atk_Bow_Block_Release
1AD1471,Reckoning_effects_idle
1AD4103,React_Blended_Swimming
1AD47DF,Mgc_MarkOfFlame_Start
1ADDA0A,Quest_JumpingOutWindow
1AEA467,Fate_Shift_GiantSpider
1AEFF2B,Activity_Kneeling_Exit
1AF6E20,Atk_Sceptre_Idle_Enter
1B01B33,Activity_Meditate_Idle
1B102A6,React_Death_LastStand
1B10A6F,Atk_Bow_Charge_Stage1
1B1F6DF,Mgc_EtherealGuard_Idle
1B280C2,trans_Closed_to_Opened
1B2F8BA,Activity_Looting_Enter
1B315A5,Locomotion_Strafe_Idle
1B363A8,Attack_Ettin_BodySlam
1B4467B,Idle_Jottun_Kneel_Exit
1B4BDC5,Attack_Archer_LobShot
1B558B3,Attack_Wolf_Sync_Miss
1B57F10,Mgc_GrapplingHook_Pull
1B5B2F4,Activity_Sweeping_Exit
1B783A1,Locomotion_Walk_Start
1B78EBA,Attack_Ettin_AOEBurst
1B79889,Quest_TR05_Frozen_Exit
1B80138,Activity_Shopping_Exit
1B813A6,Idle_LookAroundNervous
1B836FC,Stage_3_Incapacitated
1B8514B,Block_Enter_BlendUpper
1B8C69C,Mgc_SummonSpell_Summon
1B94E38,IncapFSK_ThreadRelease
1B98D3E,Activity_Waitress_Idle
1B9FDD1,Attack_Boggart_Charge
1B9FF3C,Atk_Swd2H_Charge_Enter
1BACAC5,Activity_Panning_Enter
1BB570E,Locomotion_Strafe_Left
1BB7237,DLC2_Fate_Shift_Primos
1BC194D,Chain1a_LeftSweep_Exit
1BD6E4F,React_KnockedOut_Enter
1BD829B,Idle_Crudok_Lying_Exit
1BD8A4F,BalladsEnchantment_Off
1BD9630,Malwyn_Teleport_Return
1BDFC8C,AlynShir_Teleport_Post
1BE05F8,Activity_Pushups_Enter
1BE0EBC,Attack_Rogue_Chain_01
1BEE268,Tilera_HideSecondSpear
1BF183A,Stage_2_Knockout_Enter
1BF4085,Stage_3_Knockout_Enter
1BFE718,trans_Opened_to_Closed
1C01E12,React_MysteriousToxins
1C05BA9,Fate_Gauntlet_Human_02
1C0DFE6,Activity_Standing_Exit
1C1EDF7,Activity_Meditate_Exit
1C23E8C,Activity_Urinate_Enter
1C2AFB9,Stage_2_Atk_Head_Sweep
1C2D804,Stage_3_Atk_Head_Sweep
1C39C9A,Attack_Troll_Backhand
1C3A1DB,Interaction_PickupItem
1C3C349,Activity_Planting_Exit
1C542E8,Atk_Dgr_Charge_Release
1C57D84,Locomotion_Sprint_Stop
1C63714,Activity_NiceView_Exit
1C7ADB5,Kollossae_Fateshift_01
1C7B589,DLC2_Fate_Shift_Pteryx
1C7BA9C,Idle_Banshaen_CoiledUp
1C88101,Stage_1_Knockout_Enter
1CA3F69,Attack_Spider_WebShoot
1CA7FC9,Attack_Leanashe_Swipes
1CAC2BB,Atk_Sceptre_Block_Idle
1CB039C,Atk_Mir_Hold_Exit_Weak
1CB0564,Human_NPC_Quest_Frozen
1CB1016,MarkOfFlame_Execute_On
1CB22FA,Crime_Shout_For_Guards
1CB6002,Activity_Waitress_Exit
1CC1880,Stage_1_Atk_Head_Sweep
1CD8C52,Win_Examine_Gauntlets_
1CD9B4B,Attack_Magic_Lunge_Hit
1CE6681,Player_Shield_Bash_Hit
1CFCE27,Fate_Gauntlet_Barghest
1D02612,Activity_Shoveling_Idle
1D0632B,Mgc_Gambit_ReleaseWeak
1D1D536,Mgc_IceBarrage_Release
1D24892,Context_React_Confused
1D2849B,Secondary_Hide_Boggart
1D2A5CB,Attack_Wolf_Charge_Hit
1D31FE6,Aggro_Player_From_Coil
1D360F0,Attack_Ledge_Right_Idle
1D56998,Attack_Shield_Bash_Hit
1D61E66,Activity_Kneeling_Enter
1D677E9,Attack_Wolf_Sync_Enter
1D73BC9,Mgc_LightningAoE_Finish
1D8E4E8,Activity_Weeding_Crawl
1DA3177,DLC2_FateDebuff_Trigger
1DACC52,Daggerwielder_DodgeMelee
1DB500B,MysteriousToxins_Medium
1DB65B6,Idle_Jottun_Kneel_Enter
1DCD22F,Activity_Sweeping_Enter
1DEA2A9,DodgeTeleportPoison_Frt
1DEB7C4,Quest_TR05_Frozen_Enter
1DF2073,Activity_Shopping_Enter
1E02E42,X_Locomotion_Run_Start
1E14106,Attack_Thresh_RapidFire
1E1AC36,Locomotion_Stealth_Idle
1E1DDC1,DLC1_Fate_Shift_DeadKel
1E34FB7,Fate_Shift_Banshaen_01
1E36A82,Chain2a_RightSweep_Exit
1E3ABEE,Activity_Shoveling_Exit
1E3E69F,Activity_PlayFlute_Idle
1E4A1D6,Idle_Crudok_Lying_Enter
1E891D0,Atk_Sceptre_AimingBlend
1E89F96,NPC_Sheathing_HiddenIdle
1E8E289,MysteriousToxins_Strong
1E90D32,Activity_Meditate_Enter
1E944C4,Mgc_GrapplingHook_Throw
1E9AE10,Attack_Pteryx_Flap_Far
1EA33FA,DodgeTeleport_Frt_Short
1EA569D,Attack_Kobold_BombToss
1EA6496,React_Tirnoch_Attacked
1EACE79,Attack_Leanashe_Scream
1EAE284,Activity_Planting_Enter
1EAF3DE,Locomotion_Strafe_Right
1EB81B4,Atk_Sceptre_ChainFinish
1EC064D,Attack_Thresh_PowerShot
1ED564F,Activity_NiceView_Enter
1EDC091,Attack_Magic_SmokeBomb
1EE0DC9,Player_Shield_Bash_Idle
1EE4FC6,DestinyReact_DrainMana
1EE890C,FateShift_EarlyExit_Hit
1EFB0E5,NPC_QuestEssential_Dead
1EFF88A,Malwyn_Teleport_Attack
1F08CE4,Attack_Boggart_Cyclone
1F1683B,Attack_Wolf_Sync_Middle
1F20A3B,Activity_Standing_Fixup
1F27F3D,Activity_Waitress_Enter
1F35681,Attack_Bear_GroundPound
1F3B7BC,Activity_Boggart_Chant
1F3D82F,Idle_Pteryx_Seated_Exit
1F460FA,Quest_Fae_Teleport_Post
1F4B5E5,Quest_KV03_OstDeath_Ost
1F4FB4D,Attack_Troll_RockBlast
1F53212,Locomotion_Stealth_Exit
1F633B1,Context_React_Surprised
1F63F2C,Attack_Sprite_Flame_Hit
1F8E0DA,Idle_Bolgan_Seated_Exit
1F97A4F,DLC1_DeadKel_RootPlayer
1F9BF4C,Locomotion_Strafe_Back
1F9E9E3,StateChange_Attack_AOE
1FA2080,Activity_InJail_AtBars
1FA854A,Fate_Shift_Bolgan_Ettin
1FAF8A7,Mgc_MarkOfFlame_Execute
1FBA749,Activity_Shopkeeper_Idle
1FCCD86,ContextReact_Cower_Idle
1FE15FF,Attack_Spider_AcidShoot
1FE5F32,EyeBeam_Big_EnterCharge
1FEA2A8,Ambient_Maiden_Windemere
1FF2660,Activity_AdmireArt_Exit
1FF385A,React_Scarab_Dodge_Left
200259B,Activity_Crouching_Exit
200BC70,Locomotion_Swimming_Idle
2017013,Attack_Magic_Lunge_Miss
202071E,Attack_Projectile_Small
202B8BD,Attack_Archer_RapidShot
203B4BA,Atk_Sceptre_Block_Enter
20458B3,Attack_Boggart_Roll_Hit
20480B6,React_KnockFoward_Back
204E1B1,Attack_Wolf_Charge_Loop
205104B,Attack_Troll_Charge_Hit
2056585,Boggart_Tainted_Ambient
2062097,Locomotion_Stealth_Walk
2062B72,Attack_Warrior_Chain_02
20634D3,Crime_Guard_Lost_Player
206CAFD,Attack_Warrior_Chain_03
2093E60,Attack_Shield_Bash_Miss
20989A2,Attack_Murghan_AOE_Loop
209B47F,Locomotion_Sprint_Start
20B1D54,Activity_Shoveling_Enter
20C0AA2,Attack_Kobold_StabBomb
20C6C14,Activity_PlaceBomb_Idle
20CAAF5,Attack_Archer_FromCower
20CE8C3,React_Incapacitate_Idle
20D64F8,Stage_2_Reckoning_React
20D8D43,Stage_3_Reckoning_React
20FA656,Arcane_Barghest_Ambient
20FCAD1,Activity_Shopkeeper_Exit
2105362,ContextReact_Cower_Exit
211C061,React_DrainManaToPlayer
212E576,Reckon_Propogate_Launch
2132317,Fateshift_Balor_Spike_02
2140DE1,Weapon_Flaming_RightHand
214C675,Activity_Reading_Sitting
214DFF8,Locomotion_Swimming_Exit
2166B92,Attack_Jottun_BellyBump
21671F9,Activity_Mining_Standing
216CDBF,Stage_1_Reckoning_React
217DF6A,NoBlend_RunPose_BindPose
21927DD,Activity_WarmAtFire_Idle
219D96A,Mgc_SummonSpell_Unsummon
21A8436,Mgc_Flamethrower_Release
21AC8CF,Locomotion_Vignette_Stop
21B1855,FXMesh-Fate_Spear_Balor
21B4995,Idle_Pteryx_Seated_Enter
21B4E40,Attack_Jottun_FrostShiko
21BB0F2,Locomotion_Swimming_Stop
21BEA35,Activity_Planting_Crawl
21C389F,Attack_Swordwielder_Dash
21C7DBB,Quest_MQ17_Gadflow_Intro
21CA378,Locomotion_Stealth_Enter
21CB563,Fate_Shift_NiskaruHunter
21D9EF6,Attack_Ettin_HammerSwing
21E2B1D,Fate_Shift_Human_NPC_01
21E821D,Attack_Swordwielder_Leap
21F9F64,Atk_Swd2H_Parry_Success
21FA3EF,Attack_Hallway_Collapse
21FF1F0,Activity_PlaceBomb_Exit
2205240,Idle_Bolgan_Seated_Enter
2206E9F,React_Incapacitate_Exit
220A8E4,React_Sync_Fate_Shift_02
2214DCD,React_Sync_Fate_Shift_03
22176DD,Mgc_Gambit_ReleaseStrong
221FC46,React_Sync_Fate_Shift_04
222595E,Attack_Troll_DoubleSwing
222931F,React_Sync_Fate_Shift_05
222A524,Activity_SitOnBench_Idle
223C052,Activity_Reading_GetBook
223C0DA,Attack_Ettin_ThorsHammer
223FDB1,FateShift_EarlyExit_Miss
2241B19,React_Scarab_Block_Idle
22481A6,Staff_Ice_Block_Special
224F98A,React_Sync_Hammer_Finish
224FAD9,Attack_Warrior_Chain_01
224FB69,Stage_2_Atk_Head_Slam_A
22523B4,Stage_3_Atk_Head_Slam_A
2258992,Reckon_Propogate_Stagger
2261DC9,Quest_SQ01_WolfTransform
2261DFD,Locomotion_Walk_Stop_LFD
22697C6,Activity_AdmireArt_Enter
2279701,Activity_Crouching_Enter
2279A2A,Stage_2_Atk_Head_Slam_B
227C275,Stage_3_Atk_Head_Slam_B
2285CED,DestinyBuff_Merciless_On
2286307,DoubleSwing_RevisedTiming
229050B,Player_Shield_Bash_Enter
229D917,Locomotion_Walk_Stop_RFD
22D4455,Attack_Wolf_Charge_Enter
22E6430,Stage_1_Atk_Head_Slam_A
22ED4B4,Atk_Dgr_Sheath_LowerBody
22EFA75,React_Block_Unarm_Break
22F6963,Atk_Dgr_Sheath_UpperBody
22F976E,Activity_ExamineMap_Exit
22FDAFF,React_Scarab_Dodge_Right
22FED6F,React_KnockForward_Front
2304FF3,Atk_Mir_Sheath_LowerBody
2305008,Atk_Hmr_Sheath_LowerBody
23070EE,Atk_Stf_Sheath_LowerBody
230A9B3,Atk_Swd_Sheath_LowerBody
230E4A2,Atk_Mir_Sheath_UpperBody
230E4B7,Atk_Hmr_Sheath_UpperBody
23102F1,Stage_1_Atk_Head_Slam_B
231059D,Atk_Stf_Sheath_UpperBody
2313E62,Atk_Swd_Sheath_UpperBody
233247F,Attack_Mage_Chain_03_Hit
2334AFE,Fateshift_Balor_Spike_01
233E27D,Attack_Gadflow_MassRunes
2341774,Attack_Ettin_OneTwoPunch
2345543,Atk_Chk_Sheath_LowerBody
234E9F2,Atk_Chk_Sheath_UpperBody
2359F19,Attack_Daggerwielder_Dive
236C8AC,Activity_SitOnBench_Exit
2374152,Fate_RightArm_Stage2_Idle
23779F5,React_KnockForward_Back
23792F5,Atk_Bow_Sheath_LowerBody
237A0F5,React_Scarab_Block_Exit
237C107,Fate_RightArm_Stage3_Idle
237C4C8,ContextReact_Cower_Enter
23827A4,Atk_Bow_Sheath_UpperBody
23848B4,Fate_RightArm_Stage4_Idle
238BB0E,Attack_Troll_Charge_Loop
2390444,Attack_Malwyn_BalorCall
23988ED,Jottun_IceHammer_Ambient
239ADBF,Atk_Hmr_Charge_Hit_Small
23A4D16,Activity_Shopkeeper_Enter
23A67A6,Attack_Jottun_Charge_Hit
23AA613,Attack_Thresh_Rooted_Idle
23D1B9C,Attack_Pteryx_Charge_Hit
23E1DEC,DLC1_Spawn_RootFaerGorta
23F5F5C,Activity_Wounded_OnGround
23F623D,Locomotion_Swimming_Enter
23F9304,Fate_BothArms_Stage2_Idle
2400C22,DLC2_Idle_ChainedPrisoner
24012B9,Fate_BothArms_Stage3_Idle
2408246,React_Scarab_Dodge_Back
2409A66,Fate_BothArms_Stage4_Idle
240D0CB,React_Sync_Fate_Shift_01
2412139,React_Block_Shield_Break
2428DED,Attack_Spearwielder_Lunge
242DC26,React_Death_Idle_Swimming
242EFE1,Activity_PilgrimWalk_Idle
242F253,Attack_Scarab_PoisonSac
2436382,Atk_Hmr_Charge_Hit_Large2
244118F,Atk_Hmr_Charge_Hit_Large3
244301B,Stage_2_Atk_Flame_Breath
2445866,Stage_3_Atk_Flame_Breath
24479AF,Attack_Bolgan_Charge_Hit
244B6A1,Locomotion_Stealth_Toggle
2476356,Activity_PlaceBomb_Enter
2477C8B,Attack_Murghan_AOE_Ready
247E005,React_Incapacitate_Enter
2481C49,Activity_CarcassEat_Idle
2490256,Atk_Stf_Charge_ReleaseMid
249CA73,Attack_Kobold_BombFlurry
24B3339,Activity_CowerInFear_Idle
24C2427,Activity_PerformPlay_Idle
24E237B,Staff_Fire_Block_Special
24F121A,React_Death_Exit_Swimming
24F4914,Atk_Sceptre_Charge_Stage2
24F9346,Activity_Reading_Standing
24FD408,Mgc_HealingSurge_LateExit
25070F7,Attack_Thresh_Rooted_Exit
25216F5,Fate_RightArm_Stage1_Idle
2526170,React_Sync_Daggers_Finish
253251A,Locomotion_Idle_To_Sprint
2539480,Attack_FaeBlades_Cyclone
253FFA8,React_FX_Launch_Lightning
254BA34,Crime_Pickpocket_Success
2558E56,Activity_CarryOnHead_Idle
256E8A8,DLC2_Fate_Shift_Kollossae
2581B12,Idle_Boggart_ChaseFirefly
258BAC5,Activity_PilgrimWalk_Exit
2598A86,Attack_Jottun_DoubleSwing
25A19B3,Activity_ExamineMap_Enter
25A68A7,Fate_BothArms_Stage1_Idle
25C3FD1,Activity_CarcassEat_Exit
25E2CA2,Atk_Swd2H_Charge_SpinWeak
25E3559,Fate_Shift_Balor_Stage_02
25E8AA1,Fate_Shift_Murghan_Kobold
25F125B,React_Scarab_Block_Enter
25F8862,Mgc_FrostTrap_FromStealth
260654D,Locomotion_Run_Slope_Lean
2608FA7,Activity_Fateweaving_Deal
260FE1D,Activity_CowerInFear_Exit
2614AF1,Activity_SitOnBench_Enter
2614EC8,Attack_SonsOfLaz_Overhead
261F580,Attack_Kobold_JavelinToss
26205A1,Locomotion_Jump_DownWater
2629F14,Attack_Rogue_Chain_03_Hit
262D415,Attack_Troll_OverheadSlam
2634C63,React_Blended_Front_Spear
263772B,React_Stagger_Back_Spear
2639274,Activity_CarryLumber_Idle
263A216,Locomotion_Strafe_Forward
263D922,Locomotion_Run_Stop_Short
263DFB9,Attack_Troll_Charge_Enter
264D7DC,DLC2_SQ02_Defeat_Knee_Idle
264E023,Atk_Hmr_Charge_Hit_Large1
265E4FB,Locomotion_Swimming_Start
26611DC,Attack_Thresh_Rooted_Wave
2675CFC,Activity_Blessing_Kneeling
2678FD7,Activity_StreetVendor_Idle
268CE5C,Activity_Tavern_PassedOut
2697AEE,Attack_Brownie_DoubleLeap
2697CE2,EyeBeam_Additive_Tracking
269888E,Locomotion_Jump_LandWater
269FEEA,Locomotion_Jump_FallWater
26B08FC,Activity_PilgrimWalk_Walk
26B593A,Activity_CarryOnHead_Exit
26BDE73,Attack_Mage_Chain_03_Miss
26BF33C,Vignette_Melsenshir_Bridge
26C7B16,React_Stagger_Front_Spear
26CF7D9,DLC1_DeadKel_Teleport_Idle
26DBDB5,Idle_Boggart_CatchFirefly
26F51CB,Attack_Brownie_Charge_Hit
27057C4,Attack_Summoner_EnergyDisk
270C5B5,Atk_Sceptre_Charge_Stage1
27175F4,Attack_Jottun_Charge_Loop
273161C,Attack_Barghest_Bite_Exit
273219A,Attack_Jottun_Charge_Miss
27429EA,Attack_Pteryx_Charge_Loop
275D590,Attack_Pteryx_Charge_Miss
27621E4,Activity_SharpenSword_Idle
276452C,Attack_FaerGorta_JumpChop
277E9FD,Atk_Bow_Charge_Stage2_Idle
277F847,Attack_Magic_Harpoon_Pull
27836A7,DestinyBuff_Merciless_Idle
27879E1,Locomotion_Jump_DownGround
2795D58,Activity_CarryLumber_Exit
27A2C65,Attack_Boggart_Charge_Hit
27B19D8,Activity_Bed_LeftSide_Exit
27B3D77,Attack_Thresh_Rooted_Enter
27B87FD,Attack_Bolgan_Charge_Loop
27BE410,Attack_RootGolem_RightHand
27C803E,Activity_PlayGuitar_Gypsy
27E0BAB,Activity_Tavern_Flute_Idle
27E8533,Attack_Gadflow_PostAmbush
27EA2A2,Attack_Sorcerer_RuneChant
27F32FB,Ambient_DaughterOfLaz_Idle
27F9CD5,Locomotion_Swimming_Sprint
27FB1FA,Fate_Shift_Balor_Stage_01
27FCCBF,Attack_Chicken_Egg_Launch
27FFCCE,Locomotion_Jump_LandGround
2803E01,Attack_Sorcerer_ManaDrain
280732A,Locomotion_Jump_FallGround
2807EC9,DLC1_MQ05_BaronettCapture
2822532,Attack_NiskaruTyrant_Dash
282FA8E,Mgc_FlashingBlade_Respawn2
2838745,Activity_PilgrimWalk_Enter
283AD9F,Mgc_FlashingBlade_Respawn3
284627A,Activity_Troll_LogRam_Idle
2846B0C,Mgc_FlashingBlade_Respawn4
2848BC2,Idle_Barghest_Resting_Exit
28564BE,Activity_Sagecrafting_Idle
2867F22,Block_Shield_ParrySuccess
2869B8B,Stage_2_Reverse_Transition
286C216,Activity_CarcassEat_Enter
286C3D6,Stage_3_Reverse_Transition
286D099,Atk_Stf_Charge_Idle_Strong
28713BB,Activity_Blessing_Standing
288AD05,React_HitByArcaneBarghest
289BA6D,Mgc_HealingSurge_EarlyExit
289D0AE,Primos_Platform_DrawEnergy
28A1ADC,FXmesh-Smokebomb_explosion
28AAA33,Attack_Bolgan_TwoHitCombo
28BCA9D,Activity_CowerInFear_Enter
28C05E4,DodgeTeleportIce_Frt_Short
28CF7BD,Reckon_Propogate_Interrupt
28D0D75,Locomotion_Stealth_Walk_02
28DC086,Locomotion_Stealth_Walk_03
28E7DF3,Locomotion_Stealth_Walk_04
28E8058,Attack_Spider_JumpToTarget
28F21C8,Locomotion_Stealth_Walk_05
28F4504,Activity_PlayGuitar_Party
28F601A,Ambient_Gadflow_Projection
28FB71F,Attack_Ettin_BackhandSlap
28FD309,Attack_Bogeyman_BugBreath
2908D33,Primos_LeapToPlatform_Exit
2924786,Atk_Swd2H_Sheath_LowerBody
2934F23,Atk_Swd2H_Sheath_UpperBody
2944012,Reckon_Propogate_KnockDown
29478DE,Attack_Spider_DoublePincer
295AC6A,Mgc_ElementalHarmony_3_Ice
29625BA,Activity_CarryOnHead_Enter
297A551,Player_Shield_Bash_Release
299B4FA,Atk_Stf_Charge_ReleaseWeak
29AB198,Activity_Troll_LogRam_Exit
29B6411,Attack_Kobold_OverheadSlam
29BFCE4,Locomotion_StrafeCast_Idle
29C2AFB,Attack_Boggart_OneArmSwipe
29C98F7,React_Sync_Fate_Shift_Dead
29CE92B,Attack_Rogue_Chain_03_Miss
29D44DE,Attack_Jottun_Charge_Enter
29D51E6,Attack_Archer_StraightShot
29DED93,Attack_Scarab_SporeLaunch
29E4085,Attack_Banshaen_DongleBolt
29FF8D4,Attack_Pteryx_Charge_Enter
2A2FD73,Attack_Daggerwielder_Combo
2A4024F,Activity_Shopping_Look_High
2A429D8,Activity_CarryLumber_Enter
2A5D009,Mgc_FlashingBlade_Respawn1
2A62C81,Locomotion_StrafeCast_Left
2A70808,Ambush_SonsOfLaz_02_Rise_A
2A756E7,Attack_Bolgan_Charge_Enter
2A78C60,Atk_Swd2H_Charge_SpinFinish
2A7CC02,Attack_Brownie_Charge_Loop
2A833AD,Attack_Boggart_TwoArmSwipe
2A86034,Attack_Leanashe_Charge_Hit
2A89001,Activity_Bed_LeftSide_Enter
2A8C462,Fate_BothArms_Stage2_Start
2A94417,Fate_BothArms_Stage3_Start
2A9CBC4,Fate_BothArms_Stage4_Start
2A9FCFD,Ambush_SonsOfLaz_02_Rise_B
2ABB739,Normal_Idle_To_Combat_Idle
2ACE6BF,Attack_Boggart_Suicide_Run
2AD8D9B,Mgc_ElementalHarmony_2_Fire
2AF755E,Activity_SleepOnGround_Exit
2AFAC1B,Vignette_Human_Balor_Intro
2AFBF35,Attack_Chicken_Fire_Breath
2AFE2F0,Locomotion_Stealth_Walk_01
2B16C6C,Fate_Shift_Human_Player_01
2B180D6,Attack_Magic_Harpoon_Throw
2B1DBCA,Activity_Bed_RightSide_Exit
2B201EB,Idle_Barghest_Resting_Enter
2B3A645,Activity_Kneeling_HeadBowed
2B3D9B6,Attack_Gadflow_HealingSurge
2B4175A,Mgc_GrapplingHook_PullLarge
2B622EB,Activity_Blacksmithing_Idle
2B85A0C,Activity_PlayGuitar_YsaInn
2B8818C,React_Block_Unarm_Hit_Hard
2B8A38E,Activity_MQ_Encel_Door_Idle
2B91C20,DLC2_Primos_EntombSecandra
2B953F7,Activity_Fateweaving_Chant
2BB27C2,Atk_Swd2H_Charge_SpinStrong
2BB635B,EqualBlend_RunPose_BindPose
2BBAF57,Win_Additive_BigArmorRemove
2BD3479,Attack_Swordwielder_Chain_2
2BDF02A,Attack_Swordwielder_Chain_3
2BE035C,Primos_LeapToPlatform_Enter
2BE9834,Fate_Shift_Pulse_Right_Hand
2BF5563,Quest_HoV_Arena_Defeat_Idle
2C083D9,Ambush_SonsOfLaz_01_Rise_A
2C170EF,Locomotion_Swimming_Forward
2C1F623,Quest_SQ13_AntelopTransform
2C378CE,Ambush_SonsOfLaz_01_Rise_B
2C3EADC,Agarth_MQ03_Ettin_Encounter
2C4F068,Stage_1_Atk_Fire_Projectile
2C81B7D,Fate_Shift_Balor_Stage_01a
2C827C1,Activity_Troll_LogRam_Enter
2C8633C,Quest_SQ61_Bleeding_Ambient
2C9F638,DLC2_Attack_Sprite_Teleport
2CA75E1,Attack_Kollossae_IceFissure
2CB1D02,Activity_Tavern_Guitar_Idle
2CBD3B7,Locomotion_StrafeBlock_Idle
2CD1A1D,Activity_Fateweaving_Gather
2CD44CB,Attack_NiskaruHunter_Impale
2CDA947,Activity_Blacksmithing_Exit
2CDE92E,Attack_Bogeyman_TailStinger
2CE1A6A,Activity_Reading_ReturnBook
2CE79F1,Attack_Kobold_ThreeHitChain
2CEAF77,Atk_Dgr_Charge_Finish_Small
2D029EA,Activity_MQ_Encel_Door_Exit
2D05175,React_Block_Shield_Hit_Hard
2D0E7FC,Attack_RootGolem_Charge_Hit
2D149AA,Attack_Jottun_OverheadSmash
2D175EA,Attack_FaerGorta_ChainHit_2
2D2319B,Attack_FaerGorta_ChainHit_3
2D4012C,React_Interrupt_Back_Spear
2D5F0C5,Attack_Brownie_Charge_Enter
2D68C7A,Locomotion_StrafeBlock_Left
2D6C527,Attack_Murghan_OverheadSlam
2D6DBBF,Quest_HoV_Arena_Defeat_Exit
2D83FE4,Fear_Gorta_Summoned_Ambient
2D8E95E,Fate_Shift_Pulse_Both_Hands
2D8EE0A,React_Block_Unarm_Hit_Light
2DB336C,DLC1_DeadKel_Teleport_Start
2DC5913,React_Interrupt_Front_Spear
2DDA877,Win_FastSheath_Both_to_Hips
2DE0F0E,Attack_Kollossae_PrimalLeap
2DE7409,Locomotion_StrafeCast_Right
2DE8820,Activity_SleepOnGround_Enter
2DEB07B,Stage_1_Hit_React_1_Blended
2DF23A5,DLC1_DeadKel_Teleport_Finish
2E0EE8C,Activity_Bed_RightSide_Enter
2E15F32,Attack_Swordwielder_Chain_1
2E2C8C2,Fate_Shift_Jottun_Player_01
2E3E0D0,Attack_Leanashe_Charge_Loop
2E41D40,Attack_Banshaen_ChargedDash
2E52E0B,Attack_SonsOfLaz_Horizontal
2E5AF58,Attack_Leanashe_Charge_Miss
2E60812,Locomotion_Idle_Turn_90_Left
2E61EE0,Locomotion_Swimming_TurnLeft
2E6DE28,Attack_Bolgan_ThreeHitCombo
2E7B515,Attack_FaeBlades_Charge_Hit
2E93959,Activity_Fateweaving_Shuffle
2E95301,Locomotion_Strafe_Idle_Enter
2E98502,Attack_FaerGorta_DoubleChop
2EE0894,Activity_BanditPlanning_Idle
2EE2D6D,Activity_InJail_AgainstWall
2EE875A,Quest_KV03_OstDeath_Ost_Idle
2F02BD5,Locomotion_StrafeCast_Back
2F2398E,React_Block_Shield_Hit_Light
2F3BD81,Locomotion_Stealth_Idle_Exit
2F5A0A3,Attack_FaerGorta_ChainHit_1
2F660F3,Attack_Summoner_CircleOfFire
2F8EE91,Attack_Swordwielder_Dash_Hit
2FB09FC,Atk_Stf_Charge_ReleaseStrong
2FB6068,Locomotion_Run_Turn_180_Long
2FCBC09,Activity_Blacksmithing_Enter
2FD2E2B,Primos_LeapFromPlatform_Exit
2FDD35D,Attack_Banshaen_EggSpit_Left
2FDF7F8,Idle_Banshaen_CoiledUp_Enter
2FF3CAC,Activity_MQ_Encel_Door_Enter
3008630,Staff_Default_Block_Special
30107DC,Atk_Bow_Charge_Stage1_Chain
3022846,Win_FastSheath_Right_to_Hips
3041FD2,Locomotion_Run_Start_90_Left
30477F4,Quest_KV03_OstDeath_Sorcerer
3050509,Locomotion_Sprint_Slope_Lean
305EE81,Quest_HoV_Arena_Defeat_Enter
307348E,Daggerwielder_DodgeProjectile
30ACD2C,Fate_Gauntlet_Niskaru_Hunter
30B0D9D,Atk_Hmr_Charge_Release_Large
30B4049,Attack_Boggart_Suicide_Enter
30B46AE,Attack_Bogeyman_GiantLeap_5m
30B668A,React_Bulwark_Stunned_Effect
30B6748,Atk_Swd_Charge_Release_Large
30CA91C,Attack_Murghan_ThreeHitChain
30E24DC,Win_FastSheath_Left_to_Back
30EB032,Attack_RootGolem_BoggartShot
30ED1C9,Attack_RootGolem_Charge_Loop
30F12D8,Atk_Chk_Charge_Release_Large
310B446,Attack_Sorcerer_BubbleShield
3110CB5,Atk_Dgr_Sync_Backstab_Gnome
3111591,Locomotion_StrafeBlock_Right
312D8BB,Atk_Sceptre_Sheath_LowerBody
313D61E,Atk_Sceptre_Sheath_UpperBody
313D850,Attack_Leanashe_Charge_Enter
3144C07,Activity_Prayer_Kneeling_Idle
3170683,Atk_Dgr_Charge_Release_Small
31831E2,Locomotion_Stealth_Walk_Exit
31881D7,Atk_Hmr_Charge_Release_Small
318DB82,Atk_Swd_Charge_Release_Small
31C39F3,Activity_TargetPractice_Fire
31C8712,Atk_Chk_Charge_Release_Small
31D19AE,Activity_Wounded_AgainstWall
31F29EB,Activity_PlayGuitar_AytenInn
31F4E10,Attack_Murghan_AOE_Discharge
320280E,Attack_Thresh_ConsumeBoggart
320AF98,Locomotion_Stealth_Walk_Stop
323A116,Locomotion_StrafeBlock_Back
323EE70,Locomotion_Idle_Turn_90_Right
323F888,Win_FastSheath_Both_to_Back
324053E,Locomotion_Swimming_TurnRight
324A2CF,Locomotion_Idle_Turn_180_Left
3252997,Quest_KV03_OstDeath_Niskaru02
3257582,Attack_Banshaen_CallTheStorm
3259EE2,Attack_FaeBlades_Charge_Loop
325CEC4,Locomotion_Stealth_Idle_Enter
326136B,Vignette_Balor_Combat_Start
3289BFB,Atk_Dgr_Sync_Backstab_Gnome2
329CB37,Attack_NiskaruTyrant_Chain_2
32AF935,Boggart_Plaguebearer_Ambient
32B0E76,React_Block_Shield_Hit_Medium
32BB69B,Attack_Sorcerer_TwinCyclones
32D5D48,DestinyBuff_Merciless_Impact
32DC321,Activity_Prayer_Kneeling_Exit
32E8039,Atk_Swd_Charge_Release_Finish
32EEC69,Activity_Tavern_Standing_Idle
32F3F6E,Primos_LeapFromPlatform_Enter
32FA29E,Attack_Kollossae_TwoHitCombo
3309811,Atk_Swd_Charge_Release_Medium
330E8E0,Activity_Prayer_Standing_Idle
330EF9A,Fear_Gorta_Summoned_BuffAura
3312F25,Attack_RootGolem_Overhead_Hit
33164F5,DodgeTeleportPoison_Frt_Short
333BDB8,Atk_Dgr_Sync_Backstab_Human
33443A1,Atk_Chk_Charge_Release_Medium
335FCD7,DLC1_Activity_PlaceBomb_Idle
337E7BC,Activity_SleepOnGround_Idle_02
337EC7C,DLC2_Fate_Shift_Primos_Primos
337F6D4,Win_Examine_Torso_WeaponOnHip
338669F,React_Sync_Daggers_Backstab
3399478,Atk_Bow_Charge_Stage2_Release
33ABEF2,React_Sync_Fate_Shift_02_dead
33B30FF,Activity_Tavern_Sitting_Drunk
33B63DB,React_Sync_Fate_Shift_03_dead
33BB9BB,Attack_Banshaen_EggSpit_Right
33BCFF6,Mgc_Flamethrower_EarlyRelease
33C1254,React_Sync_Fate_Shift_04_dead
33CA92D,React_Sync_Fate_Shift_05_dead
33DC1AA,Attack_Gadflow_Teleport_Begin
33F0F98,React_Sync_Hammer_Finish_dead
33FCEED,Attack_Magic_StormBolt_Quick
341A41C,Attack_RootGolem_Charge_Enter
341BF5B,Quest_HoB_MaidOfWindemere_Idle
3420630,Locomotion_Run_Start_90_Right
3430184,Attack_Bogeyman_BeamGaze_Run
3430319,Win_Examine_Pants_WeaponOnHip
343BA46,Win_Examine_Boots_WeaponOnHip
3458F37,Locomotion_Run_Turn_180_Short
3468FC0,Locomotion_Big_Armor_Additive
3477430,Activity_PlayGuitar_EmaireInn
3482C03,Locomotion_Walk_Start_90_Left
34876BC,Ambush_MelSenshir_LadderClimb
34A3579,Locomotion_Run_Turn_Lean_Left
34A4325,Locomotion_Stealth_Walk_Enter
34A5FFA,Activity_Prayer_Standing_Exit
34B36A3,Win_FastSheath_Right_to_Back
34B4CFE,Atk_Dgr_Sync_Backstab_Human2
34BFEDE,Quest_KV03_OstDeath_Niskaru01
34C1027,Atk_Dgr_Sync_Backstab_Human3
34C206A,Attack_Boggart_TaintExplosion
34DB927,DLC2_Fate_Shift_Primos_Player
34E3CAD,DLC1_Activity_PlaceBomb_Exit
34F4C56,Attack_NiskaruTyrant_Chain_1
35236CB,Attack_Leanashe_Scream_Finish
352D90F,DoubleSmash_Additive_Tracking
3549857,DLC1_Player_Magic_Infuse_Loop
35528E3,Attack_Magic_SmokeBomb_Finish
3557236,Attack_Barghest_Bite_FollowUp
35582FD,DLC1_Player_Magic_Infuse_Exit
355BD31,Atk_Bow_Charge_Stage1_Release
3587135,Attack_FaeBlades_Charge_Enter
358F642,Attack_Sorcerer_RuneChant_End
35AE6D9,React_Sync_Fate_Shift_01_dead
36010F3,Activity_SleepOnGround_Idle_01
3604AFC,Mgc_FlashingBlades_RespawnAll
3610473,Atk_Sceptre_Charge_Stage2_Idle
3611079,Tilera_EquipBlindingLightSpear
3629963,Activity_Prayer_Kneeling_Enter
3632012,Win_Examine_Shield_WeaponOnHip
3636EE7,Atk_Dgr_Sync_Backstab_Jottun
3639D70,Attack_NiskaruTyrant_TailWhip
3656351,Quest_HoB_MaidOfWindemere_Stop
365D974,Locomotion_Idle_Turn_180_Right
366BDA7,Attack_Sorcerer_ManaDrain_Hit
366EBA7,DLC2_Idle_ChainedPrisoner_Dead
3670049,Primos_Platform_CreateStatues
36836F4,Win_Examine_Helmet_WeaponOnHip
368A4D8,Attack_NiskaruTyrant_Dash_Hit
369B41E,Win_Inventory_Idle_WeaponOnHip
36A721C,Activity_Tavern_Sitting_Cards
36AF47D,Attack_Bogeyman_GiantLeap_10m
36B0330,Crime_Trespass_Announce_Crime
36B8BAB,Attack_Warrior_Chain_02_Early
36BA017,Activity_Wounded_OnGround_Exit
36BA0C2,Attack_Sorcerer_FrostBlizzard
36C2B36,Attack_Warrior_Chain_03_Early
36DDE00,Staff_Lightning_Block_Special
36E3FB1,Locomotion_StrafeCast_Forward
371AE36,Activity_Training_SpellDrawing
3729246,Activity_Training_MartialArts
372F74D,Atk_Dgr_Charge_Finish_BigEnemy
37940F5,React_Sync_Daggers_Finish_dead
379D1B2,Mgc_IceBarrage_WintersEmbrace
37F363C,Activity_Prayer_Standing_Enter
380160A,Activity_TrainingDummy_Attack
3804DF0,DLC1_Activity_PlaceBomb_Enter
38183E2,Daggerwielder_PostAttack_Dodge
3828114,Atk_Sceptre_Charge_Stage1_Idle
383F134,Locomotion_Run_Start_180_Right
386363A,X_Locomotion_Run_Start_90_Left
38962A8,Locomotion_Walk_Start_90_Right
389DF55,Attack_NiskaruTyrant_AOEBurst
38A593F,DLC1_Player_Magic_Infuse_Enter
38A7EEC,Attack_Bogeyman_TailStab_Miss
38AFBCF,Locomotion_Jump_Land_ShortFall
38B6C1E,Locomotion_Run_Turn_Lean_Right
3914CC8,DLC1_RockMonster_AnimationTest
3923A28,DLC1_MQ05_BaronettCapture_Idle
3934158,Ambient_NPC_FX_Remove_On_Death
3945EA4,Activity_Tavern_Sitting_Normal
394B96A,Attack_Banshaen_EggSpit_Center
397872A,Activity_PlayGuitar_GorhartInn
39913C5,Attack_Kollossae_ThreeHitCombo
39A0AC6,React_KnockForward_Back_Spear
39AE2F4,Attack_Murghan_AOE_NoDischarge
39B0116,React_Death_Swimming_LastStand
39FAECB,Atk_Dgr_Sync_Backstab_Attack
3A27520,Activity_Blessing_Kneeling_Exit
3A2E882,Activity_Wounded_OnGround_Enter
3A31FE4,React_KnockForward_Front_Spear
3A5A983,DLC1_Human_NPC_MQ_PlaceBomb_F
3A874BD,Locomotion_StrafeBlock_Forward
3AD80C5,Locomotion_Strafe_IdleTurn_Left
3AF3C4C,Attack_Bogeyman_BeamGaze_Stab
3B0DE66,DLC2_Idle_ChainedPrisoner_Death
3B11443,DLC1_Activity_PlaceBomb_Place
3B1936D,React_Tirnoch_Summon_Secondary
3B1D0DD,Vignette_AlynShirIntro_Captain
3B6FC34,Attack_RootGolem_RightHand_Exit
3B88A39,Locomotion_Jump_Land_MediumFall
3B99F5B,Fateshift_Balor_Spike_01_stage2
3BB48B8,_Locomotion_Strafe_ForwardRight
3BE0F63,Attack_NiskaruHunter_Peripheral
3BF67E5,Vignette_AlynShirIntro_Tuatha02
3C0479C,Vignette_AlynShirIntro_Tuatha03
3C0726A,Locomotion_Weapon_Push_Additive
3C133AD,Vignette_AlynShirIntro_Tuatha04
3C2013A,Vignette_AlynShirIntro_Tuatha05
3C4D78F,Activity_MelSenshir_ArrowVolley
3C53C5C,Quest_HoB_MaidOfWindemere_Start
3C5C8DB,Activity_PlayGuitar_MelAglirInn
3C64290,Activity_Fomorous_Cauldron_Idle
3C9456C,Win_Examine_Torso_WeaponOnBack
3C94A52,Attack_Scarab_SporeLaunch_Loop
3C95ABE,Attack_Jottun_OverheadSmash_OLD
3CA2E4E,Attack_Scarab_SporeLaunch_Exit
3CA57FC,X_Locomotion_Run_Start_90_Right
3CC137E,Attack_Sorcerer_ReignOfFire_Idle
3CDB635,Locomotion_Walk_Start_180_Right
3D2C4DF,Locomotion_Swimming_Sprint_Fast
3D451B1,Win_Examine_Pants_WeaponOnBack
3D508DE,Win_Examine_Boots_WeaponOnBack
3D772D7,Attack_Boggart_Suicide_Detonate
3D85F59,React_Sync_Daggers_Backstab_02
3D93626,React_Sync_Daggers_Backstab_03
3DBD7D0,Attack_Bogeyman_BeamGaze_Start
3DBE658,Activity_Blessing_Kneeling_Enter
3DD3CE9,DLC1_Player_Magic_Infuse_Loop_F
3DE278F,DLC1_Player_Magic_Infuse_Exit_F
3E1F7C2,Activity_Fomorous_Cauldron_Exit
3E594A4,Attack_Spearwielder_TwoHitCombo
3E8E610,Vignette_AlynShirIntro_Tuatha01
3E8EDF4,Attack_Sorcerer_ReignOfFire_Exit
3EE2506,Attack_FaerGorta_ChainHit_Final
3EE89BF,Idle_Barghest_Resting_Exit_Calm
3EEEC01,Vignette_MQ01_Tuatha_PlaceBomb
3F4564C,Locomotion_Strafe_IdleTurn_Right
3F5C8B3,Attack_NiskaruHunter_TripleSwipe
3F63385,Attack_Sorcerer_ReignOfFire_Toss
3F80B48,Mgc_ElementalHarmony_1_Lightning
3F8C7E4,Activity_WatchEntertainment_Idle
3F9FA41,Win_Examine_Shield_WeaponOnBack
3FAE5EA,Attack_Sorcerer_TripleProjectile
3FEB507,Attack_Magic_SmokeBomb_DodgeLeft
3FF1123,Win_Examine_Helmet_WeaponOnBack
4008E4D,Win_Inventory_Idle_WeaponOnBack
40432FF,Activity_PlayGuitar_CannerocInn
40588AB,Player_Shield_Bash_Release_Light
4063A5F,Activity_Guard_Ceremonially_Idle
4075F7A,Activity_Agarth_Fateweaving_Idle
408E41B,Attack_Gadflow_Teleport_Complete
40C9B70,DLC2_Primos_Fate_Shift_Kollossae
40E92EA,Ability_FaerGorta_FireHealingOrb
4108640,Locomotion_StrafeCast_Idle_Enter
411B9E2,X_Locomotion_Run_Start_180_Right
413A35F,Locomotion_Sprint_Turn_Lean_Left
413DB02,Attack_Sorcerer_RuneChant_Start
416128F,Attack_NiskaruHunter_BloodFrenzy
4189297,DLC1_Player_Magic_Infuse_Enter_F
419AE55,Fateshift_Balor_Spike_01_branch
41B68FA,Activity_Fomorous_Cauldron_Enter
422F1C9,Activity_SitInChair_Default_Exit
42314D5,Activity_Guard_Ceremonially_Exit
4241C53,Attack_Sorcerer_ReignOfFire_Enter
42439F0,Activity_Agarth_Fateweaving_Exit
424BFFC,Attack_Gadflow_CreateProjections
426F127,Activity_SummoningRitual_Kneeling
4278C4D,DLC2_Kobold_Kahrunk_Channel_Exit
42F393A,Atk_Dgr_Sync_Backstab_Universal
42FA89F,Attack_Sorcerer_TwinCyclones_OLD
437FB6C,Activity_InJail_AgainstWall_Exit
4385DD3,Primos_Platform_PostStatueCreate
43C8083,Activity_PlayGuitar_RathirTavern
43EABB8,Attack_RootGolem_RightHand_Follow
43EE5FE,Quest_KV03_OstDeath_Sorcerer_Idle
4401B50,Atk_Sceptre_Block_Release_Strong2
442E882,Attack_Swordwielder_ThreeHitChain
444B7C9,Activity_SitInChair_LeftSide_Exit
44662A1,Human_NPC_Quest_Lightning_Suicide
446F66E,Attack_NiskaruTyrant_FlameBreath
44798C7,Activity_PlayGuitar_WhitestoneInn
447E9BB,Attack_Magic_SmokeBomb_DodgeRight
4486128,Atk_Sceptre_Charge_Stage2_Release
44DAE2A,Locomotion_Strafe_Back_to_Left_L
44E084B,Sceptre_BlockSpecial_Execute_Ice
44E86EA,Win_Examine_Gauntlets_WeaponOnHip
450D015,Locomotion_StrafeBlock_Idle_Enter
4524D26,Activity_SummoningRitual_Standing
4539AD4,Locomotion_Strafe_Back_to_Left_R
45A7EFF,Attack_Magic_SmokeBomb_DodgeBack
45CD813,Locomotion_Sprint_Turn_Lean_Right
45E2028,Activity_SitInChair_Default_Enter
45E4334,Activity_Guard_Ceremonially_Enter
45F684F,Activity_Agarth_Fateweaving_Enter
4631CDA,Ability_Bolgan_BlockingMitigation
4654572,Locomotion_Strafe_Left_to_Back_L
469DDC9,Atk_Sceptre_Charge_Stage1_Release
46B321C,Locomotion_Strafe_Left_to_Back_R
46C457F,Atk_Sceptre_Block_Release_Strong1
4700A91,Sceptre_BlockSpecial_Execute_Fire
47329CB,Activity_InJail_AgainstWall_Enter
473C485,Quest_HouseOfBallads_WindemereDoor
4756678,Activity_Wounded_AgainstWall_Exit
47A4CCF,Attack_Scarab_PoisonSac_EarlyOut
47BADA2,React_Sync_Daggers_Backstab_Dead
47CADD8,Activity_PlayGuitar_VaprendTavern
47E0431,Locomotion_Sprint_Start_To_Sprint
47FE688,Attack_Leanashe_Scream_SecondShot
481FACD,Activity_SitInChair_LeftSide_Enter
48EE482,Activity_SitInChair_RightSide_Exit
492ABA9,Activity_InvestigateCrouching_Idle
4967CBB,Activity_Shopping_Sequence_NoMoney
49704FC,Locomotion_Strafe_Back_to_Right_L
49D21FA,Locomotion_Strafe_Back_to_Right_R
4A8CA6C,EqualBlend_MoveForward_BendForward
4B17964,Locomotion_Strafe_Right_to_Back_L
4B20A03,React_Bulwark_Stunned_Effect_Large
4B2A97C,Activity_Wounded_AgainstWall_Enter
4B78FC2,Atk_Sceptre_Charge_Stage2_IdleEnter
4B79662,Locomotion_Strafe_Right_to_Back_R
4B9123E,DLC2_Kobold_Kahrunk_A_Channel_Idle
4BB6F7D,DLC2_Kobold_Kahrunk_B_Channel_Idle
4BD2E93,Atk_Dgr_Sync_Backstab_BolganEttin
4C4CB55,Activity_Training_SpellCasting_AOE
4C972A9,Attack_Troll_OverheadSlam_Recovery
4CB1849,Activity_Tavern_StandingAtBar_Idle
4CF1685,Activity_SitInChair_RightSide_Enter
4CFC9E2,DLC1_Atk_Dgr_Sync_Backstab_Sprite
4CFF1D2,Attack_NiskaruTyrant_SpitFireballs
4D1DF6F,Attack_Bogeyman_GiantLeap_ToTarget
4D6B1E1,Activity_Tavern_Standing_Drunk_Idle
4D8AC4F,Activity_Training_MartialArts_Exit
4DD1DA6,Attack_Troll_OverHeadSlam_SwipeLeft
4E56661,NoBlend_MoveForward_BendForwardPose
4E5B7EE,Activity_Training_SpellDrawing_Exit
4EB625D,Activity_Training_SpellCasting_Fire
4F4F0D2,Win_Examine_Gauntlets_WeaponOnBack
4F515EE,Locomotion_StrafeCast_IdleTurn_Left
50704E6,Locomotion_Strafe_Forward_to_Left_L
50D9624,Locomotion_Strafe_Forward_to_Left_R
50EC8C4,Locomotion_Strafe_Left_to_Forward_L
5132AFD,Giant_Spider_Sync_Attack_01_Player
5155A02,Locomotion_Strafe_Left_to_Forward_R
5174C5E,Activity_Shopping_Sequence_Purchase
5182B4D,DLC2_Kobold_Kahrunk_A_Channel_Enter
518DE52,Activity_Training_MartialArts_Enter
51A888C,DLC2_Kobold_Kahrunk_B_Channel_Enter
51B9311,Quest_MQ09_Tilera_RetrieveSpear_Idle
51BE046,Atk_Bow_Charge_Stage1_Early_Release
5249426,Atk_Bow_Charge_Stage1_Release_Early
527D482,Activity_Training_SpellDrawing_Enter
52E010E,Activity_Shopkeeper_Sequence_NoMoney
52EF9BD,Attack_Troll_OverHeadSlam_SwipeRight
52FF9A3,DLC1_Atk_Dgr_Sync_Backstab_Brownie
53C8E09,Quest_MQ09_Tilera_RetrieveSpear_Exit
53D41A9,EqualBlend_MoveForward_MoveBackward
53FD5A1,Attack_Thresh_PowerShot_Supercharged
544ADA5,React_Sync_Daggers_Backstab_02_dead
5458472,React_Sync_Daggers_Backstab_03_dead
546F205,Locomotion_StrafeCast_IdleTurn_Right
547A837,Activity_PlayGuitar_MelSenshirTavern
5513D30,Atk_Dgr_Sync_Backstab_KoboldMurghan
558F79F,Locomotion_Strafe_Forward_to_Right_L
55E5A56,Activity_PlayGuitar_TirinsrestTavern
55FBC25,Locomotion_Strafe_Forward_to_Right_R
5618139,Locomotion_Strafe_Right_to_Forward_L
5630C88,Activity_Titarion_SeatedOnThrone_Idle
56845BF,Locomotion_Strafe_Right_to_Forward_R
5818282,Quest_MQ09_Tilera_RetrieveSpear_Enter
5854BB2,Activity_Titarion_SeatedOnThrone_Exit
59EF5AC,Activity_PlayGuitar_LittleDidenHillInn
5B3B05E,Vignette_Human_MQ02_Fomorous_Cauldron
5B7AE6D,Activity_Shopkeeper_Sequence_Purchase
5BA3AFE,Activity_PlayGuitar_AdessaHospitalInn
5C2B594,DLC2_Atk_Dgr_Sync_Backstab_Kollossae
5C43053,DLC2_Kollossae_ACT_Dancing_FemaleOnly
5C6AB70,Activity_SummoningRitual_Kneeling_Exit
5CDD824,Activity_Titarion_SeatedOnThrone_Enter
5E67A5D,EqualBlend_MoveForward_BendForwardPose
5E69840,QuarterBlend_MoveForward_MoveBackward
5ED68AF,Sceptre_BlockSpecial_Execute_Lightning
612A36D,Activity_SummoningRitual_Kneeling_Enter
625471C,Activity_Training_SpellCasting_InPlace
62C7A62,OLD_PRIMOS_Attack_Kollossae_PrimalLeap
641F85C,Activity_PlayGuitar_WhitestoneShadowInn
65A166B,DLC1_Atk_Dgr_Sync_Backstab_GiantSpider
671C81E,Locomotion_Run_TrnBckRt_RFD_Ent_Run_RFD
69F0BA3,Vignette_Human_Tirnoch_Reckoning_Stage_2
6A03CD2,Vignette_Human_Tirnoch_Reckoning_Stage_3
6A2577D,DLC2_Atk_Dgr_Sync_Backstab_Kollossae_02
6AFAC3C,Locomotion_Stealth_Walk_Ent_Stealth_Idle
6B8AE00,Locomotion_Run_TrnBckLft_LFD_Ent_Run_LFD
6BA9690,Primos_LeapFromPlatform_Exit_SpearSheath
6CF93CC,Locomotion_Stealth_Idle_Ent_Stealth_Walk
6D48524,Vignette_Human_Tirnoch_Reckoning_Stage_1
7237406,Activity_PlayGuitar_ArchsageDreamWorldInn
7249919,Vignette_Human_Tirnoch_Stage_2_Transition
72ED8E0,Attack_Banshaen_CallTheStorm_FriendlyBolt
74CC250,Vignette_Human_Tirnoch_Stage_1_Transition
7A51DCF,Locomotion_StrafeBlock_Idle_Enter_Talisman
B1242BE,Vignette_Human_Tirnoch_Stage_1_Transition_Landing
