id,value
018924,Player
0201BB,Grunt
02A0C3,Follower
033021,idle_only
03B16C,Container_Std
03FA4A,Flower
055D0E,Door_Std
05730F,Trap_TimedSpike
0573E6,Smashable_Std
057ED9,Trap_Proximity
0588B5,Trap_SpinningBlades
058CB5,Trap_Swing
059614,Flower_Magical
05BDA7,Smashable_Object
05E1C3,Buffshrine
060232,Smashable_Persistent_Object
066CC5,Stages
06FEC7,One_Animation
0772C9,Waterwheel
0819F1,Weapons
084F86,idle_interaction
084FD0,Smashable_Explosion
0889D6,DayNight
08B841,ProximityChange
08BE53,Trap_Timed
08CB49,test_copy
0968D6,TargetingTurret
096DDC,Rune
099E6D,Two_Animations
09CAE0,Player_Trap_Proximity
0A17A9,Reagent_Source
0A2CD0,Face
0A7DF0,FX_FateWeapons
0B32D5,ExplodaPod
13094B,Weapon_Bow
1324C6,Boggart_Controllable
135F85,Balor
13B150,Chakram
1419DC,Spawn_Object
142187,Idle_And_Death
142F72,Fab_Multiple_Idle_Tree
144346,NPC_Sorcerer_SpellRune
149DEF,MelSenshir_Ladder
14A404,NPC_Summoner_CircleOfFire
14F545,Weapon_FlashingBlades
150E33,MelSenshir_Bridge
152885,Spawn_Idle_Death
153381,Codex_Of_Destiny_Stand
153480,ERU_Gate
165ED5,Trap_PoisonPool
16747D,Trap_PlantSnapper
16E05F,Tirnoch
1709D3,Smashable_Barrel_01
1709DE,Smashable_Barrel_02
1709EB,Smashable_Crate_01
1709F6,Smashable_Crate_02
170A01,Smashable_Crate_03
170A1E,Smashable_Crate_04
170A2B,Smashable_Crate_05
170A38,Smashable_Crate_06
170A43,Smashable_Urn_01
170A4E,Smashable_Urn_02
170A59,Smashable_Urn_03
170A64,Smashable_Urn_04
170A74,Smashable_Urn_05
170A7F,Smashable_Urn_06
170A8A,Smashable_Urn_07
170A95,Smashable_Urn_08
17C796,PressurePlate
17E5DE,Character_Window
186EE7,Smashable_Two_States
19030F,Spawn_Idle_DeleteOnDeath
191265,MysteriousToxins
193048,Splinter_Spawner
193DE1,FX_Idle_Only
197F62,DelayedAttack
19B08C,Crab
19B25D,WAR_Barrier
19BF7C,EchoesOfFate
19C034,Smashable_Fate_01
19CF6C,HarmonicOverload
1A2C31,Play_Once_Then_Destroy
1A6DAB,Banner
1AC562,MQ09_Altar_BlindingLightSpear
1AF866,Trap_SlidingBlades
1B325C,Trap_Diversion
1B627E,ExplodingPrismere
1B813B,Door_Smashable
1BD6E8,Smashable_PrismereCrystal
1BD6FA,Smashable_PrismereChantry
1C42B2,MQ09_Windstone
1CB515,WintersEmbrace
1D97C8,Cinematic_Object
1DC677,Prop_Book
1DCC2D,Arrow
1DDEA3,DLC1_Scarab_Spawner
1E9AF5,DLC1_Scarab_GroundPoison
1EA169,PickupableLoot
1EA175,ArrowStorm
1F001C,MelSenshir_CardArmy
1F0E2C,DLC1_DarkHarbor_Counterweight
1F245C,DLC2_Smashable_Egg_01
1F4872,DLC1_FallingRockRepeating
1F811A,DLC2_Primos
1FC581,DLC2_Smashable_Pot_01
200095,DLC2_Shrine_Of_Ethene
200853,DLC2_Kollossae_Statue
2031CA,DLC2_Hyperion
204017,DLC2_Smashable_Pot_02
205626,DLC3_Trap_PlantSnapper
