id,value
07B79C,PathSet_CTY_Adessa
07B7E5,PathSet_CTY_Allestar
07B7E6,PathSet_CTY_Amethyn
07B7E7,PathSet_CTY_Dannestar
07B7EC,PathSet_CTY_MelSenshir
07B7ED,PathSet_CTY_Rathir
07B7EE,PathSet_CTY_Ysa
07B7FA,PathSet_DEV_NA_Advancement
07B807,PathSet_DGN_CAV_AllNightCave
07B810,PathSet_DGN_CAV_BrigandHallCaverns
07B8D6,PathSet_DGN_CAV_ColdWaterCaverns
07B8D7,PathSet_DGN_CAV_DeafMansCave
07B8DD,PathSet_DGN_CAV_DogboyCave
07B8E1,PathSet_DGN_CAV_DolvePag
07B8E3,PathSet_DGN_CAV_FellfirePit
07B8EE,PathSet_DGN_CAV_GapingalCaverns
07B8EF,PathSet_DGN_CAV_GemtempleMine
07B8F1,PathSet_DGN_CAV_GlasspillarCaves
07B8F2,PathSet_DGN_CAV_GlowingGroveDeeps
07B8F4,PathSet_DGN_CAV_HadwynsBasement
07B8F5,PathSet_DGN_CAV_HuewensHamper
07B8FA,PathSet_DGN_CAV_JourneysendCave
07B8FB,PathSet_DGN_CAV_MecansMaw
07B900,PathSet_DGN_CAV_Pedoin
07B901,PathSet_DGN_CAV_RedCave
07B902,PathSet_DGN_CAV_SaltwaterMines
07B903,PathSet_DGN_CAV_SanctuaryGrotto
07B906,PathSet_DGN_CAV_ScriptWallCave
07B908,PathSet_DGN_CAV_SevenWidowMine
07B909,PathSet_DGN_CAV_ShadeRiverCaves
07B90A,PathSet_DGN_CAV_ShattertierMines
07B90E,PathSet_DGN_CAV_ShiningLabyrinth
07B910,PathSet_DGN_CAV_SQ03_dungeon
07B914,PathSet_DGN_CAV_StonecandleMines
07B915,PathSet_DGN_CAV_SunsetCave
07B916,PathSet_DGN_CAV_WaterhallDown
07B917,PathSet_DGN_CAV_WellofGreaterDidenhil
07B918,PathSet_DGN_CAV_WhisperingCaves
07B91A,PathSet_DGN_DVG_AgnurFarhol
07B91F,PathSet_DGN_DVG_Algar
07B925,PathSet_DGN_DVG_AlVinter
07B926,PathSet_DGN_DVG_Blackrane
07B927,PathSet_DGN_DVG_CannRane
07B928,PathSet_DGN_DVG_DeepOma
07B929,PathSet_DGN_DVG_Doodle
07B92A,PathSet_DGN_DVG_HurvarsDoorsill
07B92B,PathSet_DGN_DVG_Kenneroc
07B92D,PathSet_DGN_DVG_Solt
07B92E,PathSet_DGN_DVG_StaadOthnoss
07B92F,PathSet_DGN_DVG_TerraTempla
07B930,PathSet_DGN_DVG_Tulan
07B932,PathSet_DGN_DVG_Yumy
07B934,PathSet_DGN_FCA_CastleDusk
07B935,PathSet_DGN_FCA_CastleGore
07B937,PathSet_DGN_FCA_CastleHunger
07B938,PathSet_DGN_FCA_CastleYolvan
07B939,PathSet_DGN_FCA_Faerath
07B93A,PathSet_DGN_FCA_HouseofPride
07B93B,PathSet_DGN_FCA_LeemaRane
07B93D,PathSet_DGN_FCA_Surroc
07B93E,PathSet_DGN_FCA_Tirbolg
07B93F,PathSet_DGN_HOL_Adarus
07B940,PathSet_DGN_HOL_Arduath
07B942,PathSet_DGN_HOL_Brodmuin
07B943,PathSet_DGN_HOL_Brunuath
07B944,PathSet_DGN_HOL_Cathrus
07B945,PathSet_DGN_HOL_Coran
07B946,PathSet_DGN_HOL_Drachus
07B947,PathSet_DGN_HOL_Gorguath
07B948,PathSet_DGN_HOL_Kladmuin
07B949,PathSet_DGN_HOL_Mathprekle
07B94A,PathSet_DGN_HOL_Nechprekle
07B94B,PathSet_DGN_HOL_Trelus
07B94C,PathSet_DGN_HOL_Tumprekle
07B94E,PathSet_DGN_HOL_Uduath
07B94F,PathSet_DGN_PSM_FiddlersCrackMine
07B950,PathSet_DGN_PSM_GalettePits
07B952,PathSet_DGN_PSM_LuckyMine
07B956,PathSet_DGN_STR_Bonnlach
07B957,PathSet_DGN_STR_Brondil
07B95A,PathSet_DGN_STR_CaerAnarwyl
07B960,PathSet_DGN_STR_CaerBarren
07B962,PathSet_DGN_STR_CaerCunicht
07B964,PathSet_DGN_STR_CaerDrya
07B969,PathSet_DGN_STR_CaerSyl
07B96B,PathSet_DGN_STR_CaerUndir
07B96C,PathSet_DGN_STR_CaerWeirdun
07B96D,PathSet_DGN_STR_DolveArne
07B96E,PathSet_DGN_STR_DolveWayle
07B975,PathSet_DGN_STR_FaelaRane
07B976,PathSet_DGN_STR_Lairroc
07B977,PathSet_DGN_STR_MaddingWind
07B978,PathSet_DGN_STR_TearingTorr
07B97D,PathSet_DGN_STR_Troca
07B981,PathSet_DGN_STR_UnBrighFeila
07B983,PathSet_DGN_STR_WindemereCastle
07B984,PathSet_DGN_TMP_NCAtest
07B985,PathSet_DMO_M1_North
07B986,PathSet_DMO_NA_CombatGridTests
07B987,PathSet_DMO_NA_CombatTest
07B988,PathSet_DMO_NA_DangerRoom
07B9C6,PathSet_DMO_NA_JoshCombatTest
07B9C7,PathSet_DMO_NA_JumpTest
07B9C9,PathSet_DMO_NA_UnitSpace
07B9CA,PathSet_INT_CTY_Adessa_SAChapterGrounds
07B9CB,PathSet_INT_CTY_Adessa_SADormitory
07B9CC,PathSet_INT_CTY_Adessa_SALibrary
07B9CD,PathSet_INT_CTY_Adessa_SAMainHall
07B9CE,PathSet_INT_CTY_Adessa_TR03House
07B9CF,PathSet_INT_CTY_Adessa_TR03Lab
07B9D0,PathSet_INT_CTY_MelSenshir_Tower
07B9D1,PathSet_INT_CTY_MelSenshir_TR05Goal
07B9D2,PathSet_INT_CTY_MelSenshir_TR05House
07B9D3,PathSet_INT_CTY_MelSenshir_TR05Invis
07B9D4,PathSet_INT_CTY_MelSenshir_TR05PenaltyBox
07B9D5,PathSet_INT_CTY_Rathir_KV05Catacombs
07B9D6,PathSet_INT_CTY_Rathir_KV05Front
07B9D9,PathSet_INT_CTY_Rathir_SAAlchemyHall
07B9DA,PathSet_INT_CTY_Rathir_SAChapterGrounds
07B9DB,PathSet_INT_CTY_Rathir_SADispelling
07B9DC,PathSet_INT_CTY_Rathir_SADormitoryEast
07B9DD,PathSet_INT_CTY_Rathir_SADormitoryWest
07B9DE,PathSet_INT_CTY_Rathir_SALibrary
07B9DF,PathSet_INT_CTY_Rathir_SAMainHall
07B9E0,PathSet_INT_CTY_Rathir_SASagecrafting
07BA18,PathSet_INT_CTY_Rathir_TR04Mausoleum
07BA19,PathSet_INT_CTY_Ysa_LordAirlasHouse
07BA1B,PathSet_INT_CTY_Ysa_SAChapterGrounds
07BA1C,PathSet_INT_CTY_Ysa_SADormitory
07BA1E,PathSet_INT_CTY_Ysa_SALibrary
07BA1F,PathSet_INT_CTY_Ysa_SAMainHall
07BA20,PathSet_INT_DAL_Ballads_AleCaves
07BA21,PathSet_INT_DAL_Ballads_Barracks
07BA22,PathSet_INT_DAL_Ballads_CourtOfEnchantments
07BA23,PathSet_INT_DAL_Ballads_HOBGrounds
07BA25,PathSet_INT_DAL_Ballads_HouseOfAccolades
07BA26,PathSet_INT_DAL_Ballads_HouseOfHeraldry
07BA27,PathSet_INT_DAL_Ballads_SquiresQuarters
07BA28,PathSet_INT_DAL_Bracbek_Blacksmith
07BA29,PathSet_INT_DAL_Bracbek_House01
07BA2B,PathSet_INT_DAL_Bracbek_House02
07BA2C,PathSet_INT_DAL_Bracbek_House03
07BA2D,PathSet_INT_DAL_Bracbek_Inn
07BA35,PathSet_INT_DAL_Bracbek_Merchant
07BA37,PathSet_INT_DAL_Canneroc_House01
07BA3C,PathSet_INT_DAL_Canneroc_House02
07BA3D,PathSet_INT_DAL_Canneroc_House03
07BA3F,PathSet_INT_DAL_Canneroc_MaidsCottage
07BA43,PathSet_INT_DAL_GorhartInn
07BA47,PathSet_INT_DAL_GreaterDidenhil_Baker
07BA73,PathSet_INT_DAL_GreaterDidenhil_HouseOfTrade
07BA74,PathSet_INT_DAL_GreaterDidenhil_Keymaker
07BA7C,PathSet_INT_DAL_GreaterDidenhil_Mapmaker
07BA7E,PathSet_INT_DAL_GuelmuinLodge
07BA80,PathSet_INT_DAL_HuntersLodgeCellar
07BA82,PathSet_INT_DAL_HuntersLodgeDiningRoom
07BA83,PathSet_INT_DAL_HuntersLodgeKitchen
07BA84,PathSet_INT_DAL_HuntersLodgeMain
07BA85,PathSet_INT_DAL_HuntersLodgeMasterBedroom
07BA8B,PathSet_INT_DAL_HuntersLodgeMurderRoom
07BA8D,PathSet_INT_DAL_HuntersLodgeServantsEntrance
07BAB4,PathSet_INT_DAL_HuntersLodgeStudy
07BAB9,PathSet_INT_DAL_LittleDidenhil_Flophouse
07BABA,PathSet_INT_DAL_LittleDidenhil_HolnHouse
07BB10,PathSet_INT_DAL_LittleDidenhil_Inn
07BBCD,PathSet_INT_DAL_StHadwynsPerpetualMission
07BBCE,PathSet_INT_DAL_StOdwigsPerpetualMissionMain
07BBD0,PathSet_INT_DAL_SummersEnd_BellTower
07BBD1,PathSet_INT_DAL_SummersEnd_GalleryofSong
07BBD2,PathSet_INT_DAL_SummersEnd_TheChantry
07BBD3,PathSet_INT_DAL_WarswornChapterHouse
07BBD4,PathSet_INT_DAL_WhiteHouse
07BBD5,PathSet_INT_DET_Adessa_KV04House
07BBD7,PathSet_INT_DET_AdessaJail
07BBD9,PathSet_INT_DET_KV02_House01
07BBDD,PathSet_INT_DET_KV02_House02
07BBDF,PathSet_INT_DET_KV02_House03
07BBE8,PathSet_INT_DET_Stoine_MayorsHouse
07BBE9,PathSet_INT_DET_Thelgood_Inn
07BBEA,PathSet_INT_DET_WarswornChapterHouse
07BC17,PathSet_INT_DMOM1_SmallHouse
07BC18,PathSet_INT_KLU_Gloaming_AlchemistsShop
07BC19,PathSet_INT_KLU_Gloaming_ArtistsHouse
07BC1A,PathSet_INT_KLU_Gloaming_Blacksmith
07BC1B,PathSet_INT_KLU_Gloaming_Inn
07BC1C,PathSet_INT_KLU_Gloaming_MayorsHouse
07BC1D,PathSet_INT_KLU_Gloaming_WritersHouse
07BC1E,PathSet_INT_POE_GwastlBradsHouse
07BC20,PathSet_INT_POE_HrodingHouse
07BC21,PathSet_INT_POE_Rathir_TR04House
07BC22,PathSet_INT_POE_Rathir_TR04ServantHouse01
07BC24,PathSet_INT_POE_Rathir_TR04ServantHouse02
07BC2E,PathSet_INT_POE_Rathir_TR04Upstairs
07BC2F,PathSet_INT_POE_WarswornChapterHouse
07BC31,PathSet_INT_VIL_Large
07BC34,PathSet_INT_YSA_AmetairManor
07BC77,PathSet_DGN_PSM_EchoingLightMine
07BC7A,PathSet_INT_DMOM1_LargeHouse
07BC7B,PathSet_INT_POE_SARathirArchsageQuarters
07BCC0,PathSet_OUT_ALA_North_01
07BCC1,PathSet_OUT_DAL_DGN_SummersEnd
07BCC3,PathSet_OUT_DAL_North_02
07BCC4,PathSet_OUT_DET_North_01
07BCC5,PathSet_OUT_KLU_East_01
07BCC6,PathSet_OUT_KLU_IsleofEamonn
07BCC8,PathSet_TMP_M1_DGN_CAV_IronholdPassage
07BCC9,PathSet_TMP_M1_DGN_DAL_North03_Spiders
07BCCA,PathSet_TMP_M1_DGN_FAE_CaerDrya
07BCCB,PathSet_TMP_NA_AudioSpace
07BCCC,PathSet_TMP_NA_ClobberableTest
07BCCD,PathSet_TMP_NA_FootStep_Test
07BCCE,PathSet_TMP_NA_LeGrandQuest
07BCCF,PathSet_TMP_NA_PathingTestSmallTerrain
07BCD0,PathSet_TMP_NA_QA_DNG_Cliffs
07BCD1,PathSet_TMP_NA_QA_PathingTest1
07BCD2,PathSet_TMP_NA_QACliffsArea
07BCD3,PathSet_TMP_NA_QAMultiUserTest
07BCD4,PathSet_TMP_NA_ShaderTest
07BCD5,PathSet_TMP_NA_TestRMQADungeonSpace
07BCD6,PathSet_TMP_QA_Raysspace0
07BCD7,PathSet_TMP_QA_Reg2Space1
07BCD9,PathSet_WAR_FOR_Marks_Forest_Warehouse
07BCF4,PathSet_INT_POE_ArchsageDreamworld
07BD9A,PathSet_DMO_M1_North_South
07BD9B,PathSet_DMO_M1_South
07BD9C,PathSet_DMO_M1_TRAN_North_West
07BD9D,PathSet_DMO_M1_TRAN_South_West
07BD9E,PathSet_DMO_M1_West
07BDA0,PathSet_DMO_NA_Unibox
07BDA1,PathSet_INT_VIL_Small
07BDA2,PathSet_INT_VIL_Warehouse
07BE5C,PathSet_OUT_DAL_North_03
07BE5D,PathSet_OUT_DAL_North_04
07BE66,PathSet_OUT_DAL_South_03
07BE67,PathSet_OUT_DAL_South_04
07BE68,PathSet_OUT_DAL_TRAN_North_01_to_North_02
07BE69,PathSet_OUT_DAL_TRAN_North_01_to_South_01
07BE6A,PathSet_OUT_DAL_TRAN_North_01_to_West_01
07BE6B,PathSet_OUT_DAL_TRAN_North_02_to_North_03
07BE88,PathSet_OUT_DAL_TRAN_North_03_to_South_03_B
07BE8B,PathSet_OUT_DAL_TRAN_North_04_to_South_04
07BE8D,PathSet_OUT_DAL_TRAN_South_01_to_South_02
07BE91,PathSet_OUT_DAL_TRAN_South_01_to_West_01
07BE92,PathSet_OUT_DAL_TRAN_South_02_to_South_03_A
07BE93,PathSet_OUT_DAL_TRAN_South_02_to_South_03_B
07BE94,PathSet_OUT_DAL_TRAN_South_03_to_South_04
07BE95,PathSet_OUT_DAL_West_01
07BE96,PathSet_OUT_DET_North_02
07BE97,PathSet_OUT_DET_North_03
07BEB3,PathSet_OUT_DET_South_02
07BEB4,PathSet_OUT_DET_South_03
07BEB7,PathSet_OUT_DET_TRAN_North_01_to_North_02
07BEB9,PathSet_OUT_DET_TRAN_North_01_to_South_00
07BEBB,PathSet_OUT_DET_TRAN_North_01_to_South_01
07BEBC,PathSet_OUT_DET_TRAN_North_02_to_North_03
07BEBD,PathSet_OUT_DET_TRAN_North_02_to_South_02
07BEBF,PathSet_OUT_DET_TRAN_North_03_to_South_03
07BEC1,PathSet_OUT_DET_TRAN_South_00_to_South_01
07BEC2,PathSet_OUT_DET_TRAN_South_01_to_South_02
07BEC4,PathSet_OUT_DET_TRAN_South_02_to_South_03
07BEC6,PathSet_OUT_KLU_East_02
07BECB,PathSet_OUT_KLU_TRAN_East_01_to_East_02
07BED0,PathSet_OUT_KLU_TRAN_West_01_to_East_01
07BED1,PathSet_OUT_KLU_TRAN_West_01_to_West_02
07BED2,PathSet_OUT_KLU_TRAN_West_02_to_East_02
07BED3,PathSet_OUT_KLU_TRAN_West_02_to_West_03
07BED5,PathSet_OUT_KLU_TRAN_West_03_to_West_04
07BED7,PathSet_OUT_KLU_West_01
07BED8,PathSet_OUT_KLU_West_02
07BEDA,PathSet_OUT_KLU_West_04
07BEF1,PathSet_OUT_POE_North_03
07BF03,PathSet_OUT_POE_North_04
07BF1A,PathSet_OUT_POE_South_01
07BF34,PathSet_OUT_POE_South_02
07BF3E,PathSet_OUT_POE_South_03
07BF4B,PathSet_OUT_POE_South_04
07BF74,PathSet_OUT_POE_TRAN_North_03_to_North_04
07BF7B,PathSet_OUT_POE_TRAN_North_03_to_South_03
07BF80,PathSet_OUT_POE_TRAN_North_04_to_South_04
07BF87,PathSet_OUT_POE_TRAN_South_01_to_South_02
07BF8F,PathSet_OUT_POE_TRAN_South_02_to_South_03
07BF93,PathSet_OUT_POE_TRAN_South_03_to_South_04
07BF94,PathSet_TMP_NA_AudioSpace2
07BF96,PathSet_TMP_NA_QA_DNG_Well
07BF98,PathSet_TMP_NA_QA_PathingTest2
07BFA5,PathSet_TMP_NA_QACombatAutomation
07BFA6,PathSet_TMP_NA_QATravelAutomation
07BFA7,PathSet_TMP_NA_TestRMQASpace
07BFA8,PathSet_TMP_QA_Raysspace1
07C440,PathSet_TMP_NA_PathingTestAReg1
07C7C3,PathSet_TMP_Eriktopia
07C806,PathSet_OUT_DAL_North_01
07D3FD,PathSet_DGN_STR_ForbiddenHall
07D658,PathSet_OUT_DET_South_01
07F218,PathSet_OUT_DAL_TRAN_North_02_to_North_03_A
07F4DF,PathSet_OUT_DAL_TRAN_North_03_to_North_04
07F807,PathSet_OUT_DAL_South_01
0801E8,PathSet_OUT_DAL_South_02
080A06,PathSet_DGN_STR_ThroneofSorrows
080A1E,PathSet_DGN_CAV_CrownofClouds
080B35,PathSet_OUT_POE_DGN_CrownofClouds
080D42,PathSet_TMP_NA_MartyTestSpace
080DAB,PathSet_INT_DAL_Gorhart_AlchemistShop
0810AB,PathSet_DGN_TMP_FHO_Test
08169A,PathSet_OUT_DET_Prototype
082178,PathSet_TMP_NA_JoeSTestSpace
0821F2,PathSet_TMP_NA_NCABorks
0827BC,PathSet_TMP_NA_Brandoland
082F4A,PathSet_OUT_PLN_Prototype
0834FD,PathSet_TMP_NA_QAUnloadTestSpace_01
0834FE,PathSet_TMP_NA_QAUnloadTestSpace_02
0834FF,PathSet_TMP_NA_QAUnloadTestSpace_03
083500,PathSet_TMP_NA_QAUnloadTestSpace_04
0838B7,PathSet_OUT_DAL_TRAN_North_04_to_South_04_B
083BD6,PathSet_OUT_DAL_TRAN_North_02_to_South_02
0843FE,PathSet_DGN_CAV_BurningDepths
0845FA,PathSet_DEV_Shader_Space
084890,PathSet_DGN_DVG_YumyTheatreofFate
0849A5,PathSet_DEV_Screenshots_Objects
084A28,PathSet_DGN_CAV_AdessaMine
084CAF,PathSet_INT_POE_Seasons_SeasonsLodge
084D34,PathSet_TMP_NA_QA_VolumeTest
084F7B,PathSet_DGN_HOL_Bristlethorn
084F96,PathSet_DGN_HOL_Syl
084FDD,PathSet_DGN_HOL_Pringil
0852F1,PathSet_DGN_BUR_CaerMulfanus
085376,PathSet_DGN_DVG_Damalroc
085405,PathSet_INT_POE_Seasons_Grounds
0854CC,PathSet_INT_POE_Seasons_Interiors
08565F,PathSet_DGN_DVG_MullRane
085660,PathSet_DGN_DVG_CathedralOfTheWorld
08577A,PathSet_OUT_POE_TRAN_North_03_to_North_04_A
0857A9,PathSet_DGN_HOL_CaerPurendal
0857EF,PathSet_DGN_CAV_BrandyCove
085D1B,PathSet_DGN_CAV_MushroomCaverns
085E94,PathSet_DGN_STR_DeathsTemple
0860EE,PathSet_DGN_HOL_Kongolu
08619B,PathSet_INT_GNO_Interior_Warehouse
0861AC,PathSet_DGN_DVG_ShallowOrna
0861CD,PathSet_DGN_HOL_Rundamir
0863F3,PathSet_DGN_STR_Allestar
08696B,PathSet_DGN_HOL_CaerTosai
08696F,PathSet_INT_POE_AssassinsBase
086B21,PathSet_INT_DET_ValorArena
0870B0,PathSet_DGN_STR_Kandrian
087107,PathSet_DGN_CAV_CD02
0873C9,PathSet_OUT_POE_TRAN_South_01_to_South_02_A
0879BC,PathSet_DGN_TMP_FHO_piecetest02
087A83,PathSet_DGN_CAV_HauntedMines
087DF6,PathSet_DGN_CAV_ThistleMines
0882E2,PathSet_INT_DET_Valor_Grounds
0888B1,PathSet_DGN_CAV_Seasons_Tunnel
088DE7,PathSet_INT_CTY_Rathir_CD04Estate
088FD2,PathSet_DGN_STR_CD04Underbelly
089116,PathSet_INT_CTY_Rathir_CD04Manor
08915E,PathSet_INT_CTY_Rathir_CD04Basement
0891CB,PathSet_INT_CTY_Rathir_CD04Final
08921F,PathSet_INT_CTY_Rathir_CD04Guard
08939D,PathSet_DGN_TMP_NCAtest02
08939E,PathSet_DMO_NA_FrazierTest01
08939F,PathSet_DMO_NA_FrazierTest02
0893A0,PathSet_DMO_NA_StealthTest
0893A1,PathSet_INT_CTY_Adessa_Library
0893A3,PathSet_INT_POE_ArchsageDreamworld_Grounds
0893A6,PathSet_OUT_ALA_South_01
0893A7,PathSet_OUT_DET_South_00
0893D5,PathSet_OUT_FOR_ProtoType
0893D6,PathSet_OUT_FOR_ProtoType_Small
0893D7,PathSet_OUT_FOR_PrototypeVVS2_East
0893D8,PathSet_OUT_FOR_PrototypeVVS2_North
0893D9,PathSet_OUT_FOR_PrototypeVVS2_South
0893DA,PathSet_OUT_FOR_PrototypeVVS2_TRAN_North_East
0893DB,PathSet_OUT_FOR_PrototypeVVS2_TRAN_South_East
0893DC,PathSet_OUT_FOR_PrototypeVVS2_TRAN_South_North
0893DD,PathSet_OUT_KLU_West_03
08970C,PathSet_DGN_CAV_HunterMine
089788,PathSet_DGN_CAV_OvergrownThicket
0897BB,PathSet_DGN_CAV_Coilsbain
089AD5,PathSet_INT_POE_Ayten_Inn
089D10,PathSet_INT_DET_Valor_Palace
08A5EA,PathSet_DGN_TMP_SHO_Test
08A67F,PathSet_INT_POE_Lighthouse
08A6B0,PathSet_DGN_FCA_Gastyr
08A747,PathSet_DGN_FCA_GastyrTower
08A750,PathSet_TMP_NA_SwimSpace1
08A85D,PathSet_INT_DET_Galette_House_A
08A85E,PathSet_INT_DET_Galette_House_B
08A85F,PathSet_INT_DET_Galette_House_C
08A8D7,PathSet_INT_DET_Galette_Inn
08A9D8,PathSet_INT_DET_Thelgood_House_B
08A9D9,PathSet_INT_DET_Thelgood_House_A
08A9F2,PathSet_INT_DET_Thelgood_House_C
08AAFC,PathSet_DGN_HOL_CaerAran
08AB1D,PathSet_DGN_HOL_CaerSnachta
08AB3E,PathSet_TMP_QA_DET1
08AC85,PathSet_INT_YSA_Throneroom
08ACC4,PathSet_DGN_DVG_Cruithor
08ACD8,PathSet_DGN_HOL_Shadowthorn
08ACFA,PathSet_DGN_STR_CorganHold
08AD15,PathSet_DGN_HOL_Kyalin
08AD86,PathSet_OUT_DAL_Nyralim
08AFBE,PathSet_DGN_CAV_Murghanai
08B0BF,PathSet_INT_DET_Whitestone_Inn
08B17A,PathSet_OUT_DET_TRAN_North_01_to_North_02_B
08B1B8,PathSet_INT_CTY_Rathir_SAStorage
08B1FA,PathSet_DGN_HOL_CaerOhn
08B1FB,PathSet_INT_CTY_Rathir_CouncilTowerBasement
08B3AC,PathSet_INT_DET_TerraTemplaGrounds
08B4C3,PathSet_DGN_HOL_CaerPurendalBurialChamber
08B793,PathSet_DGN_DVG_MaddingWind
08BA4A,PathSet_INT_DET_Valor_RoguesDen
08BA97,PathSet_INT_DET_Valor_MagesTower
08BACA,PathSet_INT_DET_Valor_WarriorsBarracks
08BB48,PathSet_INT_DET_Valor_Inn
08BCD9,PathSet_INT_DET_Valor_Arena_Tower
08BE8F,PathSet_DGN_FCA_CD06
08BF9D,PathSet_OUT_DET_TRAN_North_02_to_South_03
08BFA8,PathSet_OUT_DET_TRAN_North_02_to_South_01
08CB0B,PathSet_DGN_STR_HS08Lab
08CB6F,PathSet_DGN_CAV_SaltwellCaverns
08CC66,PathSet_INT_DET_Galette_Blacksmith
08CFEC,PathSet_INT_DAL_GreaterDidenhil_RisbergHouse
08CFED,PathSet_DMO_INT_Awesomebox_MayorsHouse
08D00F,PathSet_DMO_INT_Awesomebox_Inn
08D028,PathSet_INT_DAL_Canneroc_Inn
08D60D,PathSet_DGN_CAV_HaxhiDam
08DF58,PathSet_DGN_HOL_Midhil
08DF59,PathSet_DGN_HOL_Shannochil
08DF5A,PathSet_DGN_HOL_Gloamthicket
08DF5B,PathSet_DGN_HOL_Darkthorn
08DF5C,PathSet_DGN_HOL_Prinprekle
08DF5D,PathSet_DGN_HOL_Crystalyn
08EE29,PathSet_OUT_DET_Warehouse
08F1CA,PathSet_TMP_QA_ALA_Kitteh
08F3C7,PathSet_Space_NA_QA_JU
08F6A8,PathSet_DGN_HOL_Tinehil
08F74C,PathSet_DGN_HOL_ProvingHalls
08F78B,PathSet_DGN_TMP_ERU_test01
090128,PathSet_DGN_HOL_Gilledair
09037E,PathSet_DGN_CAV_RathirLowerTunnels
090435,PathSet_TMP_QA_ALA_Kitteh
090498,PathSet_TMP_GarrbearTestSpace
0904FF,PathSet_INT_DET_Whitestone_MayorsHouse
090519,PathSet_INT_CTY_Adessa_LongroadInn
090972,PathSet_TMP_QA_ALA_JP
090973,PathSet_TMP_QA_ALA_JU
090974,PathSet_TMP_QA_ALA_Kitteh
090975,PathSet_TMP_QA_ALA_TRAN_ALA1_JP
0909A3,PathSet_TMP_QA_ALA1
090A75,PathSet_INT_CTY_Adessa_WyleHome
090A76,PathSet_INT_CTY_Adessa_TeinirHome
090A77,PathSet_INT_CTY_Adessa_KettleHome
090A79,PathSet_INT_CTY_Adessa_QuestHouse1
090A7A,PathSet_INT_CTY_Adessa_QuestHouse2
090A86,PathSet_INT_CTY_Adessa_ReddlesStore
090A88,PathSet_INT_CTY_Adessa_FerriaInn
090A8A,PathSet_INT_CTY_Adessa_LollyrsHome
090A8B,PathSet_INT_CTY_Adessa_PapyrusHouse
090A96,PathSet_INT_CTY_Adessa_NesparreStore
090A97,PathSet_INT_CTY_Adessa_JienneHome
090AD5,PathSet_INT_CTY_Adessa_OuetLab
090AD7,PathSet_INT_CTY_Adessa_CrietLab
090ADC,PathSet_INT_CTY_Adessa_DomusPolitica
090AEA,PathSet_INT_CTY_Adessa_DartansStore
090AEB,PathSet_INT_CTY_Adessa_PraetorianGarrison
090AEE,PathSet_INT_CTY_Adessa_PassantLab
090AEF,PathSet_INT_CTY_Adessa_GentLab
090AF0,PathSet_INT_CTY_Adessa_AirancourtLab
090AF8,PathSet_INT_CTY_Adessa_Armory
090B15,PathSet_INT_CTY_Adessa_BasilicaNoscere
090B16,PathSet_INT_CTY_Adessa_Forum
090B17,PathSet_INT_CTY_Adessa_Consistorium
090D4A,PathSet_CTY_Adessa_The_Isles
09147C,PathSet_DGN_CAV_TheTendersPath
09194C,PathSet_INT_DET_PerresFarm
0919F3,PathSet_INT_CTY_Rathir_Tavern
091F77,PathSet_INT_CTY_Rathir_WarMinistry
0920E0,PathSet_CTY_Adessa_TRAN_Bridge
0920E1,PathSet_CTY_Adessa_Walls_A
0920E2,PathSet_CTY_Adessa_Walls_B
0921EC,PathSet_INT_CTY_Adessa_OuetBasement
092440,PathSet_INT_CTY_Adessa_LoutreBasement_Entrance
092737,PathSet_DGN_DVG_UrulTusk
09288F,PathSet_INT_CTY_Rathir_RichHouse_01
092D62,PathSet_DGN_CAV_FP02Cache_1
092D73,PathSet_DGN_CAV_FP02Cache_2
092D8B,PathSet_DGN_CAV_FP02Cache_3
0936AC,PathSet_DGN_HOL_CaerElatha
09387F,PathSet_DGN_STR_Virki
093D9B,PathSet_DGN_STR_VirkiBasement
094A28,PathSet_TMP_NA_CharacterLand
0954E2,PathSet_CC_DAL_Forest
0955EA,PathSet_OUT_POE_North_00
0955EB,PathSet_OUT_POE_North_01
0955EE,PathSet_OUT_POE_North_02
0955EF,PathSet_OUT_POE_TRAN_North_00_to_North_01
0955F1,PathSet_OUT_POE_TRAN_North_01_to_North_02
0955FF,PathSet_DGN_STR_CastleAnsilla
095863,PathSet_OUT_KLU_Prototype
095896,PathSet_OUT_DET_West_01
0958A0,PathSet_OUT_DET_TRAN_North_01_to_West_01
0958BD,PathSet_DGN_STR_OhnsStand
095B11,PathSet_OUT_POE_TRAN_North_01_to_South_01
095B12,PathSet_OUT_POE_TRAN_North_02_to_South_02
095B18,PathSet_OUT_POE_TRAN_North_01_to_South_01
095B24,PathSet_OUT_POE_TRAN_North_02_to_South_02
095B43,PathSet_OUT_POE_TRAN_North_02_to_North_03
095B8C,PathSet_DGN_STR_Fantastar
0960E0,PathSet_OUT_DAL_Dreamend
09659F,PathSet_DMO_NA_DefaultBox
096685,PathSet_DGN_DVG_TheNexus
097B8A,PathSet_INT_DAL_StEadricsPerpetualMission
0980F7,PathSet_DGN_HOL_TitarionsDreamworld
0981AA,PathSet_DGN_STR_FallenHall
09871F,PathSet_DGN_STR_Ghennig
098CDC,PathSet_INT_POE_AnchraneTavern
099528,PathSet_DGN_STR_BasillicaVault
09952D,PathSet_DGN_DVG_Weconai
09AADD,PathSet_INT_KLU_FiretrenchInn
09AFCF,PathSet_DGN_STR_Dannestar
09B07E,PathSet_DGN_STR_Dannestar_end
09B07F,PathSet_DGN_STR_Dannestar_mid
09BA30,PathSet_INT_POE_MelAglir_Inn
09BAD6,PathSet_INT_POE_MelAglir_House_A
09BAD7,PathSet_INT_POE_MelAglir_House_B
09BAD8,PathSet_INT_POE_MelAglir_House_C
09BF68,PathSet_INT_POE_Emaire_Inn
09BF88,PathSet_INT_POE_Emaire_House_A
09BF89,PathSet_INT_POE_Emaire_House_B
09C381,PathSet_TMP_NA_ActivityTest
09C798,PathSet_DGN_STR_MelMuir_Level2
09C828,PathSet_INT_DAL_StOdwigs_Chapel
09C85D,PathSet_INT_DAL_Gorhart_Merchant
09C870,PathSet_DGN_STR_EamonnsFortress
09CA49,PathSet_INT_DAL_Gorhart_Spellbinder
09CADE,PathSet_INT_DAL_StOdwigs_Bunks
09CB23,PathSet_INT_DOK_Interior_Warehouse
09CCED,PathSet_INT_DAL_LelandPost_Inn
09D590,PathSet_INT_DAL_LelandPost_StellaCollinsHouse
09D591,PathSet_INT_DAL_LelandPost_RumscorHouse
09D5A4,PathSet_DGN_STR_TR05Monestary
09D804,PathSet_TMP_NA_NCA_TestSpace
09D980,PathSet_INT_POE_ForsakenRanch
09DA07,PathSet_WAR_Production_Warehouse_Space_1
09DEDE,PathSet_DGN_DVG_EamonnsPath
09E1F4,PathSet_OUT_DET_Saturnalia
09E54F,PathSet_DGN_STR_HouseOfVengeance
09E858,PathSet_DGN_STR_Solstice
09EACB,PathSet_DGN_STR_Solstice_Level2
09EACC,PathSet_DGN_STR_Solstice_Level3
09EBB9,PathSet_DGN_STR_Allestar_Lower
09EC55,PathSet_DGN_CAV_Amethyn
09ECAA,PathSet_TMP_QA_TestLand1
09F3D6,PathSet_DGN_ERU_CoilsbainRuins
09FEE2,PathSet_INT_DET_Whitestone_MorkanHouse
0A0A0D,PathSet_TMP_QA_ALA_TRAN_JU_to_JP
0A0A42,PathSet_TMP_QA_ALA_TRAN_Kitteh_to_JU
0A0F10,PathSet_DEV_TCMTestSpace
0A0F2A,PathSet_INT_POE_TirinsRest_Church
0A1028,PathSet_INT_POE_TirinsRest_Inn
0A104D,PathSet_TMP_QA_Junglesbee
0A106B,PathSet_INT_POE_TirinsRest_Merchant
0A28E3,PathSet_INT_CTY_MelSenshir_BrokenLance
0A38D0,PathSet_TMP_Robtest_Region_01
0A44D3,PathSet_INT_DAL_LittleDidenhil_Healer
0A5281,PathSet_INT_CTY_Adessa_Prison
0A69C8,PathSet_DMO_Production_Dungeon
0A6C76,PathSet_TMP_QA_ALA_GC
0A6DAD,PathSet_CTY_Rathir_ScoliaArcana
0A6DAE,PathSet_CTY_Rathir_UpperCity
0A708C,PathSet_TMP_NA_QAAutomation_TRANS
0A72F1,PathSet_TMP_NA_QAForestArea
0A7679,PathSet_DMO_Nemcoriksen_Space
0A79C0,PathSet_DMO_ViewerScene
0A8DC9,PathSet_DGN_CAV_BloodstoneDeep
0AA549,PathSet_NA_CinematicsEmptySpace
0AAC14,PathSet_OUT_POE_Skycrown_Cave
0AAE2B,PathSet_OUT_POE_Skycrown_Top
0AB02B,PathSet_OUT_POE_Travelers_Gronds
0ABB55,PathSet_DGN_STR_WarswornVault
0ABBF9,PathSet_INT_DAL_Canneroc_PlayerHouse
0ABBFB,PathSet_INT_DAL_Canneroc_PlayerHouse_L2
0ABC01,PathSet_INT_DAL_Canneroc_PlayerHouse_L3
0ABC06,PathSet_INT_DAL_Canneroc_PlayerHouse_L4
0ABF2C,PathSet_INT_DAL_Canneroc_PlayerHouse_L5
0ABFD9,PathSet_TMP_ NA_CharacterLand_02
0ACB28,PathSet_INT_DAL_Canneroc_PlayerHouse_L5
0ACCB8,PathSet_INT_DAL_Canneroc_PlayerHouse_L6
0ACCB9,PathSet_INT_DAL_Canneroc_PlayerHouse_L7
0AD274,PathSet_DGN_CAV_CharamsMine
0AD5A6,PathSet_OUT_DET_Travelers_Grounds
0AE375,PathSet_OUT_ALA_East_01
0AE376,PathSet_OUT_ALA_West_01
0AE377,PathSet_OUT_ALA_TRAN_East_01_to_North_01
0AE37C,PathSet_OUT_ALA_TRAN_Central_01_to_South_01
0AE405,PathSet_OUT_ALA_West_02
0AE40B,PathSet_OUT_ALA_TRAN_West_01_to_West_02
0AE40D,PathSet_OUT_ALA_TRAN_South_01_to_West_02
0B0442,PathSet_DMO_KLU_CollisionTest
0B06B0,PathSet_INT_POE_Ayten_Smithy
0B06B1,PathSet_INT_POE_Ayten_IverHouse
0B06B2,PathSet_INT_POE_Ayten_AlchemistShop
0B0B99,PathSet_TMP_QA_Bweber
0B1C4D,PathSet_INT_CTY_Rathir_MerchantCircle
0B3F3A,PathSet_CTY_Adessa_ScaffoldRun
0B57BF,PathSet_OUT_DET_HouseOfValor_Grounds_Arena
0B57DB,PathSet_OUT_DET_HouseOfValor_Grounds
0B5E97,PathSet_INT_DET_ValjeanMiningCompany
0B6BD5,PathSet_TMP_QA_DBatson
0B6F53,PathSet_INT_DET_ValjeanMiningCompany_L4
0B6F5C,PathSet_INT_DET_ValjeanMiningCompany_L3
0B7269,PathSet_SpaceLink_PathingRegionS1toS2
0B72E5,PathSet_TMP_NA_PathingTestBReg1
0B7308,PathSet_ALA_LandscapeWarehouse
0B743F,PathSet_CTY_YSA_Prototype
0B78D4,PathSet_TMP_QA_BATREG_01
0B7902,PathSet_SpaceLink_Link_Walls_to_LongRoad
0B7903,PathSet_SpaceLink_Link_LongRoad_to_Walls
0B792C,PathSet_TMP_QA_BATREG_02
0B7BEE,PathSet_CTY_Adessa_Walls_C
0B7F72,PathSet_DGN_CAV_ZungarShaft
0B7FE5,PathSet_DGN_CAV_CynricPit
0B807A,PathSet_DGN_CAV_DarkvariColliery
0B8091,PathSet_DGN_TMP_FHO_Test
0B8092,PathSet_SpaceLink_SpaceLink_West_To_North
0B8093,PathSet_SpaceLink_SpaceLink_North_To_West
0B8094,PathSet_SpaceLink_SpaceLink_South_To_NorthA
0B8095,PathSet_SpaceLink_SpaceLink_North_To_SouthA
0B8096,PathSet_SpaceLink_SpaceLink_South_To_NorthB
0B8097,PathSet_SpaceLink_SpaceLink_North_To_SouthB
0B8098,PathSet_SpaceLink_SpaceLink_South_To_West
0B8099,PathSet_SpaceLink_SpaceLink_West_To_South
0B809E,PathSet_INT_DET_Apotyre_MotusMiningHQ
0B8B04,PathSet_DGN_CAV_ValjeanMine_L2
0B8B50,PathSet_DGN_CAV_ValjeanMine
0B9264,PathSet_DGN_CAV_ValjeanMine_L4
0B960B,PathSet_SpaceLink_Link_North_04_to_South_04_B
0B960C,PathSet_SpaceLink_Link_North_02_to_North_03
0B960D,PathSet_SpaceLink_Link_North_04_to_South_04_B
0B960E,PathSet_SpaceLink_Link_North_03_to_North_02
0B960F,PathSet_SpaceLink_Link_South_03_to_South_02
0B9610,PathSet_SpaceLink_Link_North_04_to_South_04
0B9611,PathSet_SpaceLink_Link_South_02_to_South_03
0B9612,PathSet_SpaceLink_Link_South_03_to_South_02
0B9613,PathSet_SpaceLink_Link_South_03_to_South_04
0B9614,PathSet_SpaceLink_Link_South_04_to_North_04
0B9615,PathSet_SpaceLink_Link_South_04_to_South_03
0B9616,PathSet_SpaceLink_Link_South_01_to_South_02
0B9617,PathSet_SpaceLink_Link_South_03_to_South_02
0B9618,PathSet_SpaceLink_Link_North_04_to_North_03
0B9619,PathSet_SpaceLink_Link_North_03_to_North_04
0B961A,PathSet_SpaceLink_Link_North_03_to_South_03
0B961B,PathSet_SpaceLink_Link_South_03_to_North_03
0B961C,PathSet_SpaceLink_Link_North_01_to_North_02
0B961D,PathSet_SpaceLink_Link_North_02_to_North_01
0B961E,PathSet_SpaceLink_Link_North_02_to_North_03
0B961F,PathSet_SpaceLink_Link_North_02_to_South_02
0B9620,PathSet_SpaceLink_Link_South_02_to_North_02
0B9621,PathSet_SpaceLink_Link_North_03_to_North_02
0B9622,PathSet_SpaceLink_Link_North_01_to_West_01
0B9623,PathSet_SpaceLink_Link_West_01_to_North_01
0B9624,PathSet_SpaceLink_Link_North_01_to_West_01
0B9625,PathSet_SpaceLink_Link_to_West_01_to_North_01
0B9627,PathSet_SpaceLink_Link_North_02_to_South_03
0B9629,PathSet_SpaceLink_Link_South_03_to_North_03
0B962A,PathSet_SpaceLink_Link_North_02_to_South_01
0B962B,PathSet_SpaceLink_Link_South_01_to_North_02
0B962C,PathSet_SpaceLink_Link_South_01_to_North_01
0B962D,PathSet_SpaceLink_Link_North_01_to_North_02_B
0B962E,PathSet_SpaceLink_Link_North_01_to_South_01
0B962F,PathSet_SpaceLink_Link_North_02_to_North_01_B
0B9630,PathSet_SpaceLink_Link_North_01_to_South_00
0B9631,PathSet_SpaceLink_Link_South_00_to_North_01
0B9632,PathSet_SpaceLink_Link_South_01_to_South_00
0B9633,PathSet_SpaceLink_Link_North_02_to_North_03
0B9634,PathSet_SpaceLink_Link_North_02_to_North_01
0B9635,PathSet_SpaceLink_Link_North_03_to_North_02
0B9636,PathSet_SpaceLink_Link_North_01_to_North_02
0B9637,PathSet_SpaceLink_Link_South_02_to_South_03
0B9638,PathSet_SpaceLink_Link_South_03_to_South_02
0B9639,PathSet_SpaceLink_Link_South_00_to_South_01
0B963B,PathSet_SpaceLink_Link_South_02_to_South_01
0B963C,PathSet_SpaceLink_SpaceLink_East_to_South
0B963D,PathSet_SpaceLink_SpaceLink_South_to_East
0B963E,PathSet_SpaceLink_SpaceLink_South_to_NorthA
0B963F,PathSet_SpaceLink_SpaceLink_North_to_SouthB
0B9640,PathSet_SpaceLink_SpaceLink_North_to_East
0B9641,PathSet_SpaceLink_SpaceLink_East_to_North
0B9642,PathSet_SpaceLink_SpaceLink_North_to_SouthA
0B9643,PathSet_SpaceLink_SpaceLink_South_to_NorthB
0B9644,PathSet_SpaceLink_Link_West_01_to_West_02
0B9645,PathSet_SpaceLink_Link_to_TheKillingGround_to_East_01
0B9646,PathSet_SpaceLink_Link_to_East_01_to_TheKillingGround
0B9647,PathSet_SpaceLink_Link_West_01_to_West_02
0B9648,PathSet_SpaceLink_Link_West_01_to_West_02
0B9649,PathSet_SpaceLink_Link_West_01_to_West_02
0B964A,PathSet_SpaceLink_Link_West_01_to_West_02
0B964B,PathSet_SpaceLink_Link_West_01_to_West_02
0B964C,PathSet_SpaceLink_Link_West_01_to_West_02
0B964D,PathSet_SpaceLink_Link_West_01_to_West_02
0B964E,PathSet_SpaceLink_Link_West_01_to_West_02
0B964F,PathSet_SpaceLink_Link_West_01_to_West_02
0B9650,PathSet_SpaceLink_Link_West_01_to_West_02
0B9651,PathSet_SpaceLink_Link_West_01_to_West_02
0B9652,PathSet_SpaceLink_Link_West_01_to_West_02
0B9653,PathSet_SpaceLink_Link_West_01_to_West_02
0B9654,PathSet_SpaceLink_Link_West_01_to_West_02
0B9655,PathSet_SpaceLink_Link_West_01_to_West_02
0B9656,PathSet_SpaceLink_Link_West_01_to_West_02
0B9657,PathSet_SpaceLink_Link_West_01_to_West_02
0B9658,PathSet_SpaceLink_Link_West_01_to_West_02
0B9659,PathSet_SpaceLink_Link_West_01_to_West_02
0B965A,PathSet_SpaceLink_Link_North_03_to_North_04
0B965B,PathSet_SpaceLink_Link_North_00_to_North_01
0B965C,PathSet_SpaceLink_Link_North_01_to_South_01
0B965D,PathSet_SpaceLink_Link_South_01_to_North_01
0B965E,PathSet_SpaceLink_Link_North_01_to_North_02
0B965F,PathSet_SpaceLink_Link_North_01_to_North_00
0B9660,PathSet_SpaceLink_Link_North_03_to_North_02
0B9661,PathSet_SpaceLink_Link_North_02_to_North_01
0B9662,PathSet_SpaceLink_Link_North_02_to_North_03
0B9663,PathSet_SpaceLink_Link_North_03_to_North_02
0B9664,PathSet_SpaceLink_Link_North_04_to_South_04
0B9665,PathSet_SpaceLink_Link_North_03_to_North_02
0B9666,PathSet_SpaceLink_Link_South_02_to_South_02
0B9667,PathSet_SpaceLink_Link_South_02_to_North_02
0B9668,PathSet_SpaceLink_Link_South_04_to_South_03
0B9669,PathSet_SpaceLink_Link_South_03_to_South_04
0B966A,PathSet_SpaceLink_Link_South_02_to_South_01
0B966B,PathSet_SpaceLink_Link_North_03_to_North_02
0B966C,PathSet_SpaceLink_Link_South_01_to_South_02
0B966D,PathSet_SpaceLink_Link_South_03_to_South_02
0B966E,PathSet_SpaceLink_Link_South_02_to_South_03
0B966F,PathSet_SpaceLink_Link_South_04_to_North_04
0B9670,PathSet_SpaceLink_Link_North_03_to_South_03
0B9671,PathSet_SpaceLink_Link_North_03_to_South_03
0B9672,PathSet_TMP_NA_PathingSlopeTestReg1
0B9673,PathSet_SpaceLink_TMP_NA_QA_SpaceLink1to2
0B9674,PathSet_SpaceLink_TMP_QA_Forest_to_Cliffs
0B9675,PathSet_SpaceLink_TMP_QA_Combat_to_Cliffs
0B9676,PathSet_SpaceLink_TMP_QA_link_transtoCliffs
0B9677,PathSet_SpaceLink_TMP_QA_Combat_to_Cliff2
0B9678,PathSet_SpaceLink_TMP_QA_Combat_to_Travel
0B9679,PathSet_SpaceLink_LINK_QAUnloadTestSpace_03_to_04
0B967A,PathSet_SpaceLink_LINK_QAUnloadTestSpace_01_to_02
0B967B,PathSet_SpaceLink_LINK_QAUnloadTestSpace_03_to_04
0B967C,PathSet_SpaceLink_LINK_QAUnloadTestSpace_01_to_04
0B967D,PathSet_SpaceLink_QA_Space_to_Dungeon
0B9684,PathSet_SpaceLink_TMP_QA_ALA_JU_to_Kitteh
0B9685,PathSet_SpaceLink_Link_ALA_TRAN_ALA1_JP_to_ALA1
0B9686,PathSet_SpaceLink_Link_ALA_JP_to_ALA1
0B9687,PathSet_SpaceLink_TMP_QA_ALA_TRAN_JU_to_JP
0B9688,PathSet_SpaceLink_Link_ALA_JP_to_ALA_JU
0B9689,PathSet_SpaceLink_TMP_QA_ALA_Kitteh_to_TMP_QA_ALA_JU
0B968A,PathSet_SpaceLink_TMP_QA_BVT_SpaceLink
0B968B,PathSet_TMP_QA_BVT_Space1
0B968C,PathSet_TMP_QA_BVT_Space2
0B968D,PathSet_SpaceLink_TMP_QA_ChrisArea2To3
0B968E,PathSet_TMP_QA_Chris_Area2
0B968F,PathSet_TMP_QA_Chris_Area3
0B9690,PathSet_SpaceLink_TMP_QA_RaysSpaceLink1
0B9AE2,PathSet_INT_POE_Culn_SurvivorHideout
0B9B19,PathSet_INT_DET_ValjeanMiningCompany_L2
0BA7F4,PathSet_SpaceLink_SpaceLink_South_01_to_West_02
0BA7F5,PathSet_SpaceLink_SpaceLink_South_01_to_West_02
0BA7F6,PathSet_SpaceLink_SpaceLink_West_02_to_South_01
0BA7F7,PathSet_SpaceLink_SpaceLink_West_02_to_South_01
0BA7F8,PathSet_SpaceLink_SpaceLink_West_02_to_South_01
0BA7F9,PathSet_SpaceLink_SpaceLink_West_02_to_South_01
0BA7FA,PathSet_SpaceLink_SpaceLink_West_02_to_South_01
0BA7FB,PathSet_SpaceLink_SpaceLink_South_01_to_West_02
0BA7FC,PathSet_SpaceLink_SpaceLink_West_02_to_South_01
0BA7FD,PathSet_SpaceLink_SpaceLink_West_02_to_South_01
0BA7FE,PathSet_SpaceLink_SpaceLink_South_01_to_West_02
0BE3FD,PathSet_DGN_CAV_WhitestoneMayorsCave
0C6F3C,PathSet_INT_DET_Whitestone_MayorsVilla
0C6FEC,PathSet_INT_DET_Whitestone_MayorsCottage
0D2104,PathSet_INT_DAL_Ettinmere_Holnstead
0FC22B,PathSet_INT_DET_Whitestone_Merchant
119B22,PathSet_INT_FAE_Warehouse
11CB74,PathSet_INT_DAL_Webwood_ToghFarm
1281AE,PathSet_DGN_CAV_ValjeanMine_L3
1281C8,PathSet_TMP_NA_JhonTestSpace
12E64C,PathSet_TMP_QA_TRAN1
12E651,PathSet_TMP_QA_NScamman
130F9F,PathSet_DGN_CAV_BarrenCove
1312C8,PathSet_SpaceLink_MySpaceLink
133E94,PathSet_OUT_POE_TitarionsDreamworld
133E95,PathSet_OUT_DET_TitarionsDreamworld
133E96,PathSet_OUT_DAL_TitarionsDreamworld
134598,PathSet_DGN_TMP_SHO_Test_02
1346A5,PathSet_DGN_WellofSouls
134D9B,PathSet_TMP_NA_KittyTestSpace
135985,PathSet_TMP_NA_KittyTestSpace
135F73,PathSet_INT_CTY_Adessa_BarterRow
135F8B,PathSet_SpaceLink_QA_Junglesbee_Tran1
1361E5,PathSet_SpaceLink_TMP_QA_DBatson
136384,PathSet_SpaceLink_TMP_QA_BatsonLink_01
137342,PathSet_CTY_MelSenshir_BossBattle
13759D,PathSet_SpaceLink_TMP_QA_ALA_GC_to_QA_ALA_JP
13760A,PathSet_SpaceLink_TMP_QA_ALA_Kitteh_to_TMP_QA_ALA_JU
137615,PathSet_SpaceLink_TMP_QA_ALA_Kitteh_to_TMP_QA_ALA_JU
13761A,PathSet_SpaceLink_TMP_QA_ALA_GC_to_JP
13763A,PathSet_SpaceLink_TMP_QA_ALA_GC_to_JP
137DDC,PathSet_INT_POE_DerfelHouse
13816E,PathSet_OUT_ALA_TRAN_North_01_to_West_01
1386B5,PathSet_DGN_CAV_ScarbellyCavern
138B9D,PathSet_OUT_DAL_Windemere
138BAD,PathSet_SpaceLink_Link_North_02_to_Windemere
138BAE,PathSet_SpaceLink_Link_North_02_to_Windemere
138BAF,PathSet_SpaceLink_Link_North_03_to_South_03
138BEF,PathSet_TESTSPACETEST_03
138F66,PathSet_DMO_NA_Unibox
138F7B,PathSet_TMP_NA_JoeQ_Slope_Test
138FFF,PathSet_
139E86,PathSet_DGN_STR_Kandrian
139F43,PathSet_INT_CTY_Adessa_GrandBursars
139F49,PathSet_INT_CTY_Adessa_Arcadium
13A3FB,PathSet_DGN_TMP_NCA_prismere_test01
13AF86,PathSet_SpaceLink_Link_South_00_to_South_01
13B00E,PathSet_SpaceLink_SpaceLink_South_01_to_West_02
13B00F,PathSet_SpaceLink_SpaceLink_South_01_to_West_02
13B028,PathSet_SpaceLink_SpaceLink_South_01_to_West_02
13B029,PathSet_SpaceLink_SpaceLink_South_01_to_West_02
13B037,PathSet_SpaceLink_SpaceLink_South_01_to_West_02
13B038,PathSet_SpaceLink_SpaceLink_South_01_to_West_02
13B085,PathSet_SpaceLink_SpaceLink_South_01_to_West_02
13B086,PathSet_SpaceLink_SpaceLink_South_01_to_West_02
13B088,PathSet_SpaceLink_SpaceLink_South_01_to_West_02
13B089,PathSet_SpaceLink_SpaceLink_South_01_to_West_02
13B7A5,PathSet_DGN_STR_SparringArena
13BB65,PathSet_SpaceLink_SpaceLink_East_01_to_South_01
13BD1E,PathSet_DGN_TMP_SHO_FAE01
13C02E,PathSet_OUT_ALA_TRAN_North_01_to_West_01
13C5AA,PathSet_TMP_QA_WCooper
13C5E6,PathSet_CTY_MelSenshir_BossBattle_2ndStage
13C5EB,PathSet_CTY_MelSenshir_BossBattle_3rdStage
13C5EC,PathSet_CTY_MelSenshir_BossBattle_4thStage
13CC5A,PathSet_Spacefdsa
13E2C3,PathSet_SpaceLink_TMP_QA_WCoop_TO_Tran
13E534,PathSet_OUT_KLU_Saturnalia
13E800,PathSet_TMP_NA_JhonTestSpace
13F1AD,PathSet_OUT_DAL_Travelers_Grounds
13F3AF,PathSet_INT_KLU_Sorrows_Grounds
13F530,PathSet_TMP_QA_Kstar
13F531,PathSet_TMP_QA_Vwong
13F8D9,PathSet_TMP_QA_DGN_JU
13FF4A,PathSet_TMP_QA_TRAN2
13FFA6,PathSet_SpaceLink_TMP_QA_JU_to_TRAN2
1400BE,PathSet_TMP_QA_Jungles
1409CE,PathSet_TMP_QA_Junglesbee
1409CF,PathSet_TMP_QA_Mshearer
140BCF,PathSet_CTY_Ysa_UpperHouses
140C23,PathSet_SpaceLink_TMP_QA_Junglesbee_to_TRAN2
14174D,PathSet_INT_DET_Hollowlands_Office
142DAC,PathSet_SpaceLink_Vwong_space Link
142FCD,PathSet_CTY_Ysa_TheFont
14325C,PathSet_INT_CTY_Ysa_HouseofBallads
143529,PathSet_SpaceLink_TMP_QA_DBatson
1435A9,PathSet_SpaceLink_TMP_QA_Dbatson_to_Kstar
144ABE,PathSet_SpaceLink_TMP_QA_testlink
14533D,PathSet_SpaceLink_TMP_QA_testlink
1456F6,PathSet_SpaceLink_TMP_QA_testlink
145ACB,PathSet_INT_CTY_Ysa_Embassy
145B5F,PathSet_INT_CTY_Ysa_Merchants
145BF1,PathSet_INT_CTY_Ysa_Inn
145D0A,PathSet_INT_CTY_Ysa_HallofEchoes
145DCA,PathSet_INT_CTY_Ysa_HallofAppointments
14672A,PathSet_TMP_NA_WellOfSoulsWarehouse
146820,PathSet_DGN_Tirnoch_BossBattle
1469B0,PathSet_TMP_NA_QATradersHouse
1473CA,PathSet_Spaceoijwe4tuiohewfuiohpwertajiohperg
1488A8,PathSet_DGN_CAV_KandrianCove
149E5D,PathSet_SpaceLink_Link_South_02_to_South_02
149E5E,PathSet_SpaceLink_Link_North_01_to_North_02
149E5F,PathSet_SpaceLink_Link_South_02_to_South_03
14B64D,PathSet_TMP_QA_Rorem
14B64E,PathSet_TMP_QA_OThumel
14B651,PathSet_TMP_QA_RIchnoski
14C1F2,PathSet_OUT_ALA_Fenaster
14ECF9,PathSet_DGN_STR_ShieldringKeep
150008,PathSet_SpaceLink_Link_Test_01_to_Test_02
150009,PathSet_SpaceLink_Link_Test_02_to_Test_01
152C0E,PathSet_DGN_STR_TirinsRest_LocksmithLab
158ECA,PathSet_SpaceLink_Link_South_02_to_South_01
158ECB,PathSet_SpaceLink_Link_South_01_to_South_02
1591CE,PathSet_DGN_STR_HelmgardKeep
15924D,PathSet_DGN_STR_IronfastKeep
1596C3,PathSet_DGN_STR_Rithen
15982B,PathSet_DGN_STR_Rithen_Level1
15A050,PathSet_DGN_WellofSouls_1
15A051,PathSet_DGN_WellofSouls_2
15A052,PathSet_DGN_WellofSouls_3
15A053,PathSet_DGN_WellofSouls_4
15A054,PathSet_DGN_WellofSouls_5
15A055,PathSet_DGN_WellofSouls_6
15A056,PathSet_DGN_WellofSouls_7
15A057,PathSet_DGN_WellofSouls_8
15A4F7,PathSet_SpaceLink_Link_DGN_WellofSouls_1_TO_DGN_WellofSouls_2
15A4F8,PathSet_SpaceLink_Link_DGN_WellofSouls_2_TO_DGN_WellofSouls_3
15AD4E,PathSet_SpaceLink_Link_DGN_WellofSouls_3_TO_DGN_WellofSouls_4
15AD4F,PathSet_SpaceLink_Link_DGN_WellofSouls_4_TO_DGN_WellofSouls_5
15AFD3,PathSet_TMP_RV3
15BEE1,PathSet_DGN_CAV_TheLowerTunnels
15CD37,PathSet_SpaceLink_Link_DGN_WellofSouls_5_to_DGN_WellofSouls_6
15D0DE,PathSet_SpaceLink_Link_DGN_WellofSouls_6_TO_DGN_WellofSouls_7
15D0DF,PathSet_SpaceLink_Link_DGN_WellofSouls_7_TO_DGN_WellofSouls_8
15E23A,PathSet_CIN_CTY_MelSenshir_BossBattle
15E491,PathSet_INT_CTY_Rathir_CityWatch
15EA13,PathSet_INT_CTY_Rathir_Prison
15EEAF,PathSet_DGN_FCA_Ghennig
15FA25,PathSet_INT_CTY_Rathir_Storeroom
15FF6C,PathSet_INT_CTY_Rathir_PoorHouse_01
160037,PathSet_INT_CTY_Rathir_PoorHouse_02
16005A,PathSet_INT_CTY_Rathir_Pride
16025D,PathSet_INT_CTY_Rathir_GoodsStore
160C68,PathSet_INT_CTY_Rathir_WGGreatHouse
160C9D,PathSet_INT_CTY_Rathir_AberGreatHouse
160CD8,PathSet_INT_CTY_Rathir_TempleofLyria
160D91,PathSet_SpaceLink_Link_DGN_WellofSouls_7_TO_DGN_WellofSouls_8
160D92,PathSet_SpaceLink_Link_DGN_WellofSouls_6_TO_DGN_WellofSouls_7
160D93,PathSet_SpaceLink_Link_DGN_WellofSouls_2_TO_DGN_WellofSouls_3
160D94,PathSet_SpaceLink_Link_DGN_WellofSouls_3_TO_DGN_WellofSouls_4
160D95,PathSet_SpaceLink_Link_DGN_WellofSouls_4_TO_DGN_WellofSouls_5
160D96,PathSet_SpaceLink_Link_DGN_WellofSouls_5_to_DGN_WellofSouls_6
160D97,PathSet_SpaceLink_Link_DGN_WellofSouls_1_TO_DGN_WellofSouls_2
160D9B,PathSet_DGN_WellofSouls_8
160D9C,PathSet_DGN_WellofSouls_7
160D9D,PathSet_DGN_WellofSouls_6
160D9E,PathSet_DGN_WellofSouls_5
160D9F,PathSet_DGN_WellofSouls_4
160DA0,PathSet_DGN_WellofSouls_3
160DA1,PathSet_DGN_WellofSouls_2
160DA2,PathSet_DGN_WellofSouls_1
16263F,PathSet_TMP_NA_QA_EffectsTestInterior
162D7B,PathSet_DGN_WellofSouls
162E57,PathSet_Warehouse
163CD0,PathSet_TMP_WellofSouls_NovEAPT
164F77,PathSet_TMP_QA_MBurroughs
16811F,PathSet_INT_ALA_Bhaile_CourtofWinter
168A94,PathSet_TMP_Adessa_Library
1695CA,PathSet_TMP_QA_Space1
16ABEF,PathSet_CIN_POE_North_02
16B1A4,PathSet_CIN_DAL_North_03
16F6FF,PathSet_SpaceLink_Link_North_04_to_North_03
17004D,PathSet_DGN_CAV_Glendara_Jail
171088,PathSet_INT_CTY_MelSenshir_Tavern
17133E,PathSet_CIN_OUT_POE_North_02
1714AE,PathSet_DGN_DVG_ArchsageQuarters
172088,PathSet_CIN_OUT_DAL_North_03
1736D6,PathSet_
173E62,PathSet_INT_CTY_MelSenshir_Barracks
173E92,PathSet_INT_CTY_MelSenshir_Hospital
174267,PathSet_SpaceLink_spacelink_becky
175C18,PathSet_DGN_HOL_Ysa_Jail
175C1F,PathSet_DGN_STR_MelSenshir_Jail
175C6B,PathSet_DGN_STR_BrokenTower
175C74,PathSet_DGN_STR_BrokenTowerBasement
176113,PathSet_SpaceLink_spacelink_becky
177CAB,PathSet_SpaceLink_space_becky
1782CC,PathSet_DGN_DVG_TombOfFyragnos
17834B,PathSet_
179840,PathSet_OUT_DAL_TRAN_South_04_to_Ysa
1798B4,PathSet_SpaceLink_Spacelink_South_04_to_Ysa
17AAC4,PathSet_SpaceLink_Link_West_01_to_North_01
17BD3D,PathSet_Space_qa_becky
17C23E,PathSet_SpaceLink_QA_space_becky
17DAFB,PathSet_SpaceLink_QA_space_becky
17DDFD,PathSet_INT_DET_HouseOfValor_Hypogeum
17EDDB,PathSet_INT_DET_HouseOfValor_GrimshawsHouse
17EE07,PathSet_CIN_CTY_Rathir
17F0B2,PathSet_INT_DET_HouseOfValor_GamblingDen
17F3C1,PathSet_CIN_CTY_MelSenshir_BossBattle
17FCF9,PathSet_SpaceLink_QA_space_becky
1807B5,PathSet_OUT_KLU_Dannestar_EXT_Grounds
18134F,PathSet_CIN_00_00_010
181350,PathSet_CIN_01_00_030
181351,PathSet_CIN_01_00_110
181352,PathSet_CIN_02_01_010
181353,PathSet_CIN_03_02_010
18162A,PathSet_DGN_STR_LostHall_04
18168D,PathSet_DGN_STR_LostHall_03
181692,PathSet_DGN_STR_LostHall_02
18172D,PathSet_OUT_DAL_TRAN_North_04_to_South_04_B
18199F,PathSet_CTY_Adessa_Walls_C
1819A0,PathSet_CTY_Adessa_Walls_B
181D02,PathSet_DGN_STR_LostHall_01
18229C,PathSet_TMP_DeletionTest_01
18229D,PathSet_TMP_DeletionTest_02
1829E7,PathSet_Character_Generation
18342D,PathSet_TMP_Lab_Screenshots
1836E1,PathSet_SpaceLink_QA_SpaceLink
183742,PathSet_SpaceLink_link_becky
183DF1,PathSet_DGN_DVG_TheNexus2
185464,PathSet_DGN_CAV_MattB
185BCF,PathSet_DGN_STR_AncientMausoleum
187BEF,PathSet_SpaceLink_link_becky
187D6A,PathSet_SpaceLink_link_becky
188498,PathSet_SpaceLink_link_becky
1888A2,PathSet_DGN_CAV_Gorhart_Jail
1888A7,PathSet_DGN_CAV_Didenhil_Jail
1888AC,PathSet_DGN_CAV_Whitestone_Jail
1888B1,PathSet_DGN_CAV_Ayten_Jail
1888B6,PathSet_DGN_CAV_Emaire_Jail
189F91,PathSet_DONTSUBMITME_SPACE
18A081,PathSet_DGN_STR_Kandrian_Jail
18AC2F,PathSet_DGN_HOL_Odarath_Jail
18AD67,PathSet_DGN_HOL_Midden_Jail
18AE3E,PathSet_TMP_DGN_CAV_MaridianMine
18C0FC,PathSet_SpaceLink_link_becky
18C13C,PathSet_INT_DAL_Ettinmere_TheOratory
18D018,PathSet_DGN_CAV_Jail_Test_Space
18D33F,PathSet_SpaceLink_tmp_space_bekcy
18E9BD,PathSet_INT_DAL_StEadrics_Chapel
18F05C,PathSet_SpaceLink_tmp_qa_rorem_to_tran
18F230,PathSet_SpaceLink_tmp_qa_link
190852,PathSet_SpaceLink_TMP_QA_Spacelink
1913BB,PathSet_SpaceLink_TMP_QA_spacelink
192E7A,PathSet_
1931C2,PathSet_OUT_DET_TRAN_South_02_to_Adessa
193218,PathSet_SpaceLink_SpaceLink_South_02_to_Adessa
193254,PathSet_SpaceLink_TMP_QA_Space
19548D,PathSet_DGN_STR_HouseOfSorrows_02
1965B2,PathSet_SpaceLink_tmp_qa_spacelink
196702,PathSet_INT_CTY_Adessa_PlayerHouse_03
196A63,PathSet_TMP_QA_KSwearman
1984BA,PathSet_SpaceLink_tmp_qa_spacelink
1986B3,PathSet_INT_CTY_Adessa_SandstoneVilla_02
1994FB,PathSet_INT_CTY_Adessa_SandstoneVilla_01
199F00,PathSet_INT_CTY_Adessa_SandstoneVilla_02
19B8AA,PathSet_INT_CTY_Adessa_ReddleOffice
19BB04,PathSet_SpaceLink_tmp_qa_link
19C1A0,PathSet_SpaceLink_TMP_Qa_link
19C426,PathSet_TMP_OUT_POE_Island_01
19DB3B,PathSet_CIN_Warehouse_01_01
19E2E6,PathSet_SpaceLink_TMP_Qa_link
19F415,PathSet_SpaceLink_tmp_qa_spacelink
19F49D,PathSet_SpaceLink_tmp_qa_spacelink
19F756,PathSet_TMP_NA_Character_Lighting
19FCD6,PathSet_TMP_Cember
1A3474,PathSet_SpaceLink_TMP_QA_DBatson_to_Tran1
1A3EC3,PathSet_CIN_Warehouse_03_03
1A449F,PathSet_CIN_CourtofWinter
1A4EB1,PathSet_DGN_STR_EagonnsGrave
1A755C,PathSet_INT_DET_Whitestone_Inn_Shadow_Setup
1A7E53,PathSet_SpaceLink_TMP_QA_OThumel_To_Tran1
1A7E54,PathSet_SpaceLink_TMP_QA_ROrem_To_Tran1
1A8531,PathSet_SpaceLink_tmp_qa_spacelink
1A8B3F,PathSet_TMP_NA_ActivityTest_02
1AA5AF,PathSet_TMP_NA_Pathing_Small
1AA6EE,PathSet_SpaceLink_DGN_CAV_SeasonsTunnel_Link
1AA9E1,PathSet_CIN_Warehouse_06_01
1AAD17,PathSet_CIN_Warehouse_03_05
1AAEA3,PathSet_SpaceLink_Link_North_01_to_West_01
1AAF7B,PathSet_TMP_NA_WellTest
1AB3E0,PathSet_TMP_QA_LStiger
1AB3E3,PathSet_SpaceLink_TMP_QA_RIchnoski_To_OThumel
1AB3E4,PathSet_SpaceLink_TMP_QA_OThumel_To_Tran2
1AB3E5,PathSet_SpaceLink_TMP_QA_LStiger_To_Tran2
1AB8D8,PathSet_DGN_WellofSouls_1b
1ABA0B,PathSet_DGN_WellofSouls_1c
1ABA2E,PathSet_SpaceLink_Link_WellofSouls_1_to_WellofSouls_1b
1ABA2F,PathSet_SpaceLink_Link_WellofSouls_1b_to_1c
1ABA7B,PathSet_SpaceLink_Link_WellofSouls_1c_to_WellofSouls_2
1AFD5A,PathSet_SpaceLink_spacewink!
1B20F3,PathSet_SpaceLink_spacewink!
1B2109,PathSet_TMP_QA_ADavis
1B2182,PathSet_SpaceLink_TMP_QA_ADavis_To_Tran1
1B2BB8,PathSet_SpaceLink_tmp_qa_rispace
1B34A8,PathSet_INT_CTY_Rathir_TilerasQuarters
1B3604,PathSet_SpaceLink_tmp_qa_rispace
1B366A,PathSet_SpaceLink_Link_WellofSouls_1c_to_WellofSouls_2
1B366B,PathSet_SpaceLink_Link_DGN_WellofSouls_2_TO_DGN_WellofSouls_3
1B366C,PathSet_SpaceLink_Link_WellofSouls_1b_to_1c
1B366D,PathSet_SpaceLink_Link_DGN_WellofSouls_3_TO_DGN_WellofSouls_4
1B5273,PathSet_SpaceLink_tmp_qa_link
1B6145,PathSet_TMP_QA_AOliver
1B6146,PathSet_TMP_QA_AWeeks
1B6149,PathSet_SpaceLink_TMP_QA_DBatson_To_Tran1
1B614A,PathSet_SpaceLink_TMP_QA_DBatson_To_AWeeks
1B6AEB,PathSet_DGN_DVG_GlendaraPassage
1B6B96,PathSet_SpaceLink_Link_DGN_WellofSouls_3_TO_DGN_WellofSouls_4
1B8169,PathSet_SpaceLink_tmp_qa_spacelink
1B83C5,PathSet_CIN_Warehouse_03_04
1B9AC2,PathSet_DMO_MoveCapture
1B9E81,PathSet_DLC1_DMO_NA_Character_CombatTest
1BB97C,PathSet_SpaceLink_Link_South_01_to_South_02
1BE7AD,PathSet_SpaceLink_TMP_QA_MBurroughs_To_Tran2
1C1F8F,PathSet_SpaceLink_TMP_QA_OThumel_To_Tran2
1C1F90,PathSet_SpaceLink_TMP_QA_MBurroughs_To_Tran2
1C20D3,PathSet_SpaceLink_TMP_QA_OThumel_To_Tran2
1C20D4,PathSet_SpaceLink_TMP_QA_MBurroughs_To_Tran2
1C21D2,PathSet_SpaceLink_TMP_QA_MBurroughs_To_Tran2
1C21D3,PathSet_SpaceLink_TMP_QA_OThumel_To_Tran2
1C7386,PathSet_OUT_ALA_TRAN_South_01_to_East_01
1C74C7,PathSet_CIN_DGN_WellofSouls_8
1C765C,PathSet_CIN_CTY_MelSenshir_BossBattle_4thStage
1C7CB9,PathSet_TMP_NA_DLC3Test
1C97DD,PathSet_SpaceLink_TMP_QA_MBurroughs_To_Tran2
1C9BBE,PathSet_SpaceLink_tmp_qa_spacelink
1C9FA1,PathSet_INT_DAL_StEadrics_Bunkhouse_2
1CAA04,PathSet_OUT_GAL_Prototype
1CB650,PathSet_SpaceLink_tmp_qa_link
1CB6FA,PathSet_DLC1_TMP_INT_TestSpace
1CB981,PathSet_DGN_SEW_Test_01
1CC0F7,PathSet_DLC2_TMP_NA_CombatTest
1CF121,PathSet_SpaceLink_Link_QA_Junglesbee_to_Tran1
1CF205,PathSet_DLC2_TON_Prototype
1D15D9,PathSet_CIN_CTY_MelSenshir_BossBattle_2ndStage
1D1AB2,PathSet_CIN_TilerasQuarters
1D1ABF,PathSet_
1D2064,PathSet_DLC1_OUT_GAL_West_01
1D2065,PathSet_DLC1_OUT_GAL_North_01
1D2066,PathSet_DLC1_OUT_GAL_East_01
1D2249,PathSet_SpaceLink_Link_DLC1_GAL_North_01_to_West_01_B
1D2295,PathSet_SpaceLink_Link_DLC1_GAL_East_01_to_North_01_A
1D2296,PathSet_SpaceLink_Link_DLC1_GAL_North_01_to_East_01_A
1D22AE,PathSet_DLC1_OUT_GAL_Sandbar_01
1D2399,PathSet_DLC1_OUT_GAL_Island_01
1D23F7,PathSet_DLC1_OUT_GAL_TheKeep_01
1D2C68,PathSet_
1D3352,PathSet_DLC1_DGN_CAV_Test_01
1D3438,PathSet_DLC2_OUT_TON_North_01
1D3578,PathSet_DLC2_CTY_Idylla
1D4F80,PathSet_SpaceLink_LinkS_South_01_to_South_02
1D5BC0,PathSet_CIN_DGN_Tirnoch_BossBattle_BlackBox
1D6F76,PathSet_
1D8AD6,PathSet_DGN_CAV_FloodedCavern
1D8AE3,PathSet_DGN_CAV_SirensDen
1D8AED,PathSet_DLC1_DGN_DVG_AkaraTor
1D8AF6,PathSet_DLC1_DGN_DKP_CliffbreakFasting
1D8AFB,PathSet_DLC1_DGN_DKP_MudholdFasting
1D8B0C,PathSet_DLC1_DGN_DKP_GrayvhalFasting
1D8E84,PathSet_DGN_CAV_AirShrine
1D8E8F,PathSet_DGN_CAV_EarthShrine
1D8E94,PathSet_DGN_CAV_JottunTower
1D8E99,PathSet_DGN_SEW_SouthernPassage
1D8E9E,PathSet_DGN_SEW_HyperianComplex
1D8EA3,PathSet_DGN_SEW_Nyxaros
1D91DF,PathSet_DLC1_OUT_GAL_TRAN_West_01_to_East_01
1D9240,PathSet_SpaceLink_DLC1_Link_GAL_West_01_to_East_01
1D9241,PathSet_SpaceLink_DLC1_Link_GAL_East_01_to_West_01
1D92EE,PathSet_SpaceLink_Link_WellofSouls_3_to_WellofSouls_4
1D92F3,PathSet_SpaceLink_Link_WellofSouls_4_to_WellofSouls_5
1D94DE,PathSet_DLC1_OUT_GAL_TRAN_North_01_to_West_01
1D94DF,PathSet_DLC1_OUT_GAL_TRAN_North_01_to_East_01
1D94EF,PathSet_DLC2_OUT_TON_PassageExterior
1D9CBE,PathSet_DGN_DVG_AkaraTor
1D9D24,PathSet_DLC1_OUT_GAL_GayvhalKeep_Courtyard
1D9E68,PathSet_DLC1_INT_GAL_GrayvhalKeep
1D9FDB,PathSet_DLC1_OUT_GAL_TRAN_West_01_to_East_01_B
1DA012,PathSet_DLC1_DGN_DKP_UnderseaFasting
1DA28B,PathSet_SpaceLink_DLC1_Link_GAL_West_01_to_East_01_B
1DA28C,PathSet_SpaceLink_DLC1_Link_GAL_East_01_to_West_01_B
1DA5D1,PathSet_DLC2_DGN_SEW_IdyllaSewer
1DA827,PathSet_DLC2_INT_CTY_Idylla_The_Lykeios
1DA899,PathSet_DLC2_INT_CTY_Idylla_Theater_of_Andronikos 
1DA980,PathSet_DLC2_INT_CTY_Idylla_Gaianas_Respite
1DAAAD,PathSet_INT_CTY_Idylla_Primos_Sanctuary
1DB07D,PathSet_SpaceLink_DLC2_SpaceLink_TON_North_01_to_South_01
1DB07E,PathSet_SpaceLink_DLC2_SpaceLink_TON_North_01_to_South_01
1DB352,PathSet_DLC2_OUT_TON_KahrunkTower
1DB384,PathSet_DLC2_DGN_SEW_Nerotelos
1DB3D3,PathSet_DLC1_DGN_CAV_TidalPools
1DB49A,PathSet_SpaceLink_DLC2_SpaceLink_TON_North_01_to_ KahrunkTower
1DB49B,PathSet_SpaceLink_DLC2_SpaceLink_TON_North_01_to_ KahrunkTower
1DB49C,PathSet_SpaceLink_DLC2_SpaceLink_TON_North_01_to_ KahrunkTower
1DB49D,PathSet_DLC2_OUT_TON_TRAN_North_01_to_South_01_A
1DB49E,PathSet_DLC2_OUT_TON_TRAN_North_01_to_South_01_B
1DB59E,PathSet_SpaceLink_DLC1_Link_GAL_East_01_to_West_01_B_2
1DBD51,PathSet_DLC1_DGN_CAV_BrigandHideaway
1DEC15,PathSet_tmp_adavis2
1DFFB2,PathSet_DLC1_DGN_CAV_DarkHarbor
1E4585,PathSet_CIN_OUT_POE_Destiny_Cards
1E488D,PathSet_DLC2_DGN_DEV_KahrunkTower_Peak
1E5DC7,PathSet_DLC2_DGN_SEW_UnderSewer
1E6599,PathSet_DLC1_OUT_GAL_GravehalKeep_Courtyard_Stg1
1E65E3,PathSet_DLC1_OUT_GAL_GravehalKeep_Courtyard_Stg2
1E70EE,PathSet_DLC2_WAREHOUSE
1E80CA,PathSet_DLC1_OUT_GAL_North_02
1E80CB,PathSet_DLC1_OUT_GAL_TRAN_North_01_to_North_02
1E80D6,PathSet_SpaceLink_DLC1_Link_GAL_North_01_to_North_02
1E80D7,PathSet_SpaceLink_DLC1_Link_GAL_North_02_to_North_01
1E8AC6,PathSet_DLC1_WAREHOUSE
1E92B0,PathSet_DLC1_INT_GAL_GravehalKeep_L1
1E9566,PathSet_DLC1_INT_GAL_GravehalEmbassy
1E9848,PathSet_DLC1_INT_GAL_GravehalLibrary
1EB5C6,PathSet_CIN_Warehouse_01_02
1EBA8B,PathSet_DLC1_INT_GAL_GravehalKeep_L2
1EBD1A,PathSet_DLC1_INT_GAL_GravehalKeep_L3
1EC645,PathSet_DLC1_INT_GAL_GravehalKeep_L4
1EEC40,PathSet_DLC2_OUT_TON_South_01
1F39CF,PathSet_DLC1_OUT_GAL_East_02
1F3BCA,PathSet_DLC1_OUT_GAL_TRAN_East_01_to_East_02
1F3CCB,PathSet_SpaceLink_DLC1_Link_GAL_East_01_to_East_02
1F3CCC,PathSet_SpaceLink_DLC1_Link_GAL_East_02_to_East_01
1F6D7A,PathSet_DLC2_TMP_Blackness
1FB62B,PathSet_DLC1_TMP_Pieces_Test_01
1FFFA1,PathSet_DLC2_DGN_CAV_EyriePeak
2012D0,PathSet_DLC2_INT_CTY_Idylla_Market
201EA2,PathSet_TMP_RMorgan
202512,PathSet_DLC2_Warehouse_Idylla
203125,PathSet_DLC3_DGN_DVG_Heddles
203950,PathSet_SpaceLink_DLC1_Link_GAL_West_01_to_South_01_B
203ED0,PathSet_DLC3_DGN_NCA_ToSocket
203F88,PathSet_SpaceLink_Link_West_01_to_North_01
2043DC,PathSet_DLC3_DGN_STR_HuntsmansKeep
204A1E,PathSet_DLC3_DGN_NCA_ToSocket_Bright
204D35,PathSet_DLC3_DGN_DVG_Lyrden
20511C,PathSet_DLC3_OUT_IsleWytren
2051B9,PathSet_DLC3_DGN_CAV_RustedPit
205EC7,PathSet_DLC3_DGN_CAV_DwellersDen
206421,PathSet_DLC3_DGN_DVG_CabhanHold
206A63,PathSet_DLC3_DGN_DVG_Mondul
206F37,PathSet_DLC3_DGN_DVG_CabhanKeep
