id,value
0013E0,InvalidFXPath
0013E3,camera_throne_eye_path
0013E4,camera_throne_focus_path
0013E7,drowe test spline path
0013E8,Fire-BeaconStartup_FlameStream
0013E9,FireBall-TrebuchetPath01
0013EA,gauntlet_test_01
0013EB,heal_helix_01
0013EC,heal_helix_02
0013EE,pheonix_circle_path_01
0013EF,pheonix_circle_path_02
0013F1,pheonix_helix_02
0013F2,pheonix_helix_03
0013F3,pheonix_left_path_01
0013F4,pheonix_left_path_02
0013F5,pheonix_right_path_01
0013F6,pheonix_right_path_02
0013F8,tengri_dust_circle
026288,test-spline
02635C,test-Helix01
030631,MagicShield_Circle
043B0B,Path-Helix_Sphere
0A936A,FXPath_Fate_Hammer_01
0A936B,FXPath_Fate_Hammer_02
0A93F0,FXPath_FateShift_Dagger_01
0A93F1,FXPath_FateShift_Dagger_02
0A9434,FXPath_FateShift_Dagger_A
0A9435,FXPath_FateShift_Dagger_B
