id,value
02103F,Jump_Over_Close
02104C,Jump_Over_Running
02104E,Jump_Over_Off_Close
021055,Landing_Short
021056,Landing_Medium
021059,Landing_Long
0211BC,Jump_Onto_Close
0211BD,Jump_Onto_Running
0211F9,Jump_Down_Low
0211FA,Jump_Down_High
0220E1,Jump_Vault_Over_Close
0220E2,Jump_Vault_Over_Running
0220E3,Jump_Vault_Off_Close
0220E4,Jump_Vault_Off_Running
0220F8,Jump_Mantle_On
058D3F,_Prototype_Jump_Over
060419,_Prototype_Vault_Over
071C52,TestLanding
094CFB,Jump_Down
09BB3D,Launch
09BFAD,Juggle_Normal
0A3781,Juggle_Long
0A378A,Juggle_High
0B2F52,Launch_High
1392CF,Jump_Down_Water
14833D,Launch_Very_High
148E40,Juggle_Low
15BB4A,Juggle_Normal_NoHorizontal
15BB6E,Launch_Wrath
160A1E,Juggle_SlamOut
1755D1,Juggle_SlamDown
177123,Launch_Low_Out
177183,Juggle_Out
188FDE,Juggle_Float
18B56C,Launch_Low
18B572,Juggle_Low_NoHorizontal
18C81D,Launch_High_Out
197BF6,Juggle_Low_Toward
197C72,Juggle_Low_Toward_ChakramDodge6
197C73,Juggle_Low_Toward_Medium
197C74,Juggle_Low_Toward_Short
19B125,Juggle_Low_Toward_ChakramDodge1
19B126,Juggle_Low_Toward_ChakramDodge2
19B127,Juggle_Low_Toward_ChakramDodge3
19B128,Juggle_Low_Toward_ChakramDodge4
19B129,Juggle_Low_Toward_ChakramDodge5
1A7683,Launch_High_NotOut
1DCFE6,Juggle_Flat
1E5951,Juggle_Float_Harpoon
