id,value
0021C0,color_only
0021C1,debug_font
0021C2,depth_alpha_test
0021C3,depth_leaf_alpha_test
0021C4,depth_leaf_solid
0021C5,depth_solid
0021C6,depth_trunk_alpha_test
0021C7,depth_trunk_solid
0021C8,depth_veggie_alpha_test
0021C9,depth_veggie_solid
0021CA,depth_weighted_alpha_test
0021CB,depth_weighted_solid
0021CC,flat
0021CD,flat_mask
0021D0,postproc_color
0021D2,postproc_color_transition
0021D3,postproc_combine
0021D5,postproc_distort
0021D7,postproc_downsample_2x
0021D8,postproc_downsample_4x
0021DA,postproc_gaussian_filter
0021DE,shadow_alpha_test
0021DF,shadow_apply
0021E0,shadow_solid
0021E1,shadow_weighted_alpha_test
0021E2,shadow_weighted_solid
0021E3,simple_color
0021E4,simple_constant
0021E5,simple_leaf_normal
0021E6,simple_masked_texture
0021E7,simple_material_constant
0021E8,simple_normal
0021E9,simple_pos
0021EA,simple_texture
0021EB,simple_texture_alpha
0021EC,simple_trunk_normal
0021ED,simple_veggie_normal
0021EE,simple_weighted_material_constant
0021EF,simple_weighted_normal
0021F0,simple_weighted_pos
0021F1,weightedflat
0021F2,PostProcAncestor
0021F3,set_z
0021F4,set_z_mask
0021F5,CharacterRim
0021F8,CharacterRimEditor
0021FB,WeightedCharacterRim
0021FE,WeightedCharacterRimEditor
002201,DistortionBufferWrite
002202,WeightedDistortionBufferWrite
002203,Dot3
002206,Dot3Editor
002207,Dot3Offset
00220E,WeightedDot3
002211,WeightedDot3Editor
002215,GlassMetalEditor
002217,GlassMetalSolid
002218,WeightedGlassMetal
002219,WeightedGlassMetalEditor
00221A,CyclicObjectHighlight
00221B,InteractionObjectHighlight
00221C,BasicHighlight
00221D,WeightedCyclicObjectHighlight
00221E,WeightedInteractionObjectHighlight
00221F,BasicWeightedHighlight
002220,god_rays
002225,DistortionShield
002226,EnergyShield
002228,WeightedDistortionShield
002229,WeightedEnergyShield
00222E,RockEditor
002230,RockSolid
002231,WeightedRock
002232,WeightedRockEditor
002234,Standard
002235,WeightedStandard
002240,TerrainDebug
002242,TerrainEditor
002244,TerrainSolid
002248,TreeLeaf
002249,TreeLeafEditor
00224E,TrunkDot3
00224F,TrunkDot3Editor
002250,VeggieCheap
002251,VeggieCheapEditor
002253,Water
002255,WaterEditor
002257,WaterRefraction
00309A,vertexblend
00309B,vertexblendeditor
00309C,weightedvertexblend
00309D,weightedvertexblendeditor
003115,textureblend
003116,textureblendeditor
003117,weightedtextureblend
003118,weightedtextureblendeditor
0031B3,texturemultiplymask
0031B4,texturemultiplymaskeditor
0031B5,weightedtexturemultiplymask
0031B6,weightedtexturemultiplymaskeditor
00379A,ScrollingFlat
00379B,ScrollingFlatEditor
00379C,WeightedScrollingFlat
00379D,WeightedScrollingFlatEditor
00379F,TextureBlendAndDecal
0037A0,TextureBlendAndDecalEditor
0037A1,WeightedTextureBlendAndDecal
0037A2,WeightedTextureBlendAndDecalEditor
0038C2,VertexBlend3
0038C3,VertexBlend3Editor
0038C4,WeightedVertexBlend3
0038C5,WeightedVertexBlend3Editor
011BF4,River
011BF5,RiverEditor
021732,TextureEmissive
021738,WeightedTextureEmissive
021739,TextureEmissiveEditor
02173A,WeightedTextureEmissiveEditor
023FE4,Disintegrate
023FE5,DisintegrateEditor
024008,DisintegrateDepth
02730F,sky_dome
027310,sky_dome_transition
027584,DisintegrateShadow
027DA0,CharacterRimNoShadow
027DA1,WeightedCharacterRimNoShadow
030B61,DiffuseBlendEmissive
030B62,DiffuseBlendEmissiveEditor
030B63,WeightedDiffuseBlendEmissive
030B64,WeightedDiffuseBlendEmissiveEditor
030BCD,DetailNormal
030BCE,DetailNormalEditor
030BCF,WeightedDetailNormal
030BD0,WeightedDetailNormalEditor
0337DD,ParticleFogTransparent
0337DE,ParticleFogAdditive
03EE4B,TextureEmissiveAlphaMask
03EE4C,TextureEmissiveAlphaMaskEditor
03EE4D,WeightedTextureAlphaMaskEmissive
03EE4F,WeightedTextureEmissiveAlphaMaskEditor
0441C3,ScrollingSmoke
0441C4,ScrollingSmokeEditor
0441C5,WeightedScrollingSmoke
0441C6,WeightedScrollingSmokeEditor
0442DB,ScrollingVapor
0442DC,ScrollingVaporEditor
0442E0,WeightedScrollingVapor
0442E1,WeightedScrollingVaporEditor
0484BF,shadow_tree_leaf
0484C0,shadow_tree_trunk
0519AE,postproc_velocity_blur
051D7F,DepthComplexity
051D80,WeightedDepthComplexity
053709,Dot3Geometry
05370A,WeightedDot3Geometry
054A50,velocity
054B3E,FresnelGlassMetalEditor
054B40,FresnelGlassMetalSolid
054B41,WeightedFresnelGlassMetal
054B42,WeightedFresnelGlassMetalEditor
057742,FresnelGlassMetalProbeEditor
057744,FresnelGlassMetalProbeSolid
057745,WeightedFresnelGlassMetalProbe
057746,WeightedFresnelGlassMetalProbeEditor
057748,GlassMetalProbeEditor
05774A,GlassMetalProbeSolid
05774C,WeightedGlassMetalProbe
05774F,WeightedGlassMetalProbeEditor
0585EA,VertexBlendGeometry
0585EB,WeightedVertexBlendGeometry
05876E,PointLight
058B5C,ParticleFogAdditiveSoft
059093,TerrainSolidGeometry
059097,CharacterRimGeometry
059098,WeightedCharacterRimGeometry
059099,GlassMetalGeometry
05909A,WeightedGlassMetalGeometry
05909B,TreeLeafGeometry
0590FC,WeightedTextureBlendGeometry
0590FD,TextureBlendGeometry
05938E,AlphaTestDot3Geometry
05938F,WeightedAlphaTestDot3Geometry
0593B2,AlphaTestTextureBlendGeometry
0593B3,WeightedAlphaTestTextureBlendGeometry
0593B4,AlphaTestCharacterRimGeometry
0593B5,WeightedAlphaTestCharacterRimGeometry
0593C2,AlphaTestVertexBlendGeometry
0593C3,WeightedAlphaTestVertexBlendGeometry
0593D4,AlphaTestGlassMetalGeometry
0593D5,WeightedAlphaTestGlassMetalGeometry
0593D7,AlphaTestTreeLeafGeometry
059559,VeggieCheapGeometry
05955A,AlphaTestVeggieCheapGeometry
0596B8,AlphaTestDot3OffsetGeometry
0596B9,Dot3OffsetEditor
0596BA,Dot3OffsetGeometry
0596BB,WeightedDot3Offset
0596BC,WeightedDot3OffsetGeometry
0596BD,WeightedDot3OffsetEditor
0596BE,WeightedAlphaTestDot3OffsetGeometry
0596C3,AlphaTestTrunkDot3Geometry
0596C4,TrunkDot3Geometry
0596E5,TextureBlendAndDecalGeometry
0596E6,WeightedAlphaTestTextureBlendAndDecalGeometry
0596E7,WeightedTextureBlendAndDecalGeometry
0596E8,AlphaTestTextureBlendAndDecalGeometry
0596E9,AlphaTestTextureEmissiveGeometry
0596EA,TextureEmissiveGeometry
0596EB,WeightedAlphaTestTextureEmissiveGeometry
0596EC,WeightedTextureEmissiveGeometry
05BB8E,FogAdditive
05BB8F,FogAdditiveEditor
05CE07,GlassMetalProbeGeometry
05CE08,WeightedAlphaTestGlassMetalProbeGeometry
05CE09,WeightedGlassMetalProbeGeometry
05CE0A,AlphaTestGlassMetalProbeGeometry
05CE0B,GlassMetalProbe
05CE0C,WeightedTrunkDot3Geometry
05CE0D,WeightedAlphaTestTrunkDot3Geometry
05CE0E,WeightedTrunkDot3
05CE0F,WeightedTrunkDot3Editor
05CE5F,simple_texture_cube
05E819,AlphaTestDetailNormalGeometry
05E81B,DetailNormalGeometry
05E81C,WeightedAlphaTestDetailNormalGeometry
05E81E,WeightedDetailNormalGeometry
05E81F,AlphaTestDiffuseBlendEmissiveGeometry
05E821,DiffuseBlendEmissiveGeometry
05E822,WeightedAlphaTestDiffuseBlendEmissiveGeometry
05E824,WeightedDiffuseBlendEmissiveGeometry
05E825,DisintegrateGeometry
05E82C,AlphaTestFresnelGlassMetalGeometry
05E82D,FresnelGlassMetal
05E82F,FresnelGlassMetalGeometry
05E830,WeightedAlphaTestFresnelGlassMetalGeometry
05E832,WeightedFresnelGlassMetalGeometry
05E833,GlassMetal
05E83E,TerrainSolidEditor
064A62,ScrollingWaterfall
064A63,AlphaTestScrollingWaterfallGeometry
064A65,ScrollingWaterfallEditor
064A66,ScrollingWaterfallGeometry
064A67,WeightedAlphaTestScrollingWaterfallGeometry
064A68,WeightedScrollingWaterfall
064A6A,WeightedScrollingWaterfallEditor
064A6B,WeightedScrollingWaterfallGeometry
064AF0,AlphaTestTextureBlendNormalEdgeGeometry
064AF1,TextureBlendNormalEdge
064AF3,TextureBlendNormalEdgeEditor
064AF4,TextureBlendNormalEdgeGeometry
064AF5,WeightedAlphaTestTextureBlendNormalEdgeGeometry
064AF6,WeightedTextureBlendNormalEdge
064B04,WeightedTextureBlendNormalEdgeEditor
064B05,WeightedTextureBlendNormalEdgeGeometry
064B6C,AlphaTestRockGeometry
064B6D,Rock
064B6F,RockGeometry
064B70,WeightedAlphaTestRockGeometry
064B72,WeightedRockGeometry
064B81,AlphaTestScrollingEmissiveGeometry
064B82,ScrollingEmissive
064B84,ScrollingEmissiveEditor
064B85,ScrollingEmissiveGeometry
064B86,WeightedAlphaTestScrollingEmissiveGeometry
064B87,WeightedScrollingEmissive
064B89,WeightedScrollingEmissiveEditor
064B8A,WeightedScrollingEmissiveGeometry
06567B,geometry_alpha_test
06568D,AlphaTestStandardGeometry
06568F,StandardEditor
065690,StandardGeometry
065691,WeightedAlphaTestStandardGeometry
065693,WeightedStandardEditor
065694,WeightedStandardGeometry
065AA8,AlphaTestTextureEmissiveAlphaMaskGeometry
065AAA,TextureEmissiveAlphaMaskGeometry
065AAB,WeightedAlphaTestTextureEmissiveAlphaMaskGeometry
065AAC,WeightedTextureEmissiveAlphaMask
065AAE,WeightedTextureEmissiveAlphaMaskGeometry
066CE9,CharacterRimAlpha
06723D,CharacterRimNoShadowAlpha
067244,WeightedCharacterRimAlpha
067246,WeightedCharacterRimNoShadowAlpha
067248,DetailNormalAlpha
067249,WeightedDetailNormalAlpha
06724A,DiffuseBlendEmissiveAlpha
06724B,WeightedDiffuseBlendEmissiveAlpha
06724D,DisintegrateAlpha
067257,Dot3OffsetAlpha
06725A,Dot3AlphaPhase
06725E,WeightedDot3AlphaPhase
067261,WeightedDot3OffsetAlpha
067262,FresnelGlassMetalAlpha
067263,WeightedFresnelGlassMetalAlpha
067264,FresnelGlassMetalProbeAlpha
067265,WeightedFresnelGlassMetalProbeAlpha
067266,GlassMetalAlpha
067267,WeightedGlassMetalAlpha
067268,GlassMetalProbeAlpha
067269,WeightedGlassMetalProbeAlpha
06726A,RockAlpha
06726B,WeightedRockAlpha
06726C,ScrollingVaporAlpha
06726D,WeightedScrollingVaporAlpha
067273,ScrollingEmissiveAlpha
067275,WeightedScrollingEmissiveAlpha
067278,ScrollingFlatAlpha
067279,WeightedScrollingFlatAlpha
06727A,ScrollingSmokeAlpha
06727B,WeightedScrollingSmokeAlpha
06727E,StandardAlpha
06727F,WeightedStandardAlpha
067280,TextureBlendAlpha
067281,WeightedTextureBlendAlpha
067284,TextureBlendAndDecalAlpha
067285,WeightedTextureBlendAndDecalAlpha
067288,TextureBlendNormalEdgeAlpha
067289,WeightedTextureBlendNormalEdgeAlpha
06728A,TextureEmissiveAlpha
06728B,WeightedTextureEmissiveAlpha
06728C,TextureEmissiveAlphaMaskAlpha
06728D,WeightedTextureAlphaMaskEmissiveAlpha
06728E,TextureMultiplyMaskAlpha
06728F,WeightedTextureMultiplyMaskAlpha
067290,TreeLeafAlpha
067292,TrunkDot3Alpha
067293,WeightedTrunkDot3Alpha
067294,VertexBlendAlpha
067295,WeightedVertexBlendAlpha
067298,VertexBlend3Alpha
06729A,WeightedVertexBlend3Alpha
067358,AlphaTestRiverGeometry
067359,RiverGeometry
0679F7,WeightedTextureEmissiveAlphaMaskAlpha
068FDB,AlphaTestEmissiveWithAlphaFogGeometry
068FDC,EmissiveWithAlphaFog
068FDD,EmissiveWithAlphaFogAlpha
068FDF,EmissiveWithAlphaFogEditor
068FE0,EmissiveWithAlphaFogGeometry
068FE1,WeightedAlphaTestEmissiveWithAlphaFogGeometry
068FE2,WeightedEmissiveWithAlphaFog
068FE3,WeightedEmissiveWithAlphaFogAlpha
068FE5,WeightedEmissiveWithAlphaFogEditor
068FE7,WeightedEmissiveWithAlphaFogGeometry
069108,PointLightSheet
0693AB,ScrollingWaterfallAlpha
0693AC,WeightedScrollingWaterfallAlpha
069531,AlphaTestFresnelGlassMetalProbeGeometry
069532,FresnelGlassMetalProbe
069534,FresnelGlassMetalProbeGeometry
069535,WeightedAlphaTestFresnelGlassMetalProbeGeometry
069537,WeightedFresnelGlassMetalProbeGeometry
069600,PointLightSheet4Optimized
06AFA2,BasicHighlightAlpha
06AFE9,BasicWeightedHighlightAlpha
06C167,4x_sky_dome_transition
06CBD2,AlphaTestVertexBlendModifiedMaskGeometry
06CBD3,VertexBlendModifiedMask
06CBD4,VertexBlendModifiedMaskAlpha
06CBD6,VertexBlendModifiedMaskEditor
06CBD7,VertexBlendModifiedMaskGeometry
06CBD8,WeightedAlphaTestVertexBlendModifiedMaskGeometry
06CBD9,WeightedVertexBlendModifiedMask
06CBDA,WeightedVertexBlendModifiedMaskAlpha
06CBDB,WeightedVertexBlendModifiedMaskEditor
06CBDC,WeightedVertexBlendModifiedMaskGeometry
06E2C2,ImpostorAlpha
06E335,Impostor
06E356,AlphaTestImpostorGeometry
06E358,ImpostorEditor
06E359,ImpostorGeometry
06E4E1,ImpostorDepth
06EE9B,postproc_clear_alpha
071AC8,velocityWeighted
07290E,TerrainDebugGeometry
074602,postproc_downsample_depth_motion_2x
07AAC5,postproc_edge_bloom_capture
07ABE0,postproc_edge_bloom_composite
07ABE1,postproc_edge_gauss1x7
07ABE2,postproc_edge_gauss7x1
07AE3F,postproc_edge_add
07BBEF,postproc_edge_near_fuzziness
07BCDA,postproc_edge_far_fuzziness
07BF9D,postproc_edge_DOF
07C354,postproc_edge_motion_blur
07D0C7,postproc_simple_fog
07E850,AlphaTestGlassMetalWithEmissiveGeometry
07E852,GlassMetalWithEmissive
07E856,GlassMetalWithEmissiveAlpha
07E859,GlassMetalWithEmissiveEditor
07E85A,GlassMetalWithEmissiveGeometry
07E85B,GlassMetalWithEmissiveSolid
07E85C,WeightedAlphaTestGlassMetalWithEmissiveGeometry
07E85D,WeightedGlassMetalWithEmissive
07E85F,WeightedGlassMetalWithEmissiveAlpha
07E862,WeightedGlassMetalWithEmissiveEditor
07E864,WeightedGlassMetalWithEmissiveGeometry
07E869,AlphaTestGlassMetalWithEmissiveProbeGeometry
07E86A,GlassMetalWithEmissiveProbe
07E86B,GlassMetalWithEmissiveProbeAlpha
07E86D,GlassMetalWithEmissiveProbeEditor
07E86E,GlassMetalWithEmissiveProbeGeometry
07E86F,GlassMetalWithEmissiveProbeSolid
07E870,WeightedAlphaTestGlassMetalWithEmissiveProbeGeometry
07E871,WeightedGlassMetalWithEmissiveProbe
07E872,WeightedGlassMetalWithEmissiveProbeAlpha
07E874,WeightedGlassMetalWithEmissiveProbeEditor
07E875,WeightedGlassMetalWithEmissiveProbeGeometry
07FF39,WeightedFogAdditive
07FF3A,WeightedFogAdditiveEditor
08266D,simple_weighted_normal_color
0826BA,simple_normal_color
085187,AlphaTestCharacterHardLightGeometry
085188,CharacterHardLight
085189,CharacterHardLightAlpha
08518B,CharacterHardLightEditor
08518C,CharacterHardLightGeometry
08518D,WeightedAlphaTestCharacterHardLightGeometry
08518E,WeightedCharacterHardLightAlpha
08518F,WeightedCharacterHardLight
085190,WeightedCharacterReflect
085192,WeightedCharacterReflectEditor
085193,WeightedCharacterReflectGeometry
085195,WeightedCharacterHardLightEditor
085196,WeightedCharacterHardLightGeometry
085197,AlphaTestCharacterReflectGeometry
085198,CharacterReflect
08519A,CharacterReflectEditor
08519B,CharacterReflectGeometry
08519C,WeightedAlphaTestCharacterReflectGeometry
0851B9,WeightedCharacterReflectAlpha
0851BA,CharacterReflectAlpha
0856ED,DistantTerrainSolidEditor
0856EE,DistantTerrainSolidGeometry
0856EF,DistantTerrainSolid
0856F7,DistantTerrainDebugGeometry
0856F8,DistantTerrainDebug
086134,LowAlphaTestDetailNormalGeometry
086136,LowWeightedDetailNormalEditor
086137,LowWeightedDetailNormalGeometry
086138,LowDetailNormal
086139,LowDetailNormalAlpha
08613B,LowDetailNormalEditor
08613C,LowDetailNormalGeometry
08613D,LowWeightedAlphaTestDetailNormalGeometry
08613E,LowWeightedDetailNormal
08613F,LowWeightedDetailNormalAlpha
0862BB,LowAlphaTestCharacterHardLightGeometry
0862BC,LowCharacterHardLightEditor
0862BD,LowCharacterHardLightGeometry
0862BE,LowCharacterReflect
0862BF,LowCharacterReflectAlpha
0862C1,LowCharacterReflectEditor
0862C2,LowCharacterReflectGeometry
0862C3,LowWeightedAlphaTestCharacterHardLightGeometry
0862C4,LowWeightedAlphaTestCharacterReflectGeometry
0862C5,LowWeightedCharacterHardLight
0862C6,LowWeightedCharacterHardLightAlpha
0862C8,LowWeightedCharacterHardLightEditor
0862C9,LowWeightedCharacterHardLightGeometry
0862CA,LowWeightedCharacterReflect
0862CB,LowWeightedCharacterReflectAlpha
0862CD,LowWeightedCharacterReflectEditor
0862CE,LowWeightedCharacterReflectGeometry
0862CF,LowAlphaTestCharacterReflectGeometry
0862D1,LowCharacterHardLight
0862D3,LowCharacterHardLightAlpha
0862DF,LowAlphaTestCharacterRimGeometry
0862E3,LowWeightedAlphaTestCharacterRimGeometry
0862E5,LowWeightedCharacterRim
0862E6,LowWeightedCharacterRimAlpha
0862E8,LowWeightedCharacterRimEditor
0862E9,LowWeightedCharacterRimGeometry
0862F0,LowCharacterRim
0862F1,LowCharacterRimAlpha
0862F3,LowCharacterRimEditor
0862F4,LowCharacterRimGeometry
0862F9,LowWeightedDiffuseBlendEmissiveAlpha
0862FB,LowWeightedDiffuseBlendEmissiveEditor
0862FC,LowWeightedDiffuseBlendEmissiveGeometry
0862FD,LowAlphaTestDiffuseBlendEmissiveGeometry
0862FE,LowDiffuseBlendEmissive
0862FF,LowDiffuseBlendEmissiveAlpha
086301,LowDiffuseBlendEmissiveEditor
086302,LowDiffuseBlendEmissiveGeometry
086303,LowWeightedAlphaTestDiffuseBlendEmissiveGeometry
086304,LowWeightedDiffuseBlendEmissive
086309,LowAlphaTestDisintegrateGeometry
08630A,LowDisintegrate
08630B,LowDisintegrateAlpha
08630D,LowDisintegrateEditor
08630E,LowDisintegrateGeometry
086313,LowWeightedDot3OffsetEditor
086314,LowWeightedDot3OffsetGeometry
086315,LowAlphaTestDot3Geometry
086317,LowAlphaTestDot3OffsetGeometry
086318,LowDot3
08631B,LowDot3Editor
08631C,LowDot3Geometry
086323,LowDot3Offset
086324,LowDot3OffsetAlpha
086326,LowDot3OffsetEditor
086327,LowDot3OffsetGeometry
086328,LowWeightedAlphaTestDot3Geometry
08632A,LowWeightedAlphaTestDot3OffsetGeometry
08632B,LowWeightedDot3
08632E,LowWeightedDot3Editor
08632F,LowWeightedDot3Geometry
086335,LowWeightedDot3Offset
086336,LowWeightedDot3OffsetAlpha
086349,LowWeightedFresnelGlassMetalEditor
08634A,LowWeightedFresnelGlassMetalGeometry
08634B,LowAlphaTestFresnelGlassMetalGeometry
08634C,LowFresnelGlassMetal
08634D,LowFresnelGlassMetalAlpha
08634F,LowFresnelGlassMetalEditor
086350,LowFresnelGlassMetalGeometry
086351,LowWeightedAlphaTestFresnelGlassMetalGeometry
086352,LowWeightedFresnelGlassMetal
086353,LowWeightedFresnelGlassMetalAlpha
086356,LowWeightedFresnelGlassMetalProbeEditor
086357,LowWeightedFresnelGlassMetalProbeGeometry
086358,LowAlphaTestFresnelGlassMetalProbeGeometry
086359,LowFresnelGlassMetalProbe
08635A,LowFresnelGlassMetalProbeAlpha
08635C,LowFresnelGlassMetalProbeEditor
08635D,LowFresnelGlassMetalProbeGeometry
08635E,LowWeightedAlphaTestFresnelGlassMetalProbeGeometry
08635F,LowWeightedFresnelGlassMetalProbe
086360,LowWeightedFresnelGlassMetalProbeAlpha
086361,LowWeightedGlassMetalEditor
086362,LowWeightedGlassMetalGeometry
086363,LowAlphaTestGlassMetalGeometry
086364,LowGlassMetal
086365,LowGlassMetalAlpha
086367,LowGlassMetalEditor
086368,LowGlassMetalGeometry
086369,LowWeightedAlphaTestGlassMetalGeometry
08636B,LowWeightedGlassMetal
08636C,LowWeightedGlassMetalAlpha
08636E,LowWeightedGlassMetalProbeEditor
08636F,LowWeightedGlassMetalProbeGeometry
086370,LowAlphaTestGlassMetalProbeGeometry
086371,LowGlassMetalProbe
086372,LowGlassMetalProbeAlpha
086374,LowGlassMetalProbeEditor
086375,LowGlassMetalProbeGeometry
086376,LowWeightedAlphaTestGlassMetalProbeGeometry
086377,LowWeightedGlassMetalProbe
086378,LowWeightedGlassMetalProbeAlpha
08637B,LowWeightedGlassMetalWithEmissiveProbeEditor
08637C,LowWeightedGlassMetalWithEmissiveProbeGeometry
08637D,LowAlphaTestGlassMetalWithEmissiveProbeGeometry
08637E,LowGlassMetalWithEmissiveProbe
08637F,LowGlassMetalWithEmissiveProbeAlpha
086381,LowGlassMetalWithEmissiveProbeEditor
086382,LowGlassMetalWithEmissiveProbeGeometry
086383,LowWeightedAlphaTestGlassMetalWithEmissiveProbeGeometry
086384,LowWeightedGlassMetalWithEmissiveProbe
086385,LowWeightedGlassMetalWithEmissiveProbeAlpha
086386,LowAlphaTestTextureBlendGeometry
086387,LowTextureBlend
086388,LowTextureBlendAlpha
08638A,LowTextureBlendEditor
08638C,LowTextureBlendGeometry
08638E,LowWeightedAlphaTestTextureBlendGeometry
08638F,LowWeightedTextureBlend
086390,LowWeightedTextureBlendAlpha
086393,LowWeightedTextureBlendEditor
086395,LowWeightedTextureBlendGeometry
0863E6,LowWeightedTextureBlendAndDecalEditor
0863E9,LowWeightedTextureBlendAndDecalGeometry
0863EA,LowAlphaTestTextureBlendAndDecalGeometry
0863EB,LowTextureBlendAndDecal
0863EC,LowTextureBlendAndDecalAlpha
0863EE,LowTextureBlendAndDecalEditor
0863EF,LowTextureBlendAndDecalGeometry
0863F0,LowWeightedAlphaTestTextureBlendAndDecalGeometry
0863F1,LowWeightedTextureBlendAndDecal
0863F2,LowWeightedTextureBlendAndDecalAlpha
0863F4,LowWeightedTextureBlendNormalEdgeEditor
0863F5,LowWeightedTextureBlendNormalEdgeGeometry
0863F6,LowAlphaTestTextureBlendNormalEdgeGeometry
0863F7,LowTextureBlendNormalEdge
0863F8,LowTextureBlendNormalEdgeAlpha
0863FA,LowTextureBlendNormalEdgeEditor
0863FB,LowTextureBlendNormalEdgeGeometry
0863FC,LowWeightedAlphaTestTextureBlendNormalEdgeGeometry
0863FD,LowWeightedTextureBlendNormalEdge
0863FE,LowWeightedTextureBlendNormalEdgeAlpha
086400,LowWeightedTextureEmissiveEditor
086401,LowWeightedTextureEmissiveGeometry
086402,LowAlphaTestTextureEmissiveGeometry
086403,LowTextureEmissive
086404,LowTextureEmissiveAlpha
086406,LowTextureEmissiveEditor
086407,LowTextureEmissiveGeometry
086408,LowWeightedAlphaTestTextureEmissiveGeometry
086409,LowWeightedTextureEmissive
08640A,LowWeightedTextureEmissiveAlpha
08640D,LowWeightedTextureEmissiveAlphaMaskEditor
08640E,LowWeightedTextureEmissiveAlphaMaskGeometry
08640F,LowAlphaTestTextureEmissiveAlphaMaskGeometry
086410,LowTextureEmissiveAlphaMask
086411,LowTextureEmissiveAlphaMaskAlpha
086413,LowTextureEmissiveAlphaMaskEditor
086414,LowTextureEmissiveAlphaMaskGeometry
086415,LowWeightedAlphaTestTextureEmissiveAlphaMaskGeometry
086416,LowWeightedTextureEmissiveAlphaMask
086417,LowWeightedTextureEmissiveAlphaMaskAlpha
086424,LowWeightedTrunkDot3Editor
086425,LowWeightedTrunkDot3Geometry
086426,LowAlphaTestTrunkDot3Geometry
086427,LowTrunkDot3
086428,LowTrunkDot3Alpha
08642A,LowTrunkDot3Editor
08642B,LowTrunkDot3Geometry
08642C,LowWeightedAlphaTestTrunkDot3Geometry
08642D,LowWeightedTrunkDot3
08642E,LowWeightedTrunkDot3Alpha
086449,LowWeightedVertexBlendEditor
08644A,LowWeightedVertexBlendGeometry
08644B,LowAlphaTestVertexBlendGeometry
08644C,LowVertexBlend
08644D,LowVertexBlendAlpha
08644F,LowVertexBlendEditor
086450,LowVertexBlendGeometry
086451,LowWeightedAlphaTestVertexBlendGeometry
086452,LowWeightedVertexBlend
086453,LowWeightedVertexBlendAlpha
086455,LowWeightedVertexBlendModifiedMaskEditor
086457,LowWeightedVertexBlendModifiedMaskGeometry
086458,LowAlphaTestVertexBlendModifiedMaskGeometry
086459,LowVertexBlendModifiedMask
08645A,LowVertexBlendModifiedMaskAlpha
08645C,LowVertexBlendModifiedMaskEditor
08645D,LowVertexBlendModifiedMaskGeometry
08645E,LowWeightedAlphaTestVertexBlendModifiedMaskGeometry
08645F,LowWeightedVertexBlendModifiedMask
086460,LowWeightedVertexBlendModifiedMaskAlpha
086462,LowWeightedRockEditor
086463,LowWeightedRockGeometry
086464,LowAlphaTestRockGeometry
086465,LowRock
086466,LowRockAlpha
086468,LowRockEditor
086469,LowRockGeometry
08646A,LowWeightedAlphaTestRockGeometry
08646B,LowWeightedRock
08646C,LowWeightedRockAlpha
08646D,LowStandardGeometry
08646E,LowWeightedAlphaTestStandardGeometry
08646F,LowWeightedStandard
086470,LowWeightedStandardAlpha
086472,LowWeightedStandardEditor
086473,LowWeightedStandardGeometry
086474,LowAlphaTestStandardGeometry
086475,LowStandard
086476,LowStandardAlpha
086478,LowStandardEditor
086609,LowWeightedDot3AlphaPhase
08660E,LowDot3AlphaPhase
08AE39,AlphaTestCharacterHardLight
08AE3B,AlphaTestCharacterReflect
08AE3D,LowAlphaTestCharacterHardLight
08AE3F,LowAlphaTestCharacterReflect
08AE41,LowWeightedAlphaTestCharacterHardLight
08AE43,LowWeightedAlphaTestCharacterReflect
08AE45,WeightedAlphaTestCharacterHardLight
08AE47,WeightedAlphaTestCharacterReflect
08AFBF,AlphaTestCharacterEmissive
08AFC1,AlphaTestCharacterEmissiveGeometry
08AFC2,CharacterEmissive
08AFC3,CharacterEmissiveAlpha
08AFC5,CharacterEmissiveEditor
08AFC6,CharacterEmissiveGeometry
08AFC7,LowAlphaTestCharacterEmissive
08AFC9,LowAlphaTestCharacterEmissiveGeometry
08AFCA,LowCharacterEmissive
08AFCB,LowCharacterEmissiveAlpha
08AFCD,LowCharacterEmissiveEditor
08AFCE,LowCharacterEmissiveGeometry
08AFCF,LowWeightedAlphaTestCharacterEmissive
08AFD1,LowWeightedAlphaTestCharacterEmissiveGeometry
08AFD2,LowWeightedCharacterEmissive
08AFD3,LowWeightedCharacterEmissiveAlpha
08AFD5,LowWeightedCharacterEmissiveEditor
08AFD6,LowWeightedCharacterEmissiveGeometry
08AFD7,WeightedAlphaTestCharacterEmissive
08AFD9,WeightedAlphaTestCharacterEmissiveGeometry
08AFDA,WeightedCharacterEmissive
08AFDB,WeightedCharacterEmissiveAlpha
08AFDD,WeightedCharacterEmissiveEditor
08AFDE,WeightedCharacterEmissiveGeometry
08D0E2,bink_alpha
08D0E3,bink
08DC2B,StealthAlpha
08DC2C,StealthDistortion
08DC2D,WeightedStealthAlpha
08DC2E,WeightedStealthDistortion
08DF3D,WeightedStealth
08DF3E,Stealth
08F697,Crystal
08F698,CrystalAlpha
08F69A,CrystalEditor
08F69B,CrystalGeometry
08F69C,CystalSolid
08F69D,WeightedCrystalGeometry
08F69E,WeightedAlphaTestCrystalGeometry
08F69F,WeightedCrystal
08F6A0,WeightedCrystalAlpha
08F6A2,WeightedCrystalEditor
08F6A3,AlphaTestCrystalGeometry
094B1B,VertexBlendModifiedMaskEmissiveAlpha
094B1D,VertexBlendModifiedMaskEmissiveEditor
094B1E,VertexBlendModifiedMaskEmissiveGeometry
094B1F,WeightedAlphaTestVertexBlendModifiedMaskEmissiveGeometry
094B20,WeightedVertexBlendModifiedMaskEmissive
094B21,WeightedVertexBlendModifiedMaskEmissiveAlpha
094B23,WeightedVertexBlendModifiedMaskEmissiveEditor
094B24,WeightedVertexBlendModifiedMaskEmissiveGeometry
094B25,LowAlphaTestVertexBlendModifiedMaskEmissiveGeometry
094B26,LowVertexBlendModifiedMaskEmissive
094B27,LowVertexBlendModifiedMaskEmissiveAlpha
094B29,LowVertexBlendModifiedMaskEmissiveEditor
094B2A,LowVertexBlendModifiedMaskEmissiveGeometry
094B2B,LowWeightedAlphaTestVertexBlendModifiedMaskEmissiveGeometry
094B2C,LowWeightedVertexBlendModifiedMaskEmissive
094B2D,LowWeightedVertexBlendModifiedMaskEmissiveAlpha
094B2F,LowWeightedVertexBlendModifiedMaskEmissiveEditor
094B30,LowWeightedVertexBlendModifiedMaskEmissiveGeometry
094B33,AlphaTestVertexBlendModifiedMaskEmissiveGeometry
094B34,VertexBlendModifiedMaskEmissive
0991D2,AlphaTestDot3TintGeometry
0991D5,Dot3Tint
0991D6,Dot3TintAlpha
0991D8,Dot3TintEditor
0991D9,Dot3TintGeometry
0991DA,LowAlphaTestDot3TintGeometry
0991DB,LowDot3Tint
0991DC,LowDot3TintAlpha
0991DE,LowDot3TintEditor
0991DF,LowDot3TintGeometry
0991E1,LowWeightedAlphaTestDot3TintGeometry
0991E2,LowWeightedDot3Tint
0991E3,LowWeightedDot3TintAlpha
0991E5,LowWeightedDot3TintEditor
0991E6,LowWeightedDot3TintGeometry
0991E7,WeightedAlphaTestDot3TintGeometry
0991E8,WeightedDot3Tint
0991EB,WeightedDot3TintAlpha
0991F1,WeightedDot3TintEditor
0991F4,WeightedDot3TintGeometry
09C143,ParticleFogTransparentSoft
09D1DB,AlphaTestDot3_2UVsGeometry
09D1DC,Dot3_2UVs
09D1DD,Dot3_2UVsAlpha
09D1DF,Dot3_2UVsEditor
09D1E0,Dot3_2UVsGeometry
09D1E1,LowAlphaTestDot3_2UVsGeometry
09D1E2,LowDot3_2UVs
09D1E3,LowDot3_2UVsAlpha
09D1E5,LowDot3_2UVsEditor
09D1E6,LowDot3_2UVsGeometry
09D1E7,LowWeightedAlphaTestDot3_2UVsGeometry
09D1E8,LowWeightedDot3_2UVs
09D1E9,LowWeightedDot3_2UVsAlpha
09D1EB,LowWeightedDot3_2UVsEditor
09D1EC,LowWeightedDot3_2UVsGeometry
09D1ED,WeightedAlphaTestDot3_2UVsGeometry
09D1EE,WeightedDot3_2UVs
09D1EF,WeightedDot3_2UVsAlpha
09D1F1,WeightedDot3_2UVsEditor
09D1F2,WeightedDot3_2UVsGeometry
09D9E4,ReckoningVelocity
09E893,CharacterHead
09E894,AlphaTestCharacterHeadGeometry
09E895,CharacterHeadAlpha
09E897,CharacterHeadEditor
09E898,CharacterHeadGeometry
09E899,LowAlphaTestCharacterHeadGeometry
09E89A,LowCharacterHead
09E89B,LowCharacterHeadAlpha
09E89D,LowCharacterHeadEditor
09E89E,LowCharacterHeadGeometry
09E89F,LowWeightedAlphaTestCharacterHeadGeometry
09E8A0,LowWeightedCharacterHead
09E8A1,LowWeightedCharacterHeadAlpha
09E8A3,LowWeightedCharacterHeadEditor
09E8A4,LowWeightedCharacterHeadGeometry
09E8A5,WeightedAlphaTestCharacterHeadGeometry
09E8A6,WeightedCharacterHead
09E8A7,WeightedCharacterHeadAlpha
09E8AE,WeightedCharacterHeadEditor
09E8B2,WeightedCharacterHeadGeometry
09E8BE,AlphaTestCharacterSkinGeometry
09E8BF,CharacterSkin
09E8C0,CharacterSkinAlpha
09E8C2,CharacterSkinEditor
09E8C3,CharacterSkinGeometry
09E8C4,LowAlphaTestCharacterSkinGeometry
09E8C6,LowCharacterSkin
09E8C7,LowCharacterSkinAlpha
09E8C9,LowCharacterSkinEditor
09E8CA,LowCharacterSkinGeometry
09E8CB,LowWeightedAlphaTestCharacterSkinGeometry
09E8CC,LowWeightedCharacterSkin
09E8CD,LowWeightedCharacterSkinAlpha
09E8CF,LowWeightedCharacterSkinEditor
09E8D0,LowWeightedCharacterSkinGeometry
09E8D1,WeightedAlphaTestCharacterSkinGeometry
09E8D2,WeightedCharacterSkin
09E8D3,WeightedCharacterSkinAlpha
09E8D5,WeightedCharacterSkinEditor
09E8D7,WeightedCharacterSkinGeometry
0A583C,DynamicDecalSolid
0A583D,DynamicDecalGeometryOverlay
0A5B38,AlphaTestDynamicDecalGeometryOverlay
0A9DD5,simple_texture_fog
0AFE67,LowWeightedCrystalGeometry
0AFE68,LowWeightedCrystalEditor
0AFE6A,LowWeightedCrystalAlpha
0AFE6B,LowWeightedCrystal
0AFE6D,LowWeightedAlphaTestCrystalGeometry
0AFE6F,LowCrystalGeometry
0AFE70,LowCrystalEditor
0AFE72,LowCrystalAlpha
0AFE73,LowCrystal
0AFE75,LowAlphaTestCrystalGeometry
0AFE9C,WeightedDisintegrateAlpha
0AFE9F,LowWeightedDisintegrateGeometry
0AFEA0,LowWeightedDisintegrateEditor
0AFEA2,LowWeightedDisintegrateAlpha
0AFEA3,LowWeightedDisintegrate
0AFEA5,LowWeightedAlphaTestDisintegrateGeometry
0AFEE3,LowWeightedTextureMultiplyMaskGeometry
0AFEE4,LowWeightedTextureMultiplyMaskEditor
0AFEE6,LowWeightedTextureMultiplyMaskAlpha
0AFEE7,LowWeightedTextureMultiplyMask
0AFEE9,LowWeightedAlphaTestTextureMultiplyMaskGeometry
0AFEEB,LowTextureMultiplyMaskGeometry
0AFEEC,LowTextureMultiplyMaskEditor
0AFEEE,LowTextureMultiplyMaskAlpha
0AFEEF,LowTextureMultiplyMask
0AFEF1,LowAlphaTestTextureMultiplyMaskGeometry
0B00DF,WeightedAlphaTestTextureMultiplyMaskGeometry
0B00E0,AlphaTestTextureMultiplyMaskGeometry
0B00E3,WeightedTextureMultiplyMaskGeometry
0B00E5,TextureMultiplyMaskGeometry
0B00E6,LowWeightedAlphaTestGlassMetalWithEmissiveGeometry
0B00E7,LowAlphaTestGlassMetalWithEmissiveGeometry
0B00E8,LowWeightedGlassMetalWithEmissiveEditor
0B00E9,LowWeightedGlassMetalWithEmissiveAlpha
0B00EA,LowWeightedGlassMetalWithEmissive
0B00EC,LowWeightedGlassMetalWithEmissiveGeometry
0B00ED,LowGlassMetalWithEmissiveAlpha
0B00EF,LowGlassMetalWithEmissive
0B00F3,LowGlassMetalWithEmissiveGeometry
0B00FA,LowGlassMetalWithEmissiveEditor
0B0F88,deferred_combine
0B1A00,4x_sky_dome_transition_deferred
0B1A01,sky_dome_deferred
0B1A02,sky_dome_transition_deferred
0B1AC8,geometry_simple_color
0B1AC9,geometry_simple_constant
0B1AD7,geometry_simple_normal
0B1AD8,geometry_simple_weighted_normal
0B1AEF,geometry_simple_normal_color
0B1AF0,geometry_simple_weighted_normal_color
0B2EE5,WeightedDisintegrate
0B2EE6,WeightedDisintegrateGeometry
0B3114,WeightedDisintegrateEditor
0B3115,WeightedAlphaTestDisintegrateGeometry
0B3116,AlphaTestDisintegrateGeometry
0B314B,WeightedDisintegrateDepth
0B314C,WeightedDisintegrateShadow
0B323C,WeightedDisintegrateAlpha2
0B3F85,geometry_flat
0B3F86,geometry_weightedflat
0B3FFA,CharacterHairAlpha
0B3FFC,CharacterHairEditor
0B4000,CharacterHairGeometry
0B4002,LowAlphaTestCharacterHairGeometry
0B4027,LowCharacterHair
0B4028,LowCharacterHairAlpha
0B402A,LowCharacterHairEditor
0B402B,LowCharacterHairGeometry
0B402D,LowWeightedAlphaTestCharacterHairGeometry
0B402F,LowWeightedCharacterHair
0B4030,LowWeightedCharacterHairAlpha
0B4032,LowWeightedCharacterHairEditor
0B4033,LowWeightedCharacterHairGeometry
0B4035,WeightedAlphaTestCharacterHairGeometry
0B4037,WeightedCharacterHair
0B4038,WeightedCharacterHairAlpha
0B403A,WeightedCharacterHairEditor
0B403B,WeightedCharacterHairGeometry
0B403D,AlphaTestCharacterHairGeometry
0B403F,CharacterHair
0B4237,LowAlphaTestCharacterEyeGeometry
0B4239,LowCharacterEye
0B423A,LowCharacterEyeAlpha
0B423C,LowCharacterEyeEditor
0B423D,LowCharacterEyeGeometry
0B423F,LowWeightedAlphaTestCharacterEyeGeometry
0B4241,LowWeightedCharacterEye
0B4242,LowWeightedCharacterEyeAlpha
0B4244,LowWeightedCharacterEyeEditor
0B4245,LowWeightedCharacterEyeGeometry
0B4248,WeightedAlphaTestCharacterEyeGeometry
0B424A,WeightedCharacterEye
0B424B,WeightedCharacterEyeAlpha
0B424D,WeightedCharacterEyeEditor
0B424E,WeightedCharacterEyeGeometry
0B4250,AlphaTestCharacterEyeGeometry
0B4252,CharacterEye
0B4253,CharacterEyeAlpha
0B4255,CharacterEyeEditor
0B428A,CharacterEyeGeometry
0B49C7,deferred_debug_depth
0B4E54,postproc_restorescene
0B55E7,deferred_debug_specular_lighting
0B55E8,deferred_debug_accumulation_buffer
0B55EA,deferred_debug_diffuse_buffer
0B55EB,deferred_debug_diffuse_lighting
0B55EC,deferred_debug_normals
0B55ED,deferred_debug_specular_buffer
0B55F9,deferred_debug_emissive_ambient_lighting
0BBF2C,DevOnlyCharacterHeadGeometry
0BBF2E,DevOnlyWeightedAlphaTestCharacterHeadGeometry
0BBF31,DevOnlyWeightedCharacterHeadGeometry
0BBF33,DevOnlyAlphaTestCharacterHeadGeometry
0BC87A,DevOnlyCharacterHairGeometry
0BC87C,DevOnlyWeightedAlphaTestCharacterHairGeometry
0BC87F,DevOnlyWeightedCharacterHairGeometry
0BC881,DevOnlyAlphaTestCharacterHairGeometry
0C2464,DevOnlyWeightedCharacterEyeGeometry
0C2466,DevOnlyAlphaTestCharacterEyeGeometry
0C2469,DevOnlyCharacterEyeGeometry
0C246B,DevOnlyWeightedAlphaTestCharacterEyeGeometry
0EF3F3,postproc_edge_downsample_depth
0FBA85,postproc_edge_downsample
11B343,postproc_edge_final_combine
130D00,postproc_edge_upsample
133BB0,minimap
137F50,TerrainSolidPVS
138897,postproc_color_correction
13BCBD,postproc_color_correction_blend2
13BCBF,postproc_color_correction_blend4
13DF8A,postproc_edge_bloom_composite_color_correction
13DF8C,EmissiveDynamicDecalGeometryOverlay
13DF8D,EmissiveDynamicDecalSolid
13DF8E,AlphaTestEmissiveDynamicDecalGeometryOverlay
13ED02,StaticDecalSolid
13ED03,AlphaTestEmissiveStaticDecalMaterialOverlay
13ED04,AlphaTestStaticDecalMaterialOverlay
13ED05,EmissiveStaticDecalMaterialOverlay
13ED06,EmissiveStaticDecalSolid
13ED07,StaticDecalMaterialOverlay
140B4A,simple_texture_desaturate
1493CC,DevOnlyCharacterSkinGeometry
1493CE,DevOnlyWeightedAlphaTestCharacterSkinGeometry
1493D1,DevOnlyWeightedCharacterSkinGeometry
1493D3,DevOnlyAlphaTestCharacterSkinGeometry
14C2C3,AlphaTestNormalMappedFlipBookGeometry
14C2C4,NormalMappedFlipBook
14C2C5,NormalMappedFlipBookAlpha
14C2C7,NormalMappedFlipBookEditor
14C2C8,NormalMappedFlipBookGeometry
14C2C9,AlphaTestNormalMappedFlipBookShadow
1606F2,PointLightSheetNoSpec
1606F3,PointLightSheet4NoSpecOptimized
162ABF,RuntimeDistantTerrainSolidGeometry
162AC0,RuntimeDistantTerrainSolidEditor
163F6A,Ghostly
163F6B,GhostlyGeometry
163F6C,LowAlphaTestGhostlyGeometry
163F6D,LowGhostly
163F6E,LowGhostlyAlpha
163F6F,LowGhostlyEditor
163F70,LowGhostlyGeometry
163F71,LowWeightedAlphaTestGhostlyGeometry
163F72,LowWeightedGhostly
163F73,LowWeightedGhostlyAlpha
163F74,LowWeightedGhostlyEditor
163F75,LowWeightedGhostlyGeometry
163F76,WeightedAlphaTestGhostlyGeometry
163F77,WeightedGhostly
163F78,WeightedGhostlyAlpha
163F79,WeightedGhostlyEditor
163F7A,WeightedGhostlyGeometry
163F7B,AlphaTestGhostlyGeometry
163F7C,GhostlyAlpha
163F7D,GhostlyEditor
167A17,deferred_combine_luminance
168493,postproc_distort_fog
181E77,shadow_apply_pc_hardware_3
181E78,shadow_apply_pc_hardware_0
181E79,shadow_apply_pc_hardware_1
181E7A,shadow_apply_pc_hardware_2
1876E2,WeightedStealthSkin
1876E3,WeightedStealthHair
1876F4,WeightedStealthHairAlpha
1876F5,WeightedStealthSkinAlpha
187720,StealthHairAlpha
187721,StealthSkin
187723,StealthSkinAlpha
187724,StealthHair
18BBB5,DistortionBufferWriteCombined
18BBB6,WeightedDistortionBufferWriteCombined
18BFC6,postproc_portrait_bloom_color_correction
19A508,AlphaTestCrystalGeometryDissolve
19A561,WeightedGlassMetalWithEmissiveProbeGeometryDissolve
19A563,WeightedAlphaTestGlassMetalWithEmissiveProbeGeometryDissolve
19A564,LowWeightedGlassMetalWithEmissiveProbeGeometryDissolve
19A565,LowWeightedAlphaTestGlassMetalWithEmissiveProbeGeometryDissolve
19A566,LowGlassMetalWithEmissiveProbeGeometryDissolve
19A567,LowAlphaTestGlassMetalWithEmissiveProbeGeometryDissolve
19A56A,GlassMetalWithEmissiveProbeGeometryDissolve
19A56B,AlphaTestGlassMetalWithEmissiveProbeGeometryDissolve
19A56C,WeightedGlassMetalWithEmissiveGeometryDissolve
19A56D,WeightedAlphaTestGlassMetalWithEmissiveGeometryDissolve
19A56E,LowWeightedGlassMetalWithEmissiveGeometryDissolve
19A56F,LowWeightedAlphaTestGlassMetalWithEmissiveGeometryDissolve
19A571,LowGlassMetalWithEmissiveGeometryDissolve
19A572,LowAlphaTestGlassMetalWithEmissiveGeometryDissolve
19A573,GlassMetalWithEmissiveGeometryDissolve
19A575,AlphaTestGlassMetalWithEmissiveGeometryDissolve
19A577,WeightedGlassMetalProbeGeometryDissolve
19A578,WeightedAlphaTestGlassMetalProbeGeometryDissolve
19A579,LowWeightedGlassMetalProbeGeometryDissolve
19A57B,LowWeightedAlphaTestGlassMetalProbeGeometryDissolve
19A57D,LowGlassMetalProbeGeometryDissolve
19A57E,LowAlphaTestGlassMetalProbeGeometryDissolve
19A57F,GlassMetalProbeGeometryDissolve
19A581,AlphaTestGlassMetalProbeGeometryDissolve
19A582,WeightedGlassMetalGeometryDissolve
19A584,WeightedAlphaTestGlassMetalGeometryDissolve
19A585,LowWeightedGlassMetalGeometryDissolve
19A586,LowWeightedAlphaTestGlassMetalGeometryDissolve
19A587,LowGlassMetalGeometryDissolve
19A588,LowAlphaTestGlassMetalGeometryDissolve
19A589,GlassMetalGeometryDissolve
19A58A,AlphaTestGlassMetalGeometryDissolve
19A58B,WeightedGhostlyGeometryDissolve
19A58C,WeightedAlphaTestGhostlyGeometryDissolve
19A593,LowWeightedGhostlyGeometryDissolve
19A594,LowWeightedAlphaTestGhostlyGeometryDissolve
19A595,LowGhostlyGeometryDissolve
19A596,LowAlphaTestGhostlyGeometryDissolve
19A597,GhostlyGeometryDissolve
19A598,AlphaTestGhostlyGeometryDissolve
19A599,WeightedFresnelGlassMetalProbeGeometryDissolve
19A59A,WeightedAlphaTestFresnelGlassMetalProbeGeometryDissolve
19A59B,LowWeightedFresnelGlassMetalProbeGeometryDissolve
19A59C,LowWeightedAlphaTestFresnelGlassMetalProbeGeometryDissolve
19A59D,LowFresnelGlassMetalProbeGeometryDissolve
19A59E,LowAlphaTestFresnelGlassMetalProbeGeometryDissolve
19A59F,FresnelGlassMetalProbeGeometryDissolve
19A5A0,AlphaTestFresnelGlassMetalProbeGeometryDissolve
19A5A1,WeightedFresnelGlassMetalGeometryDissolve
19A5A2,WeightedAlphaTestFresnelGlassMetalGeometryDissolve
19A5A3,LowWeightedFresnelGlassMetalGeometryDissolve
19A5A4,LowWeightedAlphaTestFresnelGlassMetalGeometryDissolve
19A5A5,LowFresnelGlassMetalGeometryDissolve
19A5A6,LowAlphaTestFresnelGlassMetalGeometryDissolve
19A5A7,FresnelGlassMetalGeometryDissolve
19A5A8,AlphaTestFresnelGlassMetalGeometryDissolve
19A5A9,WeightedDot3TintGeometryDissolve
19A5AA,WeightedAlphaTestDot3TintGeometryDissolve
19A5AB,LowWeightedDot3TintGeometryDissolve
19A5AC,LowWeightedAlphaTestDot3TintGeometryDissolve
19A5AD,LowDot3TintGeometryDissolve
19A5AF,LowAlphaTestDot3TintGeometryDissolve
19A5B1,Dot3TintGeometryDissolve
19A5B2,AlphaTestDot3TintGeometryDissolve
19A5B3,WeightedDot3_2UVsGeometryDissolve
19A5B4,WeightedAlphaTestDot3_2UVsGeometryDissolve
19A5B5,LowWeightedDot3_2UVsGeometryDissolve
19A5B6,LowWeightedAlphaTestDot3_2UVsGeometryDissolve
19A5B7,LowDot3_2UVsGeometryDissolve
19A5B8,LowAlphaTestDot3_2UVsGeometryDissolve
19A5B9,Dot3_2UVsGeometryDissolve
19A5BA,AlphaTestDot3_2UVsGeometryDissolve
19A5BB,WeightedDot3OffsetGeometryDissolve
19A5BC,WeightedDot3GeometryDissolve
19A5BD,WeightedAlphaTestDot3OffsetGeometryDissolve
19A5BE,WeightedAlphaTestDot3GeometryDissolve
19A5BF,LowWeightedDot3OffsetGeometryDissolve
19A5C0,LowWeightedDot3GeometryDissolve
19A5C1,LowWeightedAlphaTestDot3OffsetGeometryDissolve
19A5C4,LowWeightedAlphaTestDot3GeometryDissolve
19A5C5,LowDot3OffsetGeometryDissolve
19A5C6,LowDot3GeometryDissolve
19A5C7,LowAlphaTestDot3OffsetGeometryDissolve
19A5C8,LowAlphaTestDot3GeometryDissolve
19A5C9,Dot3OffsetGeometryDissolve
19A5CA,Dot3GeometryDissolve
19A5CB,AlphaTestDot3OffsetGeometryDissolve
19A5CC,AlphaTestDot3GeometryDissolve
19A5CD,WeightedDiffuseBlendEmissiveGeometryDissolve
19A5D0,WeightedAlphaTestDiffuseBlendEmissiveGeometryDissolve
19A5D1,LowWeightedDiffuseBlendEmissiveGeometryDissolve
19A5D2,LowWeightedAlphaTestDiffuseBlendEmissiveGeometryDissolve
19A5D3,LowDiffuseBlendEmissiveGeometryDissolve
19A5D4,LowAlphaTestDiffuseBlendEmissiveGeometryDissolve
19A5D5,DiffuseBlendEmissiveGeometryDissolve
19A5D6,AlphaTestDiffuseBlendEmissiveGeometryDissolve
19A5D7,WeightedDetailNormalGeometryDissolve
19A5D8,WeightedAlphaTestDetailNormalGeometryDissolve
19A5D9,LowWeightedDetailNormalGeometryDissolve
19A5DA,LowWeightedAlphaTestDetailNormalGeometryDissolve
19A5DB,LowDetailNormalGeometryDissolve
19A5DC,LowAlphaTestDetailNormalGeometryDissolve
19A5DD,DetailNormalGeometryDissolve
19A5DE,AlphaTestDetailNormalGeometryDissolve
19A5DF,WeightedCrystalGeometryDissolve
19A5E0,WeightedAlphaTestCrystalGeometryDissolve
19A5E1,LowWeightedCrystalGeometryDissolve
19A5E2,LowWeightedAlphaTestCrystalGeometryDissolve
19A5E3,LowCrystalGeometryDissolve
19A5E4,LowAlphaTestCrystalGeometryDissolve
19A5E5,CrystalGeometryDissolve
19A5E6,WeightedRockGeometryDissolve
19A5E7,WeightedAlphaTestRockGeometryDissolve
19A5E8,RockGeometryDissolve
19A5E9,LowWeightedRockGeometryDissolve
19A5EA,LowWeightedAlphaTestRockGeometryDissolve
19A5EB,LowRockGeometryDissolve
19A5EC,LowAlphaTestRockGeometryDissolve
19A5ED,AlphaTestRockGeometryDissolve
19A5EE,WeightedTextureMultiplyMaskGeometryDissolve
19A5EF,WeightedAlphaTestTextureMultiplyMaskGeometryDissolve
19A5F0,TextureMultiplyMaskGeometryDissolve
19A5F2,LowWeightedTextureMultiplyMaskGeometryDissolve
19A5F4,LowWeightedAlphaTestTextureMultiplyMaskGeometryDissolve
19A5F5,LowTextureMultiplyMaskGeometryDissolve
19A5F6,LowAlphaTestTextureMultiplyMaskGeometryDissolve
19A5F7,AlphaTestTextureMultiplyMaskGeometryDissolve
19A5FB,WeightedTextureEmissiveAlphaMaskGeometryDissolve
19A608,WeightedAlphaTestTextureEmissiveAlphaMaskGeometryDissolve
19A609,TextureEmissiveAlphaMaskGeometryDissolve
19A60A,LowWeightedTextureEmissiveAlphaMaskGeometryDissolve
19A60B,LowWeightedAlphaTestTextureEmissiveAlphaMaskGeometryDissolve
19A60C,LowTextureEmissiveAlphaMaskGeometryDissolve
19A60D,LowAlphaTestTextureEmissiveAlphaMaskGeometryDissolve
19A60E,AlphaTestTextureEmissiveAlphaMaskGeometryDissolve
19A60F,WeightedTextureEmissiveGeometryDissolve
19A610,WeightedAlphaTestTextureEmissiveGeometryDissolve
19A611,TextureEmissiveGeometryDissolve
19A612,LowWeightedTextureEmissiveGeometryDissolve
19A613,LowWeightedAlphaTestTextureEmissiveGeometryDissolve
19A614,LowTextureEmissiveGeometryDissolve
19A615,LowAlphaTestTextureEmissiveGeometryDissolve
19A616,AlphaTestTextureEmissiveGeometryDissolve
19A617,WeightedTextureBlendNormalEdgeGeometryDissolve
19A618,WeightedAlphaTestTextureBlendNormalEdgeGeometryDissolve
19A619,TextureBlendNormalEdgeGeometryDissolve
19A61A,LowWeightedTextureBlendNormalEdgeGeometryDissolve
19A61B,LowWeightedAlphaTestTextureBlendNormalEdgeGeometryDissolve
19A61C,LowTextureBlendNormalEdgeGeometryDissolve
19A61D,LowAlphaTestTextureBlendNormalEdgeGeometryDissolve
19A61E,AlphaTestTextureBlendNormalEdgeGeometryDissolve
19A61F,WeightedTextureBlendAndDecalGeometryDissolve
19A623,WeightedAlphaTestTextureBlendAndDecalGeometryDissolve
19A624,TextureBlendAndDecalGeometryDissolve
19A625,LowWeightedTextureBlendAndDecalGeometryDissolve
19A626,LowWeightedAlphaTestTextureBlendAndDecalGeometryDissolve
19A627,LowTextureBlendAndDecalGeometryDissolve
19A628,LowAlphaTestTextureBlendAndDecalGeometryDissolve
19A629,AlphaTestTextureBlendAndDecalGeometryDissolve
19A62E,WeightedTextureBlendGeometryDissolve
19A62F,WeightedAlphaTestTextureBlendGeometryDissolve
19A630,TextureBlendGeometryDissolve
19A631,LowWeightedTextureBlendGeometryDissolve
19A632,LowWeightedAlphaTestTextureBlendGeometryDissolve
19A633,LowTextureBlendGeometryDissolve
19A634,LowAlphaTestTextureBlendGeometryDissolve
19A635,AlphaTestTextureBlendGeometryDissolve
19A64E,RiverGeometryDissolve
19A650,AlphaTestRiverGeometryDissolve
19A652,WeightedVertexBlendModifiedMaskGeometryDissolve
19A653,WeightedAlphaTestVertexBlendModifiedMaskGeometryDissolve
19A654,VertexBlendModifiedMaskGeometryDissolve
19A655,LowWeightedVertexBlendModifiedMaskGeometryDissolve
19A656,LowWeightedAlphaTestVertexBlendModifiedMaskGeometryDissolve
19A657,LowVertexBlendModifiedMaskGeometryDissolve
19A658,LowAlphaTestVertexBlendModifiedMaskGeometryDissolve
19A659,AlphaTestVertexBlendModifiedMaskGeometryDissolve
19A65B,WeightedVertexBlendGeometryDissolve
19A65C,WeightedAlphaTestVertexBlendGeometryDissolve
19A65D,VertexBlendGeometryDissolve
19A65E,LowWeightedVertexBlendGeometryDissolve
19A65F,LowWeightedAlphaTestVertexBlendGeometryDissolve
19A660,LowVertexBlendGeometryDissolve
19A661,LowAlphaTestVertexBlendGeometryDissolve
19A662,AlphaTestVertexBlendGeometryDissolve
19A8A9,TreeLeafGeometryDissolve
19A8AA,AlphaTestTreeLeafGeometryDissolve
19A919,WeightedTrunkDot3GeometryDissolve
19A91A,WeightedAlphaTestTrunkDot3GeometryDissolve
19A91B,TrunkDot3GeometryDissolve
19A91C,LowWeightedTrunkDot3GeometryDissolve
19A91D,LowWeightedAlphaTestTrunkDot3GeometryDissolve
19A91E,LowTrunkDot3GeometryDissolve
19A91F,LowAlphaTestTrunkDot3GeometryDissolve
19A925,AlphaTestTrunkDot3GeometryDissolve
19A943,WeightedVertexBlendModifiedMaskEmissiveGeometryDissolve
19A944,WeightedAlphaTestVertexBlendModifiedMaskEmissiveGeometryDissolve
19A945,VertexBlendModifiedMaskEmissiveGeometryDissolve
19A946,LowWeightedVertexBlendModifiedMaskEmissiveGeometryDissolve
19A947,LowWeightedAlphaTestVertexBlendModifiedMaskEmissiveGeometryDissolve
19A948,LowVertexBlendModifiedMaskEmissiveGeometryDissolve
19A949,LowAlphaTestVertexBlendModifiedMaskEmissiveGeometryDissolve
19A94A,AlphaTestVertexBlendModifiedMaskEmissiveGeometryDissolve
19BAF4,Dot3WithAlphaAlpha
19BAF5,Dot3WithAlphaEditor
19BAF6,Dot3WithAlphaGeometry
19BAF7,Dot3WithAlphaGeometryDissolve
19BAF8,LowAlphaTestDot3WithAlphaGeometry
19BAF9,LowAlphaTestDot3WithAlphaGeometryDissolve
19BAFA,LowDot3WithAlpha
19BAFB,LowDot3WithAlphaAlpha
19BAFC,LowDot3WithAlphaEditor
19BAFD,LowDot3WithAlphaGeometry
19BAFE,LowDot3WithAlphaGeometryDissolve
19BAFF,LowWeightedAlphaTestDot3WithAlphaGeometry
19BB00,LowWeightedAlphaTestDot3WithAlphaGeometryDissolve
19BB01,LowWeightedDot3WithAlpha
19BB02,LowWeightedDot3WithAlphaAlpha
19BB03,LowWeightedDot3WithAlphaEditor
19BB05,LowWeightedDot3WithAlphaGeometry
19BB06,LowWeightedDot3WithAlphaGeometryDissolve
19BB07,WeightedAlphaTestDot3WithAlphaGeometry
19BB08,WeightedAlphaTestDot3WithAlphaGeometryDissolve
19BB09,WeightedDot3WithAlpha
19BB0A,WeightedDot3WithAlphaAlpha
19BB0B,WeightedDot3WithAlphaEditor
19BB0C,WeightedDot3WithAlphaGeometry
19BB0D,WeightedDot3WithAlphaGeometryDissolve
19BB0E,AlphaTestDot3WithAlphaGeometry
19BB0F,AlphaTestDot3WithAlphaGeometryDissolve
19BB10,Dot3WithAlpha
19BBB2,WeightedAlphaTestCharacterHeadGeometryDissolve
19BBB3,LowWeightedCharacterHeadGeometryDissolve
19BBB4,LowWeightedAlphaTestCharacterHeadGeometryDissolve
19BBB5,LowCharacterHeadGeometryDissolve
19BBB6,LowAlphaTestCharacterHeadGeometryDissolve
19BBB7,CharacterHeadGeometryDissolve
19BBB8,AlphaTestCharacterHeadGeometryDissolve
19BBB9,WeightedCharacterHeadGeometryDissolve
19BBF3,postproc_downsample_depth_to_depth_stencil
19BC3E,WeightedAlphaTestCharacterHairGeometryDissolve
19BC3F,WeightedCharacterHairGeometryDissolve
19BC40,AlphaTestCharacterHairGeometryDissolve
19BC41,CharacterHairGeometryDissolve
19BC42,LowAlphaTestCharacterHairGeometryDissolve
19BC43,LowCharacterHairGeometryDissolve
19BC44,LowWeightedAlphaTestCharacterHairGeometryDissolve
19BC45,LowWeightedCharacterHairGeometryDissolve
19BC46,WeightedCharacterEmissiveGeometryDissolve
19BC47,WeightedCharacterHardLightGeometryDissolve
19BC48,WeightedCharacterReflectGeometryDissolve
19BC49,AlphaTestCharacterEmissiveGeometryDissolve
19BC4A,AlphaTestCharacterHardLightGeometryDissolve
19BC4B,AlphaTestCharacterReflectGeometryDissolve
19BC4C,CharacterEmissiveGeometryDissolve
19BC4D,CharacterHardLightGeometryDissolve
19BC4E,LowAlphaTestCharacterEmissiveGeometryDissolve
19BC50,LowAlphaTestCharacterHardLightGeometryDissolve
19BC51,LowAlphaTestCharacterReflectGeometryDissolve
19BC53,LowCharacterEmissiveGeometryDissolve
19BC55,LowCharacterHardLightGeometryDissolve
19BC56,LowCharacterReflectGeometryDissolve
19BC57,LowWeightedAlphaTestCharacterEmissiveGeometryDissolve
19BC58,LowWeightedAlphaTestCharacterHardLightGeometryDissolve
19BC59,LowWeightedAlphaTestCharacterReflectGeometryDissolve
19BC5A,LowWeightedCharacterEmissiveGeometryDissolve
19BC5B,LowWeightedCharacterHardLightGeometryDissolve
19BC5C,LowWeightedCharacterReflectGeometryDissolve
19BC5D,WeightedAlphaTestCharacterEmissiveGeometryDissolve
19BC5E,WeightedAlphaTestCharacterHardLightGeometryDissolve
19BC5F,WeightedAlphaTestCharacterReflectGeometryDissolve
19BC72,WeightedAlphaTestCharacterEyeGeometryDissolve
19BC73,WeightedCharacterEyeGeometryDissolve
19BC74,AlphaTestCharacterEyeGeometryDissolve
19BC75,CharacterEyeGeometryDissolve
19BC76,LowAlphaTestCharacterEyeGeometryDissolve
19BC78,LowCharacterEyeGeometryDissolve
19BC79,LowWeightedAlphaTestCharacterEyeGeometryDissolve
19BC7A,LowWeightedCharacterEyeGeometryDissolve
19BC7E,WeightedAlphaTestCharacterSkinGeometryDissolve
19BC7F,WeightedCharacterSkinGeometryDissolve
19BC80,AlphaTestCharacterSkinGeometryDissolve
19BC81,CharacterSkinGeometryDissolve
19BC82,LowAlphaTestCharacterSkinGeometryDissolve
19BC83,LowCharacterSkinGeometryDissolve
19BC84,LowWeightedAlphaTestCharacterSkinGeometryDissolve
19BC85,LowWeightedCharacterSkinGeometryDissolve
19BC94,CharacterReflectGeometryDissolve
19BCA6,WeightedScrollingEmissiveGeometryDissolve
19BCA8,WeightedAlphaTestScrollingEmissiveGeometryDissolve
19BCA9,ScrollingEmissiveGeometryDissolve
19BCAA,LowWeightedScrollingEmissiveGeometryDissolve
19BCAB,LowWeightedScrollingEmissiveGeometry
19BCAC,LowWeightedScrollingEmissiveEditor
19BCAD,LowWeightedScrollingEmissiveAlpha
19BCAE,LowWeightedScrollingEmissive
19BCAF,LowWeightedAlphaTestScrollingEmissiveGeometryDissolve
19BCB0,LowWeightedAlphaTestScrollingEmissiveGeometry
19BCB1,LowScrollingEmissiveGeometryDissolve
19BCB2,LowScrollingEmissiveGeometry
19BCB3,LowScrollingEmissiveEditor
19BCB4,LowScrollingEmissiveAlpha
19BCB5,LowScrollingEmissive
19BCB6,LowAlphaTestScrollingEmissiveGeometryDissolve
19BCB7,LowAlphaTestScrollingEmissiveGeometry
19BCB8,AlphaTestScrollingEmissiveGeometryDissolve
19BCF0,WeightedScrollingWaterfallGeometryDissolve
19BCF1,WeightedAlphaTestScrollingWaterfallGeometryDissolve
19BCF2,ScrollingWaterfallGeometryDissolve
19BCF3,LowWeightedScrollingWaterfallGeometryDissolve
19BCF4,LowWeightedScrollingWaterfallGeometry
19BCF5,LowWeightedScrollingWaterfallEditor
19BCF7,LowWeightedScrollingWaterfallAlpha
19BCF8,LowWeightedScrollingWaterfall
19BCF9,LowWeightedAlphaTestScrollingWaterfallGeometryDissolve
19BCFA,LowWeightedAlphaTestScrollingWaterfallGeometry
19BCFB,LowScrollingWaterfallGeometryDissolve
19BCFC,LowScrollingWaterfallGeometry
19BCFD,LowScrollingWaterfallEditor
19BCFE,LowScrollingWaterfallAlpha
19BCFF,LowScrollingWaterfall
19BD00,LowAlphaTestScrollingWaterfallGeometryDissolve
19BD01,LowAlphaTestScrollingWaterfallGeometry
19BD02,AlphaTestScrollingWaterfallGeometryDissolve
19D10D,AlphaTestVeggieCheapGeometryDissolve
19D10E,VeggieCheapGeometryDissolve
19DB39,postproc_upsample_offscreen_alpha
19DDE2,CharacterFaeHairEditor
19DDE4,CharacterFaeHairGeometry
19DDE5,LowAlphaTestCharacterFaeHairGeometry
19DDE6,LowCharacterFaeHair
19DDE7,LowCharacterFaeHairAlpha
19DDE8,LowCharacterFaeHairEditor
19DDE9,LowCharacterFaeHairGeometry
19DDEA,LowWeightedAlphaTestCharacterFaeHairGeometry
19DDEB,LowWeightedCharacterFaeHairAlpha
19DDEC,LowWeightedCharacterFaeHairEditor
19DDED,LowWeightedCharacterFaeHairGeometry
19DDEE,WeightedAlphaTestCharacterFaeHairGeometry
19DDEF,WeightedCharacterFaeHair
19DDF0,WeightedCharacterFaeHairAlpha
19DDF1,WeightedCharacterFaeHairEditor
19DDF2,WeightedCharacterFaeHairGeometry
19DDF3,AlphaTestCharacterFaeHairGeometry
19DDF4,CharacterFaeHair
19DDF5,CharacterFaeHairAlpha
19DDF8,LowWeightedCharacterFaeHair
19DE03,DevOnlyAlphaTestCharacterFaeHairGeometry
19DE04,DevOnlyCharacterFaeHairGeometry
19DE05,DevOnlyWeightedAlphaTestCharacterFaeHairGeometry
19DE07,DevOnlyWeightedCharacterFaeHairGeometry
19E144,AlphaTestCharacterFaeHairGeometryDissolve
19E146,CharacterFaeHairGeometryDissolve
19E147,LowAlphaTestCharacterFaeHairGeometryDissolve
19E148,LowCharacterFaeHairGeometryDissolve
19E149,LowWeightedAlphaTestCharacterFaeHairGeometryDissolve
19E14A,LowWeightedCharacterFaeHairGeometryDissolve
19E14B,WeightedAlphaTestCharacterFaeHairGeometryDissolve
19E14C,WeightedCharacterFaeHairGeometryDissolve
19FA22,xbox360_color_correction_resolve
1A1F33,LowWeightedSplash
1A1F34,LowWeightedSplashAlpha
1A1F35,LowWeightedSplashEditor
1A1F36,LowWeightedSplashGeometry
1A1F37,LowWeightedSplashGeometryDissolve
1A1F38,Splash
1A1F39,SplashAlpha
1A1F3A,SplashEditor
1A1F3B,SplashGeometry
1A1F3C,SplashGeometryDissolve
1A1F3D,WeightedAlphaTestSplashGeometry
1A1F3E,WeightedAlphaTestSplashGeometryDissolve
1A1F3F,WeightedSplash
1A1F40,WeightedSplashAlpha
1A1F41,WeightedSplashEditor
1A1F42,WeightedSplashGeometry
1A1F43,WeightedSplashGeometryDissolve
1A1F44,AlphaTestSplashGeometry
1A1F45,AlphaTestSplashGeometryDissolve
1A1F46,LowAlphaTestSplashGeometry
1A1F47,LowAlphaTestSplashGeometryDissolve
1A1F49,LowSplash
1A1F4A,LowSplashAlpha
1A1F4B,LowSplashEditor
1A1F4C,LowSplashGeometry
1A1F4D,LowSplashGeometryDissolve
1A1F4E,LowWeightedAlphaTestSplashGeometry
1A1F4F,LowWeightedAlphaTestSplashGeometryDissolve
1A3028,alpha_test_shadow_tree_leaf
1A33C6,AlphaTestWeightedDisintegrateShadow
1A33C7,AlphaTestDisintegrateShadow
1B216F,PointLightSheet8Optimized
1B23BD,PointLightSheet8NoSpecOptimized
1B5992,AlphaTestRuntimeVeggieCheapGeometryDissolve
1C9904,RiverNoPointLightsEditor
1C990B,RiverNoPointLightsGeometry
1C990C,AlphaTestRiverNoPointLightsGeometry
1C990D,RiverNoPointLights
1C990E,RiverNoPointLightsAlpha
1D1C2C,TerrainDepth
1D789B,color_correction_merge
1D91E5,ui_portrait
1D9CE5,FXAA
1DA3CA,postproc_simple_color_correction
1EA1FD,VeggieEmissiveGeometry
1EA1FE,VeggieEmissiveGeometryDissolve
1EA1FF,AlphaTestVeggieEmissiveGeometry
1EA200,AlphaTestVeggieEmissiveGeometryDissolve
1EA201,VeggieEmissive
1EA202,VeggieEmissiveEditor
