id,value
089404,Weapon_Chakram
089405,Shield_Talisman
089407,Might_Harpoon
089408,Shield_Buckler
089409,Shield_Kite
08940D,Finesse_PoisonBomb
089418,Finesse_Inocculation
08941B,Weapon_Dagger
089426,Weapon_Staff
089428,Magic_Teleport
08942C,Sorcery_Summon
08943A,Sorcery_Meteor
08943E,Sorcery_IceBarrage
089451,Sorcery_SphereOfReprisal
089453,Sorcery_Smolder
089454,Sorcery_ChainLightning
089456,Sorcery_SphereOfRetribution
089458,Sorcery_SummonUpgrade1
089460,Finesse_IcyExplosion
089462,Finesse_MysteriousToxins
089465,Finesse_ParalyticPoisons
08946D,Sorcery_Frostshackle
08946E,Sorcery_ConservativeCasting
089471,Finesse_BarbedArrows
089472,Finesse_Execution
089474,Finesse_Scattershot
089475,Finesse_EnduringAgony
089476,Finesse_AssassinsArt
089477,Finesse_Drawpower
08947A,Sorcery_HealingSurge
08947B,Sorcery_ChakramMastery
08947C,Finesse_LongbowMastery
08948E,Might_RelentlessAssault
089494,Finesse_Lunge
089495,Finesse_EnvenomedEdge
089496,Finesse_SmokeBomb
089498,Might_BattleFrenzy
089499,Might_WarCry
08949A,Might_Bloodlust
08949B,Might_Vengeance
08949C,Might_Stoneskin
08949D,Might_Terror
0894A0,Finesse_BladeHoning
0894A1,Weapon_Sword2H
0894A2,Might_Aftershock
0894A3,Might_PowerStrike
0894A6,Might_SkillfulDefense
0894A7,Might_Celerity
0894A9,Weapon_MirrorBlades
0894AA,Weapon_Wand
0894AB,Weapon_Spear
0894AC,Might_Bulwark
0894AD,Might_AdrenalineSurge
0894AE,Weapon_Sword
0894AF,Weapon_Hammer
0894B0,Weapon_Fist
0894B1,Weapon_Bow
0894B2,Might_HammerMastery
0894B3,Finesse_FrostTrap
0894B4,Might_LongswordMastery
0894B6,Sorcery_StormBolt
0894B7,Might_Quake
0894B8,Sorcery_Tempest
08D107,Might_GreatswordMastery
08F01A,Finesse_DaggerMastery
08F026,Finesse_FaebladeMastery
08F028,Sorcery_StaffMastery
08F029,Sorcery_SceptreMastery
08F05C,Sorcery_WintersEmbrace
0903E1,Sorcery_MarkOfFlame
0985A4,Might_ConcussiveForce
0985A5,Might_HardyConstitution
0985A7,Finesse_ShadowFlare
0985A8,Might_Wrath
0A704A,Armor_Shield_Rogue
0A7077,Armor_Shield_Mage
0A7078,Armor_Shield_Warrior
0AEA83,Sorcery_SummonUpgrade2
15B05A,Might_BrutalWeaponry01
15B05B,Might_BrutalWeaponry02
15B05C,Might_BrutalWeaponry03
15B05D,Might_BrutalWeaponry04
15B05F,Finesse_PreciseWeaponry01
15B060,Finesse_PreciseWeaponry02
15B061,Finesse_PreciseWeaponry03
15B062,Finesse_PreciseWeaponry04
15B064,Sorcery_ArcaneWeaponry01
15B065,Sorcery_ArcaneWeaponry02
15B066,Sorcery_ArcaneWeaponry03
15B067,Sorcery_ArcaneWeaponry04
15D73A,Sorcery_SphereOfProtection
18F272,TestTest
191153,Sorcery_ElementalRage
1B8D61,Finesse_Gambit
1BF173,Finesse_ArrowStorm
1DAA0A,Destiny_MasterOfArms
