id,value
0302CF,TEST_QE_NewDialogTest
037B92,QA_Automation_Quest
03E8F6,NA_Unibox_Merchants
03E9CD,TEST_DefaultAudio
0546DF,NPC_Barks
0584C4,M0_SQ06
05E15A,TMP_NA_QA_Chris
067FFE,M0_SQ06_FIN
06B20F,SQ01
06B582,SQ07
06B5AA,SQ08
06B999,SQ04
06BC1D,SQ03
06BE52,SQ02
06C4F1,SQ06
06DC4B,SQ06_FIN
06E2C6,SQ07_FIN
06F930,TR01
06FB53,SA01
06FB75,HM01
06FCB9,HM02
06FCDB,TR02
07043A,TR_Shell
0707E6,TR01_FIN
070B0C,SA02
070E05,SA01_fin
070EB6,KV01_FIN
070EFE,TR21
0713A1,NQD_Village_Gloaming
0713A3,NQD_Village_GloamingGibberish
0714FC,TR02_FIN
07152D,KV_NQD
072309,HM03
07230B,HM04
07230D,HM05
07230F,KV03
072320,TR03
07237E,SA03
073586,SA04
0738DA,KV04
073943,TR05
075373,HM_NQD
075BC2,KV05
075C00,Generic_Crime
075E91,TR03_FIN
076610,SA05
077322,TR05_FIN
077AE6,DEV_DialogTestQuest
0785D5,KV06
078B26,TR06
078F7F,FFQ03
0790A3,SA_NQD
07982D,HM06
07982F,HM07
07A6F2,TR07
07A79B,KV07
07AB89,SA06
07AEB4,TR08
07BE6E,SA08
07C0ED,SQ51
07C957,FFQ04
07CCF4,U01
07D154,U02
07D90E,U02_fin
07EA2E,SQ15
07F42D,SQ10
07F6AF,SQ23
07F6BE,SQ13
07F896,SQ19
07F98E,SQ16
07FCF4,SQ12
0804EF,SQ17
080C21,SQ21
080D0C,KV10
080F06,SQ18
08110C,SQ14
0812B1,SQ11
081CCA,FFQ05
0823B6,SQ22
082667,SQ18_FIN
083109,NQD_FriendlyEncounters
083EAE,FFQ07
08407E,KVSQ02
084E13,HP_B1
084E15,SQ25
0850B3,Lore
0853C3,SQ26
0854B2,HP02
085D0C,SQ27
0862AE,MQ02
0862D2,SQ29
0864EF,FFQ08
08680A,FFQ08_FIN
08681D,MQ_NQD
086981,FFQ09
086C73,HP_NQD
087154,Canneroc_NQD
087B7B,MQ03
087B7D,MQ04
088027,SQ36
088152,SQ30_FIN
0881BC,HV01
088FF5,HV_NQD
089AA9,MQ05
08A186,HV02
08A836,SQ31
08B2E2,MQ06
08B2E4,MQ07
08B2E6,MQ08
08BA44,HV03
08BDCE,HV04
08C363,SQ34
08C594,HV06
08CB61,SQ46
08CBB7,SQ35
08D209,SQ46_FIN
08D758,SQ44
08DB53,SQ44_FIN
08E679,HV07
08F82A,FP01
08FA64,SQ54
08FEB2,SQ54_FIN
08FEB5,NQD_Village_Whitestone
08FEFB,FFQ51
090057,MQ09
09005B,MQ10
09005D,MQ11
090062,MQ13
090064,MQ14
090066,MQ15
090068,MQ16
09006B,MQ17
0900B3,SQ61
090488,SQ52
090598,SQ57
090A8E,SQ53
090B94,SQ52_53_NQD
090FED,SQ58
09132F,SQ62
091900,NQD_City_Rathir
09192D,SQ59
091E58,SQ55
091E9F,FFQ999
09212C,SQ60
092499,SQ56
092592,SQ63
0926DA,FFQ998
09291F,FP02
092D30,NPC_Trainers
092F2F,SQ56_FIN
095353,DEV_Unibox_Healer
09550C,SQ69
09551D,SQ66
095548,KV01
095894,chulskiquest
095ADB,MQ01
0968E8,U03
0976BA,FP03
097DDF,FP04_
098482,FP05
099746,SQ67
099DCA,NPC_ServiceProviders
09A0B6,SQ65
09C0EC,FP06
09C299,FP07
09C3F4,Gorhart_NQD
09CF32,LelandPost_NQD
09D682,FFQ10
09DEE4,Glendara_NQD
09E880,U03_Fin
09ECFB,FP08
0A1083,NQD_Village_TirinsRest
0A1230,TMP_TestDialogueQuest
0A1C24,TR20
0A1E94,FFQ13
0A25A3,FFQ14
0A2F22,U04
0A3A8D,KV10_FIN
0A88D3,LS02
0A9BE3,SQ23_FIN
0A9E6E,SQ15_FIN
0A9E70,SQ08_FIN
0AD543,LS03
0AD77A,FFQ15
0AD77F,FFQ17
0ADE3F,QA_Kitteh_TestQuest_01
0ADEA6,Emaire_NQD
0AF2FE,FFQ18
0AF319,Ayten_NQD
0AF4A2,LS05
0AF4F8,ACF01
0AF4FA,LS06
0B115F,DEV_EscapePrisonQuest
0B2B4B,NQD_Region_Menetyre
0B353A,FFQ20
0B353C,FFQ21
0B3AF4,FFQ22
0B5C10,VMC_NQD
0B698C,FFQ23
0B6995,FFQ24
0B6997,FFQ25
0B6999,FFQ26
0B699B,FFQ27
0B6F54,Apotyre_NQD
0B70B6,FFQ23_A
0B70B8,FFQ23_B
0B70BA,FFQ23_C
0B7171,LS08
0B7251,FFQ29
0B781B,FFQ30
0B86F2,SQ30
0B8A89,FFQ80
0B9886,FFQ81
0B9B85,FFQ31
0B9B87,FFQ32
0B9B89,FFQ33
0B9B8B,FFQ34
0C0E46,SQ29_FIN
0CDD9B,FFQ33_FIN
118D23,MQ04_start
118DAC,MQ02_start
11C306,FFQ35
11C339,FFQ36
12F0C9,SQ41
1317AC,SQ50
131BF0,Sidhe_NQD
131C6A,SQ75
131E98,NQD_City_Adessa
13261F,SQ83
132E83,SQ84
13397C,HV_Arena
133B5D,SQ47
133BA9,SQ49
133C17,SQ76
134435,SQ77
135E33,SQ86
136ADA,SQ87
136ADC,SQ85
136AE2,SQ88
136BE8,SQ89
137178,FFQ47
138075,NQD_Village_Didenhil
13A26E,QA01
13B9E4,NQD_Region_DrownedForest
13BD53,SQ78
13CC49,SQ79
13CC62,NQD_Followers
13E890,FFQ49
13F3D0,Allestar_NQD
13F3F1,FP_NQD
13F7C0,SQ09
13FBB5,NQD_Region_Hollowlands
13FD66,SQ97
13FE09,SQ100
13FE39,SQ102
13FE48,SQ103
13FE4C,SQ104
13FE5E,SQ80
13FE62,SQ82
13FE6E,SQ91
13FE74,SQ92
13FE7F,SQ93
140534,Kandrian_NQD
1406DC,TMP_NA_QA_Will
140AC7,TwilightPass_NQD
140B19,SQ105
141336,FFQ52
1424AB,SQ95
142CA2,MQ03_start
142D7F,SQ96
143493,SQ99
1441B8,SQ107
1451D7,Fenaster_NQD
1453EB,SQ108
14578C,FFQ53
1462AD,SQ109
14701E,SQ81
1473A1,FFQ56
147543,SQ110
1475AD,MelSenshir_NQD
1489A6,NQD_Warsworn_IronfastKeep
1494A1,QA_Quest_NQD
14A4C3,SQ111
14A6B3,MQ01_start
14A810,MQ05_start
14A815,MQ06_start
14A83A,MQ07_start
14A83F,MQ08_start
14A857,MQ09_start
14A859,MQ10_start
14A862,MQ13_start
14A864,MQ14_start
14A866,MQ15_start
14A868,MQ16_start
14A873,MQ17_start
14A9F5,KVSQ01
14CCC6,SQ112
14D1EB,NQD_City_MelSenshir_BossBattle
14DB1D,NQD_Region_LorcaRane
14DCF3,Haxhi_NQD
14E908,FFQ04_FIN
14F6DB,NPC_Crime
14F6EE,NPC_Combat
14F6FC,NPC_Stealth
14F710,NPC_Misc
14F884,NQD_Region_CaeledCoast
14FC9E,FFQ114
14FCA0,FFQ115
150C46,U01_fin
151849,SQ114
152610,SQ115
152BC8,LS11
152F21,SQ116
152FDB,SQ117
152FFC,SQ118
152FFE,FFQ116
153EAF,SQ118_FIN
154E48,LS12
155190,LS13
15C95A,LS_Odarath
15CD7B,SQ120
15D65B,SQ68
1607F5,SQ124
162F91,SQ123
16400D,SQ122
164013,SQ121
1672D1,SQ125
16865C,SQ62_FIN
16A872,FFQ59
16AA88,SQ126
16BF99,NQD_City_Ysa
16C416,FFQ60
16E280,FFQ61
16E282,FFQ62
16E4F2,DMO_GDC
16E4F6,DMO_GDC_Start
170158,FFQ64
17107C,FFQ66
17107E,FFQ67
17364F,SQ127
174010,SQ128
1765BE,KVSQ03
1773BD,KVSQ04
177C07,KVSQ06
178005,KVSQ07
178191,KVSQ08
178247,KVSQ09
17847F,KVSQ10
17BFDD,SQ133
17D1F1,NQD_Region_HighFulgen
17D8C4,NQD_Region_Amaura
17E1BC,SQ94
17F04B,SQ137
17F051,SQ138
17F053,SQ139
180390,FFQ71
1807A8,NQD_Region_RedMarches
180C48,SQ140
181130,SQ141
181132,SQ142
181135,SQ143
182799,SQ131
186A18,SQ144
187C23,NQD_Region_TywiliCoast
189407,SQ145
1897E5,SQ146
189893,SQ147
18B58B,FFQ69
18BC26,Keening_NQD
18BCEB,TRSQ01
18C8DC,FFQ82
18E7D4,SQ149
18EB0D,TRSQ02
18EC38,HVSQ_01
18FC7B,SQ150
191F93,FFQ83
191FF1,TRSQ03
1927F2,SQ151
19382D,FFQ84
1941E6,FFQ85
1948A9,TMP_NA_QA_KStar
196BFF,NQD_City_Rathir_Citizens
196CDE,HV08
19DF84,HMSQ01
19E07A,HMSQ02
19E083,SQ152
19EC01,HMSQ03
19EC03,HMSQ04
19F331,NQD_Region_TalaRane
1A0120,SQ153
1A3375,DMO_Rathir_Start
1A4944,NQD_City_Adessa_Citizens
1A5C9F,DEV_EmotionTestQuest
1A99F9,Nyralim_NQD
1AA8A6,FP_NQD_Citizens
1AD9FE,Cursewood_NQD
1AE657,ShadowPass_NQD
1B0C0E,Alserund_NQD
1B12A0,NQD_Villages_Prisons
1B2F77,DMO_E3_Start
1B4CA6,FFQ45
1B789F,SASQ01
1B78A3,SASQ02
1B78A5,SASQ03
1BDC4C,SQ154
1BF706,nqd_region_dalentarth
1C3D5E,FFQ04_Deer2
1C5E3C,SQ155
1C6CB9,NQD_Orbocant
1C97A1,HV08_Post
1C9C2D,DEV_PersuasionTest
1C9CA4,FFQ34_FIN
1C9F7E,NQD_Village_Didenhil_Jail
1D327B,PCQ01
1D8EA4,DLC1_MQ01
1D8EA9,DLC2_MQ01
1D901F,DLC1_MQ_NQD
1D91B3,HV_FightBoard
1D9AB3,DLC2_MQ_NQD
1DA024,DLC1_NQD_GrayvhalKeep
1DA0A6,DLC1_MQ02
1DA820,DLC1_MQ03
1DA9C3,DLC2_SQ04
1DA9C5,DLC2_SQ05
1DA9C7,DLC2_SQ06
1DA9C9,DLC2_SQ07
1DA9D1,DLC2_MQ02
1DAB09,DLC2_SQ01
1DB28B,DLC2_START_MQ02
1DB295,DLC1_MQ04
1DB71D,DLC2_SQ02
1DB770,DLC2_Idylla_NQD
1DB996,DLC2_MQ03
1DBB87,DLC2_TeethOfNaros_NQD
1DBDDF,DLC1_MQ05
1DC380,DLC2_START_MQ03
1DCB74,DLC1_MQ06
1DCD08,dlc2_SQ03
1DCD0E,DLC2_MQ04
1DD342,DLC1_SQ02
1DDA97,DLC2_START_MQ04
1DDEF7,DLC1_SQ04
1DE400,DLC1_NQD_GallowsEnd
1DE49F,DLC2_MQ05
1DEA57,DLC2_SQ08
1DED47,DLC1_SQ01
1DF085,DLC1_SQ05
1DF213,DLC1_SQ06
1DF27A,DLC2_START_MQ05
1DF3CF,DLC2_MQ06
1DF432,DLC2_FFQ01
1DF434,DLC2_FFQ02
1DF436,DLC1_SQ03
1DF60C,DLC1_FFQ01
1DFB54,DLC2_Idylla_NQD_Citizens
1DFC6B,DLC1_SQ07
1DFCEB,DLC2_START_MQ06
1E0141,DLC2_SQ09
1E1EBF,DLC2_FFQ03
1E21A7,DLC2_FFQ04
1E3D0F,DLC2_SQ10
1E4C8B,FFQ86
1E4C8D,FFQ87
1E4C8F,FFQ88
1E5265,DLC2_SQ11
1E534A,DLC2_Idylla_JobBoard_NQD
1E565F,DLC2_SQ12
1E6307,DLC1_PH01a
1E632A,DLC2_SQ13
1E632D,DLC2_SQ14
1E6344,DLC1_PH02a
1E699D,DLC1_PH03a
1E699F,DLC1_PH04a
1E69A1,DLC1_PH05a
1E69A3,DLC1_PH06a
1E6CEB,DLC1_SQ08
1E8BCE,DLC1_PH06b
1E9AB8,DLC1_PH04b
1EA796,DLC1_PH03b
1EA815,DLC1_PH05b
1EB442,DLC1_PH02b
1EC629,DLC1_PH01b
1ED198,DLC2_NPC_Barks
1EE0E6,DLC1_PH07a
1EEC9C,DLC1_PH07b
1EED6C,DLC2_SQ10_Start
1EF134,DLC2_SQ16
1EF195,DLC2_FFQ03_Start
1EF198,DLC2_FFQ04_Start
1EF26E,DLC2_SQ17
1F0172,DLC1_NPC_Barks
20065E,DLC2_Primos_Fight
2032B1,DLC3_SQ02
2032FF,DLC3_SQ01
203FEC,DLC3_SQ03
20496D,DLC3_MQ_NQD
204B7F,DLC3_SQ05
204BAB,DLC3_SQ04
204CF8,DLC3_SQ06
205612,DLC3_SQ07
20732D,DLC3_SQ03_NQD
2079C0,DLC3_SQ09
207C3B,DLC3_SQ06_NQD
