id,value
063144,Jottun_VVS
15F052,Human_Skel
15F67A,Human_Skel_F
15FE81,Troll_Skel
160B9B,Murghan_Skel
160BA8,Barghest_Skel
161899,Banshaen_Skel
167748,Bolgan_Skel
174740,Bogeyman_Skel
174A09,Gnome_Skel
174DAF,Brownie_Skel
175C82,Sprite_Skel
1769B2,Niskaru_Skel
177254,Leanashe_Skel
177495,Thresh_Skel
177A05,NiskaruHunter_Skel
1B92F6,Giant_Rat_Skel
1CB4F6,Boggart_Skel
1CBB42,Wolf_Skel
1CBD8B,Bear_Skel
1CF63A,Spider_Skel
1D1091,Antelope_Skel
1D62CB,Ettin_Skel
1E001D,DLC1_Scarab_Skel
1E03CB,DLC1_Rockmonster_Skel
1E3EB4,DLC2_Kollossae_Male_Skel
1E4C7F,DLC2_Kollossae_Female_Skel
1E502A,DLC2_Pteryx_Skel
