id,value
0138C2,tmp_na_combattest_region
013B05,tmp_na_pathing1_region
01EE7C,audiotestregion
02194B,dmo_na_dangerunibox_region
0270AD,tmp_na_footstep_region
037B60,tmp_na_qaautomation_region
03CD90,tmp_na_clobberabletestregion
0695F8,out_dalentarth_region
069A3D,dmo_m1
06BE95,dgn_hol_brunuath_region
06CBD1,dgn_cav_waterhalldown_region
06EE9F,out_detyre_region
06EEA1,out_plainsoferathell_region
06F243,out_alabastra_region
06F3EB,out_klurikon_region
06F563,cty_ysa_region
06F583,cty_adessa_region
06F5C4,cty_rathir_region
06F5E4,cty_melsenshir_region
06FDAA,int_dal_yolvan_thelibrary_region
06FFB8,dgn_tmp_ncatest
07003C,int_dal_gorhartinn_region
070158,int_dal_ballads_courtofenchantments_region
0701EC,int_dal_stodwigsperpetualmissionmain_region
0703B0,dgn_cav_sundurcaverns_region
07126D,dgn_hol_arduath_region
071429,int_cty_ysa_hallofthehunt_region
071601,dgn_hol_gorguath_region
071848,int_dal_guelmeinlodge_region
0718F6,dgn_cav_shattertiermines_region
0723E2,dgn_cav_brigandhallcaverns
0723EF,int_dal_ballads_houseofaccolades_region
0725C4,out_pln_prototype
0727AF,dgn_cav_ironholdpassage_region
072836,dgn_hol_uduath_region
072A68,tmp_interior_tests
072AB3,int_cty_adessa_ouetstebiccrietlabs_region
072C65,dgn_str_stebiclab_region
072D98,dgn_cav_wellofgreaterdidenhil_region
073244,dgn_cav_tulan_region
073A3E,dgn_cav_overgrownthicket_region
073A40,dgn_cav_shaderivercaves_region
073A48,dgn_cav_stonecandlemines_region
073A4C,dgn_dvg_yumy_region
073A4F,dgn_fca_castleyolvan_region
073A53,dgn_hol_cathrus_region
073A55,dgn_dvg_aodh_region
073A59,dgn_cav_tearscottermines_region
073A66,dgn_dvg_vlaskersforge_region
073A68,dgn_cav_shardfall_region
073A6F,dgn_str_dolvearne_region
073A73,dgn_cav_darkglowcaverns_region
073A78,dgn_cav_sevenwidowmine_region
073A7C,dgn_dvg_cathedraloftheworld_region
073A83,dgn_str_dolvewayle_region
073A86,dgn_dvg_hurvarsdoorsill_region
073A8A,dgn_cav_sanctuarygrotto_region
073AA2,dgn_dvg_cavernsofingress_region
073AAB,dgn_cav_splitrockdepths_region
073AAD,dgn_dvg_agnurfarhol_region
073AB9,dgn_dvg_cannrane_region
073AC9,dgn_cav_fellfirepit_region
073AD4,dgn_cav_luckymine_region
073ADB,dgn_cav_echoinglightmine_region
073AE6,dgn_str_bonnlach_region
073AF0,dgn_hol_adarus_region
073B06,dgn_dvg_theblackenedhall_region
073B12,dgn_cav_whisperingcaves_region
073B1B,dgn_fca_houseofpride_region
073B1E,dgn_cav_glasspillarcaves_region
073B27,dgn_cav_glowlodecavern_region
073B29,dgn_cav_prismerebasin_region
073B2F,dgn_cav_shininglabyrinth_region
073EA6,tmp_na_qaautomation_dng_region
073FCF,int_dal_canneroc_inn_region
07413C,int_dal_canneroc_house01_region
07413D,int_dal_canneroc_house02_region
075829,int_dal_greaterdidenhil_houseoftrade_region
07582A,int_dal_littledidenhil_healer_region
07582B,int_dal_greaterdidenhil_baker_region
075A4F,int_poe_acatha_derfelshouse_region
075A73,int_dal_littledidenhil_kalthouse_region
075A7D,int_dal_greaterdidenhil_luminitsahouse_region
075A9C,int_dal_littledidenhil_inn_region
07620F,int_cty_rathir_chamberoftrade_region
07624E,int_cty_rathir_tr05catacombs_region
076847,int_dal_sthadwynsperpetualmission_region
076C30,dgn_str_rithen_region
0785C3,out_klu_isleofeamonn_region
078AF4,int_cty_rathir_salibrary_region
078AF5,int_cty_rathir_samainhall_region
078AFA,int_cty_rathir_sadormitory_region
078CAB,dgn_tmp_ncatest02
07920E,int_cty_ysa_samainhall_region
07941C,dgn_str_windemerecastle_region
0797D9,int_dal_ballads_hobgrounds_region
0797E0,int_dal_ballads_summersanctuary_region
079A76,out_dal_dgn_summersend_region
079E0E,int_dal_summersend_thechantry_region
07A8E7,int_dal_summersend_belltower_region
07B95C,int_poe_archsagedreamworld_region
07BDB6,int_poe_archsagedreamworld_sagrounds_region
07C070,dgn_str_forbiddenhall_region
07C351,int_cty_adessa_library_region
080270,int_dal_gorhart_alchemistshop_region
080A1D,dgn_cav_crownofclouds_region
080B34,dgn_cav_crownofcloudsexterior_region
080CD1,dgn_tmp_fho_test
08164D,out_det_prototype
0827B9,tmp_na_brandoland
0834F4,tmp_na_qaunloadtest_region
08488F,dgn_dvg_yumytheatreoffate_region
084A27,dgn_cav_adessamine_region
084F7A,dgn_hol_bristlethorn_region
084F95,dgn_hol_syl_region
084FDC,dgn_hol_cranalt_region
08535F,dgn_dvg_damalroc
085385,dgn_dvg_mullrane_region
0857EE,dgn_cav_brandycove_region
085D1A,dgn_cav_skoria_region
08619A,int_gno_interior
0861CC,dgn_hol_rundamir_region
08638D,dgn_wellofsouls_lab_region
08696A,dgn_hol_caertosai_region
0870AF,dgn_str_kandrian_region
0879B8,dgn_tmp_fho_piecetest02
0888B0,dgn_cav_seasons_tunnel_region
089709,dgn_cav_huntermine_region
0897BA,dgn_cav_coilsbain_region
089AD4,int_poe_ayteninn_region
08A5E9,dgn_tmp_sho_test
08A6AD,dgn_fca_gastyrregion
08AB1C,dgn_hol_sinsear_region
08AC84,int_ysa_courtofsummer_region
08ACC3,dgn_dvg_mordustorr_region
08ACD7,dgn_hol_shadowthorn_region
08ACF9,dgn_str_corganhold_region
08AD84,out_dal_nyralim_region
08B0BE,int_det_whitestone_inn_region
08B1F6,dgn_hol_rahnil_region
08CB6E,dgn_cav_saltwellcaverns_region
08D60C,dgn_cav_haxhidam_region
08DF44,dgn_hol_gloamthicket_region
08DF48,dgn_hol_primorida_region
08F6A5,dgn_hol_tinehil_region
08F74B,dgn_hol_provinghalls_region
08F78A,dgn_tmp_eru_test01
0904FE,int_det_whitestone_mayorshouse_region
090A4C,int_cty_adessa_wylehome_region
090A4E,int_cty_adessa_teinirhome_region
090A50,int_poe_emaire_hagnihome_region
090A52,int_cty_adessa_questhouse1_region
090A54,int_cty_adessa_questhouse2_region
090A58,int_det_hollowlands_motusmining_region
090A5A,int_cty_adessa_lollyrshome_region
090A5C,int_cty_adessa_papyrushouse_region
090A60,int_cty_adessa_longroadstore_region
090A62,int_cty_adessa_jiennehome_region
090AAC,int_cty_adessa_domuspolitica_region
090AAE,int_cty_adessa_dartansstore_region
090AB0,int_cty_adessa_praetoriangarrison_region
090ABB,int_cty_adessa_armory_region
090B0A,int_cty_adessa_basilicanoscere_region
090B0C,int_cty_adessa_forum_region
090B0E,int_cty_adessa_hospitalisquarters_region
090D46,cty_adessa_the_isles_region
09147B,dgn_cav_thetenderspath_region
0919F2,int_cty_rathir_tavern_region
091F37,int_cty_rathir_barracks_region
092736,dgn_dvg_urultusk_region
09288E,int_cty_rathir_anwongreathouse_region
092931,dgn_cav_fp02cache_1_region
092A49,dgn_cav_fp02cache_2_region
092B9E,dgn_cav_fp02cache_3_region
0936AB,dgn_hol_caerelatha_region
09387C,dgn_str_virki_region
0955FE,dgn_str_castleansilla_region
09585E,out_klu_prototype
0958BC,dgn_str_ohnsstand_region
095B8B,dgn_str_fantastar_region
0960B8,out_dal_dreamend_region
09659B,dmo_na_defaultbox_region
096684,dgn_dvg_thenexus_region
097B87,int_dal_ardenhouse_region
098068,dgn_str_fallenhallregion
099525,dgn_fca_siorancrypt_region
09952C,dgn_dvg_weconai_region
09AFCD,dgn_str_dannestar_region
09BA15,int_poe_melaglir_inn_region
09BACF,int_poe_melaglir_shop_region
09BAD1,int_poe_melaglir_abandoned_region
09BF63,int_poe_emaire_inn_region
09BF65,int_poe_emaire_house_a_region
09C37E,tmp_na_activitytest_region
09C827,int_dal_stodwigs_chapel_region
09C85C,int_dal_gorhart_merchant_region
09C86F,dgn_str_eamonnsfortress_region
09CA3D,int_poe_emaire_spellbinder_region
09CADD,int_dal_stodwigs_bunks_region
09CB22,int_dok_interior
09CCE6,int_poe_tirinsrest_tavern_region
09CDF7,int_poe_tirinsrest_locksmithhouse_region
09D1F4,dgn_str_houseofvengeance_region
09DEDB,dgn_dvg_eamonnspath_region
09EC54,dgn_cav_amethyn_region
09F3D5,dgn_eru_coilsbainruins
09FEDF,int_poe_melaglir_morkanhouse_region
0A0F24,int_poe_tirinsrest_church_region
0A0F87,tmp_qa_test_region
0A0F93,int_dal_thesidhe_emporiumofwonder_region
0A104F,int_poe_tirinsrest_merchant_region
0A5280,int_cty_adessa_prison_region
0A6D89,cty_rathir_scholiaarcana_region
0A6D99,cty_rathir_uppercity_region
0A8DC8,dgn_cav_bloodstonedeep_region
0A9199,int_dal_canneroc_playerhouse_region
0A9E73,int_dal_canneroc_playerhouse_l2_region
0AAC13,out_poe_skycrown_cave_region
0AAE10,out_poe_skycrown_top_region
0AB02A,out_poe_travelers_grounds_region
0AB148,int_dal_canneroc_playerhouse_l3_region
0AB1B6,int_dal_canneroc_playerhouse_l4_region
0AB2BF,int_dal_canneroc_playerhouse_l5_region
0ABB54,dgn_str_warswornvault_region
0ABFBB,tmp_na_characterland_02_region
0ACA36,int_dal_canneroc_playerhouse_l6_region
0ACA54,int_dal_canneroc_playerhouse_l7_region
0AD19F,dgn_cav_charamsmine_region
0AD59D,out_det_travelers_grounds_region
0B06AB,int_poe_ayten_smithy_region
0B06AD,int_poe_ayten_iverhouse_region
0B06AF,int_poe_ayten_alchemistshop_region
0B1C4A,int_cty_rathir_merchantcircle_region
0B3F39,cty_adessa_scaffoldrun_region
0B4B99,dgn_cav_valjeanmine_region
0B4BA7,int_det_valjeanminingcompany_region
0B57B6,out_det_houseofvalor_grounds_arena_region
0B5D8A,int_det_valjeanminingcompany_l2_region
0B6C7A,int_det_valjeanminingcompany_l3_region
0B6E53,int_det_valjeanminingcompany_l4_region
0B7049,dgn_cav_valjeanmine_l2_region
0B7421,cty_ysa_prototype
0B7D55,dgn_cav_darkvarimine_region
0B7D57,dgn_cav_charnokquarry_region
0B7D59,dgn_cav_zungarshaft_region
0B809D,int_det_apotyre_motusmininghq_region
0B840A,dgn_cav_valjeanmine_l3_region
0B9085,dgn_cav_valjeanmine_l4_region
0B98B0,int_poe_tywilicoast_pengarashouse_region
0BE3F0,dgn_cav_whitestonemayorscave_region
0C6F3B,int_det_whitestone_mayorsvilla_region
0C6FEB,int_det_whitestone_mayorscottage_region
0D09AA,int_dal_ettinmere_holnstead_region
0FC200,int_det_whitestone_merchant_region
119B10,int_fae_interior
11CB6E,int_dal_webwood_toghfarm_region
130F93,dgn_cav_barrencove_region
131EA8,int_cty_adessa_sandstonevilla_04_region
133CF9,cty_melsenshir_bossbattle_region
13442D,dgn_tmp_sho_test_02
1344DE,dgn_wellofsouls
134F46,int_cty_adessa_barterrow_region
13838D,dgn_cav_scarbellycavern_region
138F65,dmo_na_unibox_region
138F78,tmp_na_joeq_slope_test
139F42,int_cty_adessa_grandbursars_region
139F45,int_cty_adessa_arcadium_region
13A3FA,dgn_tmp_nca_prismere_test01
13B7A0,dgn_str_sparringarena_region
13BD1B,dgn_tmp_sho_fae01
13E531,out_klu_saturnalia_region
13F1AA,out_dal_travelers_grounds_region
13F3AE,dgn_str_houseofsorrows_region
140BCB,cty_ysa_upperhouses_region
141749,int_det_hollowlands_office_region
142FBD,cty_ysa_thefont_region
143258,int_cty_ysa_houseofballads_region
145ACA,int_cty_ysa_embassy_region
145B5E,int_cty_ysa_merchants_region
145BF0,int_cty_ysa_inn_region
145D09,int_cty_ysa_hallofechoes_region
145DC9,int_cty_ysa_hallofappointments_region
14681F,dgn_tirnoch_bossbattle
1469A7,tmp_na_qainteriorsregion
1488A7,dgn_cav_kandriancove_region
14C1F1,out_alabastra_bhaile_region
14ECF8,dgn_str_shieldringkeep_region
14FC4A,int_dal_steadrics_bunkhouse_region
152C0B,dgn_str_tirinsrest_locksmithlab_region
1591CB,dgn_str_helmgardkeep_region
159242,dgn_str_ironfastkeep_region
15BEDE,dgn_cav_thelowertunnels_region
15E48C,int_cty_rathir_citywatch_region
15E9E1,int_cty_rathir_prison_region
15EEAC,dgn_fca_ghennig_region
15FA1A,int_cty_rathir_storeroom_region
15FF63,int_cty_rathir_poorhouse_01_region
15FF71,int_cty_rathir_poorhouse_02_region
16003C,int_cty_rathir_pride_region
16025A,int_cty_rathir_goodsstore_region
160C65,int_cty_rathir_wggreathouse_region
160C9A,int_cty_rathir_abergreathouse_region
160CD5,int_cty_rathir_templeoflyria_region
162E4B,warehouse_region
167FE4,int_ala_bhaile_courtofwinter_region
16E026,cin_out_poe_north_02_region
17004C,dgn_cav_didenhil_jail_region
171084,int_cty_melsenshir_tavern_region
1714A5,dgn_dvg_archsagequarters_region
17207E,cin_out_dal_north_03_region
173E5D,int_cty_melsenshir_barracks_region
173E8F,int_cty_melsenshir_hospital_region
175C14,dgn_hol_ysa_jail_region
175C1A,dgn_str_melsenshir_jail_region
175C67,dgn_str_brokentower_region
175C71,dgn_str_brokentowerbasement_region
1782C9,dgn_dvg_tomboffyragnos_region
17DD94,int_det_houseofvalor_hypogeum_region
17EDDA,int_det_houseofvalor_grimshawshouse_region
17EE03,cin_cty_rathir_region
17F0B1,int_det_houseofvalor_gamblingden_region
17F3BC,cin_cty_melsenshir_bossbattle_region
1807AB,out_klu_dannestar_ext_grounds_region
18134E,cin_simtype_warehouse_region
181626,dgn_str_losthall_04_region
18168A,dgn_str_losthall_03_region
18168F,dgn_str_losthall_02_region
181694,dgn_str_losthall_01_region
1829DA,character_generation
183429,tmp_lab_screenshots
1839B7,dgn_dvg_thenexus2_region
185463,tmp_dgn_cav_grimfiredepths_region
185BCD,dgn_str_ancientmausoleum_region
18889F,dgn_cav_gorhart_jail_region
1888A9,dgn_cav_whitestone_jail_region
1888AE,dgn_cav_ayten_jail_region
1888B3,dgn_cav_emaire_jail_region
18A051,dgn_str_kandrian_jail_region
18AC2B,dgn_hol_odarath_jail_region
18AD38,dgn_hol_midden_jail_region
18AE3B,tmp_dgn_cav_maridianmine_region
18C137,int_dal_ettinmere_theoratory_region
18D015,dgn_cav_jail_test_space_region
18E9B9,int_dal_steadrics_chapel_region
19548B,dgn_str_houseofsorrows_02_region
1966F3,int_cty_adessa_sandstonevilla_03_region
1986B0,int_cty_adessa_sandstonevilla_02_region
1994DB,int_cty_adessa_sandstonevilla_01_region
19B8A9,int_cty_adessa_reddleoffice_region
19BA6A,tmp_cember_region
19C40A,tmp_out_poe_island_01_region
19F753,tmp_na_character_lighting_region
1A449D,cin_courtofwinter_region
1A4EAA,dgn_str_eagonnsgrave_region
1A8B37,tmp_na_activitytest_02_region
1AA5AC,tmp_na_pathing_small
1AAF78,tmp_na_welltest_region
1B34A7,int_cty_rathir_tilerasquarters
1B6AEA,dgn_dvg_glendarapassage_region
1B9AA0,dmo_movecapture_region
1B9E7E,dlc1_tmp_na_character_combattest_region
1C74C6,cin_dgn_wellofsouls_region
1C7C96,tmp_na_dlc3test_region
1C9F9D,int_dal_steadrics_bunkhouse_2_region
1CA9C3,dlc1_out_gal_prototype
1CB6F8,dlc1_tmp_testspace
1CB979,dgn_sew_test_01
1CC0F5,dlc2_tmp_na_combattest_region
1CF1F8,dlc2_ton_prototype
1D1AB1,cin_tilerasquarters_region
1D1F9A,dlc1_out_gal_region
1D22A7,dlc1_out_gal_sandbar_region
1D2396,dlc1_out_gal_island_region
1D3351,dlc1_dgn_cav_test_01
1D3429,dlc2_out_teethofnaros_region
1D3575,dlc2_cty_idylla_region
1D5BBF,cin_dgn_tirnoch_bossbattle_region
1D8AD5,dlc1_dgn_cav_floodedcavern_region
1D8ADC,dlc1_dgn_cav_sirensden_region
1D8AE9,dlc1_dgn_dvg_akarator_region
1D8AF5,dlc1_dgn_dkp_cliffbreakfasting_region
1D8AFA,dlc1_dgn_dkp_mudholdfasting_region
1D8B0A,dlc1_dgn_dkp_grayvhalfasting_region
1D8E81,dlc2_dgn_cav_airshrine_region
1D8E86,dlc2_dgn_cav_earthshrine_region
1D8E91,dlc2_dgn_cav_jottuntower_region
1D8E96,dlc2_dgn_sew_southernpassage_region
1D8E9B,dlc2_dgn_sew_hyperiancomplex_region
1D8EA0,dlc2_dgn_sew_nyxaros_region
1D8FDA,dlc2_out_ton_passageexterior_region
1D9D17,dlc1_out_gal_gravehalkeep_courtyard_region_stg3
1D9E67,dlc1_int_gal_grayvhalkeep_region
1DA010,dlc1_dgn_dkp_underseafasting_region
1DA5CE,dlc2_dgn_sew_idyllasewer_region
1DA724,dlc2_int_cty_idylla_the_lykeios_region
1DA896,dlc2_int_cty_idylla_theater_of_andronikos_region
1DA95E,dlc2_int_cty_idylla_gaianas_respite_region
1DAAA8,int_cty_idylla_primos_sanctuary_region
1DB377,dlc2_dgn_sew_nerotelos_region
1DB3C4,dlc1_dgn_cav_tidalpools_region
1DBD4D,dlc1_dgn_cav_brigandhideaway_region
1DEC14,tmp_adavis2_region
1DFFA6,dlc1_dgn_cav_darkharbor_region
1E4582,cin_out_poe_destiny_cards_region
1E488A,dlc2_dev_kahrunktower_peak_region
1E5DC6,dlc2_dgn_sew_undersewer_region
1E6591,dlc1_out_gal_gravehalkeep_courtyard_region_stg2
1E6593,dlc1_out_gal_gravehalkeep_courtyard_region_stg1
1E7017,dlc2_warehouse_region
1E8ABC,dlc1_warehouse_region
1E92AE,dlc1_int_gal_gravehalkeep_l1
1E9552,dlc1_int_gal_gravehalembassy_region
1E9847,dlc1_int_gal_gravehallibrary_region
1EBA8A,dlc1_int_gal_gravehalkeep_l2
1EBD18,dlc1_int_gal_gravehalkeep_l3
1EC644,dlc1_int_gal_gravehalkeep_l4
1F6D57,dlc2_tmp_blackness
1FB62A,dlc1_tmp_pieces_test_01_region
1FFF9E,dlc2_dgn_cav_eyriepeak_region
2012C0,dlc2_int_cty_idylla_market_region
201EA1,tmp_rmorgan_region
202511,dlc2_warehouse_idylla_region
203122,dlc3_dgn_dvg_heddles_region
203ECF,dlc3_dgn_nca_tosocket_region
2043D6,dlc3_dgn_str_huntsmanskeep_region
204A1D,dlc3_dgn_nca_tosocket_bright_region
204D32,dlc3_dgn_dvg_lyrden_region
205119,dlc3_out_islewytren_region
205137,dlc3_dgn_dvg_cabhankeep_region
2051B7,dlc3_dgn_cav_rustedpit_region
205EC0,dlc3_dgn_cav_dwellersden
206A60,dlc3_dgn_dvg_mondul
