id,value
0591DD,TEMP_Rumble_Test01
06DF21,Meteor_Rumble
06DF8B,Meteor_Cast_Rumble
06FD4F,React_Blocked_Light
06FD51,React_Blocked_Heavy
07139F,Player_Staff1
0716FD,Player_Staff2
071868,Player_Staff3
08BC0B,Player_Hammer
0905A6,Player_Bow_Charge
0905A7,Player_Bow_Fire
092FE8,Player_Scepter_Charge1
092FEA,Player_Scepter_Charge2
09309B,Player_Scepter_Charge1_2
09309C,Player_Scepter_Release
0935F4,Player_Scepter_ReleaseCharged
09389D,Player React Knockdown
09389F,Player React Interrupt
09B04B,Reckoning_Enter
09B04C,Reckoning_On
09C29A,DetectHidden_Near
0A0F25,Fate Shift Button Mash
0A10C3,Left Side Heavy
0A10D9,Right Side Heavy
0A24E0,Fade Out Rumble
0A24E1,Fade In Rumble
173789,Impact_VeryLight
1737A0,Impact_Light
1737A4,Impact_Normal
1737AF,Impact_Heavy
1737B0,Impact_VeryHeavy
1D5F5E,Player_Bow_Chrage2
