id,value
002258,color_only
002259,debug_font
00225A,depth_solid
00225B,flat
00225C,flat_mask
00225F,postproc_color
002261,postproc_color_transition
002264,postproc_distort
002266,postproc_downsample_2x
002267,postproc_downsample_4x
002269,postproc_gaussian_filter
00226D,shadow_apply
00226E,simple_color
00226F,simple_constant
002270,simple_masked_texture
002271,simple_material_constant
002272,simple_normal
002273,simple_texture
002274,simple_texture_alpha
002275,simple_weighted_normal
002276,weightedflat
002277,CharacterRim
002278,CyclicObjectHighlight
002279,DistortionBufferWrite
00227A,DistortionShield
00227B,Dot3
00227C,Dot3Offset
00227E,EnergyShield
002280,GlassMetal
002281,god_rays
002282,InteractionObjectHighlight
002289,particledistortion
00228A,particlesepia
00228B,particle_prealpha
00228D,PostProcAncestor
00228E,Rock
002290,set_z
002291,set_z_mask
002294,Standard
002296,BasicHighlight
002298,terrain_solid
002299,terrain_solid_debug
00229B,TreeLeaf
00229C,TrunkDot3
00229D,VeggieCheap
00229F,Water
0022A0,WeightedCharacterRim
0022A2,WeightedDot3
0022A3,WeightedStandard
00309E,vertexblend
003119,textureblend
00379E,ScrollingFlat
0037A3,TextureBlendAndDecal
011BF6,River
02173C,TextureEmissive
023FE8,Disintegrate
027311,sky_dome
027312,sky_dome_transition
027A47,energydistortionshield
027DA2,characterrimnoshadow
030B66,diffuseblendemissive
030BD1,detailnormal
0337DA,ParticleFogAdditive
0337DF,ParticleFogTransparent
03EE51,TextureEmissiveAlphaMask
0441CC,ScrollingSmoke
0442F1,ScrollingVapor
0518CD,postproc_velocity_blur
054A4F,velocity
054B47,FresnelGlassMetal
05774D,FresnelGlassMetalProbe
057750,GlassMetalProbe
0584DE,TextureMultiplyMask
05876F,PointLight
058B5B,ParticleFogAdditiveSoft
05BB90,FogAdditive
05CE60,simple_texture_cube
064A6C,ScrollingWaterfall
064B06,TextureBlendNormalEdge
064B8B,ScrollingEmissive
06684B,Dot3Alpha
068FF3,EmissiveWithAlphaFog
069116,PointLightSheet
069602,PointLightSheet4
06AFA1,BasicHighlightAlpha
06C3CB,4x_sky_dome_transition
06CBCD,VertexBlendModifiedMask
06E336,impostor
06EE9C,postproc_clear_alpha
074601,postproc_downsample_depth_motion_2x
07AADE,postproc_edge_bloom_capture
07ABEF,postproc_edge_bloom_composite
07ABF0,postproc_edge_gauss7x1
07ABF2,postproc_edge_gauss1x7
07AE3E,postproc_edge_add
07BCDB,postproc_edge_near_fuzziness
07BCDC,postproc_edge_far_fuzziness
07BF9C,postproc_edge_DOF
07C53B,postproc_edge_motion_blur
07D179,postproc_simple_fog
07E876,GlassMetalWithEmissive
07E878,GlassMetalWithEmissiveProbe
0826BB,simple_normal_color
0851BB,CharacterReflect
0851BC,CharacterHardLight
08AFDF,CharacterEmissive
08D3F5,bink
08D3F6,bink_alpha
08DC2F,Stealth
08F696,Crystal
094B31,VertexBlendModifiedMaskEmissive
099222,Dot3Tint
09C164,ParticleFogTransparentSoft
09D1F8,Dot3_2UVs
09D9E5,ReckoningVelocity
09E8DC,CharacterHead
09E9A8,CharacterSkin
0A583E,DynamicDecal
0A9DD6,simple_texture_fog
0B0FCA,deferred_combine
0B406E,CharacterHair
0B428E,CharacterEye
0B49D6,deferred_debug_depth
0B4E55,postproc_restorescene
0B5605,deferred_debug_accumulation_buffer
0B5606,deferred_debug_diffuse_buffer
0B5607,deferred_debug_diffuse_lighting
0B5609,deferred_debug_emissive_ambient_lighting
0B560A,deferred_debug_normals
0B560B,deferred_debug_specular_buffer
0B560C,deferred_debug_specular_lighting
0BBF67,DevOnlyCharacterHead
0BC883,DevOnlyCharacterHair
0C246E,DevOnlyCharacterEye
0EE594,CharacterBeard
0EF3F4,postproc_edge_downsample_depth
0FBAB9,postproc_edge_downsample
11B4EA,postproc_edge_final_combine
130D01,postproc_edge_upsample
133BB3,minimap
137F53,TerrainSolidPVS
138896,postproc_color_correction
13BCC0,postproc_color_correction_blend2
13BCC1,postproc_color_correction_blend4
13DF8F,EmissiveDynamicDecal
13DF90,postproc_edge_bloom_composite_color_correction
13ED08,StaticDecal
13ED09,EmissiveStaticDecal
140B5A,simple_texture_desaturate
1493AA,DevOnlyCharacterSkin
14C2CA,NormalMappedFlipBook
15698F,terrain_distant
160701,PointLightSheetNoSpecular
160702,PointLightSheet4NoSpecular
162ABC,terrain_distant_runtime
16421A,Ghostly
167A19,deferred_combine_luminance
168494,postproc_distort_fog
181E7F,shadow_apply_pc_hardware_1
181E80,shadow_apply_pc_hardware_2
181E81,shadow_apply_pc_hardware_3
181E82,shadow_apply_pc_hardware_0
187734,StealthHair
187736,StealthSkin
187AB3,StealthBeard
18BBDD,ParticleFogAdditiveDistortion
18BFC3,postproc_edge_portrait_bloom_color_correction
19BCBE,postproc_downsample_depth_to_depth_stencil
19DB3A,postproc_upsample_offscreen_alpha
19DDFD,CharacterFaeHair
19DE0A,DevOnlyCharacterFaeHair
19FA19,xbox360_color_correction_resolve
1A0281,CharacterFaeBeard
1A1DCD,Splash
1B21E4,PointLightSheet8
1B23BE,PointLightSheet8NoSpecular
1C9905,RiverNoPointLights
1D789C,color_correction_merge
1D91E4,ui_portrait
1DA3CB,postproc_simple_color_correction
1EA203,VeggieEmissive
1EAE0D,FXAA
