id,value
026E22,ODV_Sky
02700D,LES_Sky
029067,SAN_Sky
02D35D,BH_Sky
03F696,BH_WoSky
041283,BH_TaibaSky
041284,BH_BoneYard
041A9D,BH_Spooky
048A0D,SAN_Sky_Blue
049D29,BH_SKY_TEMP
04E8DD,DGN_Mondul_Test_Sky
04F8D4,OUT_FOR_ProtoType
06822E,FOR_Spider
069A55,DMO_M1_Sky
06DB52,DMO_M1_SkyRuins01
06DBB3,DMO_M1_SkyRuins02
06DBB4,DMO_M1_SkyRuins03
0721F9,JoshCombat_Sky
072818,OUT_PLN_Sky
07BCBE,SA06_WhiteSky
07CF95,DEV_BlackSky
08169B,OUT_DET_Sky
08ADEE,OUT_ALA_Sky
08CA87,DGN_NCA_Sky
08ED4C,DGN_SHO_Sky
08FA77,OUT_DAL_Josh_Sky
0930E6,OUT_ALA_SkyForest
09588F,OUT_KLU_Sky
096453,CTY_Adessa_Sky
0A23CA,OUT_ALA_SkyCreepy
0A2574,OUT_ALA_Sky2
0AD7DC,OUT_PLN_Sky_02
0B29E2,OUT_DET_Arena_Sky
0EDDFE,CTY_YSA_Sky
131288,CTY_DOK_Sky_Night
133CFA,CTY_MelSenchir_BossBattle
133D49,CTY_MelSenshir_BossBattle_Sky
133E97,OUT_FOR_ProtoTypeSpooky
134432,DGN_SHO_Sky_02
15EB8C,OUT_DET_Spooky_Sky
15F10A,OUT_FOR_ProtoTypeFoggy
161AAA,OUT_OUT_Dalentarth_Nyralim
167EB9,OUT_Dalentarth_Nyralim_Center
16CB55,OUT_ALA_Spooky_Sky
16DAF6,SKY_OUT_Alabastra_Foggy
1756C5,CTY_MelSenshir_Sky
1756DE,CTY_MelSenshir_Shrine_Sky
175A2A,CTY_MelSenshir_Docks_Sky
177C72,OUT_ALA_Sky_CourtofWinter
177CD1,OUT_ALA_Bhaile_Sky
178AF7,OUT_Dalentarth_Sidhe_Sky
179F57,OUT_KLU_Sky_Foggy
17B3F8,OUT_DAL_Webwood_Sky
17C954,CIN_OUT_PLN_Sky
1818A5,CTY_Rathir_Sky
1880EC,CIN_OUT_FOR_ProtoTypeFoggy
192A81,OUT_Dream01
195BC0,CTY_MelSenshir_Bossbattle_InsideSky
1962BA,OUT_KLU_Keening_Foggy_Sky
1962BC,OUT_KLU_Keening_Lower_Sky
197CF1,OUT_DAL_HOB_Grounds_Sky
19A93B,CIN_OUT_ALA_Sky_CourtofWinter
19DA9D,ArchsageDreamworld_01_Sky
19F752,OUT_ALA_Spooky_Green_Sky
1A0398,CTY_Rathir_Open_Sky
1A039F,CTY_Rathir_Spooky_Sky
1A0FDC,OUT_KLU_Sky_Midden
1A1512,CTY_MelSenshir_Open_Sky
1A3BA8,CTY_Rathir_Slum_Sky
1A7A72,OUT_PLN_Skycrown_Sky
1A84B1,OUT_PLN_Spooky_Sky
1AFA63,CTY_MelSenshir_BossBattle_Platform_Sky
1B9A04,DMO_MoveCapture
1CAA05,DLC1_OUT_GAL_Sky
1CAA0F,OUT_GAL_Forest
1CF219,DLC2_OUT_TON_Sky
1CFA44,DLC2_SEW_Default
1D2C5E,DLC1_OUT_GAL_SkySpooky
1D2FAE,OUT_KLU_Sky_Foggy_IsleofEamonn
1E9874,CIN_OUT_Destiny_Cards_Sky
1F6D61,DLC2_TMP_Blackness_Sky
1FE6F6,DLC2_TON_Spooky_Sky
1FFD64,DLC2_OUT_TON_Quarry_Sky
20058B,DLC1_OUT_GAL_Keep_Sky_Stage_2
200BF1,DLC2_OUT_TON_KahrunkTower_Sky
