id,value
000000,Uninited_Sound
2738E2,event00
46598E,DLC2_Hawk
473E5A,DLC2_Bugs
7C0251,DLC2_UI_Evil
7CB67D,DLC2_Wind_Lp
817774,DLC2_Lake_LP
905415,DLC2_Flies_Lp
A4122C,DLC2_Fire_Koll
A918C4,DLC2_UI_Ladder
AF46D3,DLC2_Rock_Ring
AF60AE,DLC2_Fire_Blue
B221F6,DLC2_Fire_Wall
B6813B,DLC2_Egg_Burst
C1CD9B,DLC2_Pteryx_Die
C21460,DLC2_SEW_DoorLP
CC3DD7,DLC2_Glass_Loop
CF7824,DLC2_Creepy_Urn
E09A70,DLC2_Pos_Fire_Lp
E1B91B,DLC2_Primos_Jump
E7AC14,DLC2_Statue_Move
EA6358,DLC2_Pteryx_Hurt
ED01F3,DLC2_Pteryx_Fate
EF8BA8,DLC2_Pteryx_Flap
FDDAA3,DLC2_Pteryx_Call
1060B76,DLC2_Pteryx_Short
106544C,DLC2_Heavy Wind EQ
109501A,DLC2_Pteryx_Aggro
10A390B,DLC2_UI_Fill_Vase
111A6DC,DLC2_Music_Idylla
117F385,DLC2_SEW_Stonethud
11AC8F8,DLC2_Fishfood_Pour
11EFA5C,DLC2_SEW_Door_Open
124765A,DLC2_Kollossae_Hit
12572A0,DLC2_Lake_LP_Quiet
12939D0,DLC2_UI_Crowd_Amb
12DDC38,DLC2_Primos_Charge
1341665,DLC2_Hyperion_Beam
1348CCE,DLC2_UI_Magic_Fade
139C458,DLC2_Pteryx_Breath
147835A,DLC2_Pteryx_Feather
1489889,DLC2_Kollossae_Move
14AC4B6,Mud_Footstep_Pteryx
14D472F,DLC2_Plant_Watering
14E29A3,DLC2_FX_Water_Drips
150537C,DLC2_Pteryx_Attack
16701FE,DLC2_Cine_Hyper_Time
1692545,Pos_WaterfallSm_DLC2
16F7B73,Wood_Footstep_Pteryx
1708A09,Dirt_Footstep_Pteryx
170D21D,DLC2_Rubble_Pile_Hit
17185C2,DLC2_Kollossae_Death
171F48C,DLC2_Kollossae_Grunt
1759171,DLC2_Kollossae_Laugh
177235B,DLC2_Cine_Hyper_Time2
18489E0,Pos_WaterfallMed_DLC2
18B1A4E,DLC2_Primal_Magic_Lp
197DE02,Stone_Footstep_Pteryx
1993861,DLC2_Rubble_Pile_Grit
19C4F67,Grass_Footstep_Pteryx
1A0BD5F,DLC2_Cine_Hyper_Quake
1AB72FA,DLC2_Bank_Coyote_Howl
1ADFF5A,DLC2_Primos_RockEmerge
1B60F0D,DLC2_Primal_Magic_TRL
1BC20E7,DLC2_Crystal_Rocks_Lp
1C46A64,DLC2_Cine_Primos_Grunt
1C567AE,Gravel_Footstep_Pteryx
1C90B69,DLC2_Kollossae_Attack
1CAE463,DLC2_UI_Scroll_Putdown
1CF4EB6,DLC2_AlmainMale_Denric
1D4095C,DLC2_Pos_Waterfall_Top
1DBEE21,DLC2_Kollossae_Threehit
1DE2322,DLC2_Cine_Secandra_Hit
1E0D68F,DLC2_Hyperion_Activate
1E62E8C,DLC2_Cine_SEW_Stonethud
1E6A6B5,DLC2_Hyperion_Door_Move
1EAA2B4,DLC2_Kollossae_Footstep
1EF4395,DLC2_Cine_SEW_Door_Open
1F76B94,DLC2_Hyper_Walkway_Orb
1FB694D,DLC2_Rubble_Pile_Debris
1FC3040,DLC2_UI_Altar_Activate
20746CC,DLC2_Primal_Magic_Swing
217A520,Pos_WaterfallSm_log_DLC2
2184392,DLC2_Cine_Hyper_Retract
21D2BB0,DLC2_Brick_N_Stone_Slide
2239607,DLC2_Primos_Rock_Impact
2257CC2,DLC2_Kollossae_Move_Soft
2275C6F,DLC2_Cine_Primos_Attack
2287F6A,DLC2_SEW_Stonescrape_Med
22882A5,DLC2_KollossaeMale_Pious
22F16BC,DLC2_Cinematic_Rogue_Hit
22F2E80,DLC2_KollossaeMale_Guard
235DB5D,DLC2_Kollossae_Grunt_Big
23919B3,DLC2_KollossaeMale_Brute
242B35C,DLC2_SEW_Stonescrape_Big
2456DC0,DLC2_Cine_Secandra_Grunt
2497372,DLC2_Music_Rogue_Vignette
250C0A1,DLC2_Crystal_Rocks_Sm_Lp
2541095,DLC2_Brick_N_Stone_Latch
25439EA,DLC2_Brick_N_Stone_Brick
2575A54,DLC2_Music_Boss_Anokatos
25CE466,DLC2_Cine_Hyper_Fate_Full
262C81A,DLC2_Primal_Magic_Impact
2660262,DLC2_Cine_Hyper_Rock_Open
2692362,DLC2_Crystal_Rocks_Shrine
26A40B1,DLC2_Cine_Hyper_Rock_Move
275B4F4,DLC2_Cine_Hyper_Ring_Base
27832A9,DLC2_Wind_Shrine_Activate
27887EF,DLC2_Cine_Secandra_IceHit
27E55D3,DLC2_Cine_Hyper_Fate_Suck
2881AFD,DLC2_KollossaeFemale_Pious
28851AA,DLC2_Cinematic_Rogue_Flesh
28CE18A,DLC2_Cinematic_Rogue_HitFM
28DA039,GrityStone_Footstep_Pteryx
28F458C,DLC2_KollossaeFemale_Guard
2950925,DLC2_KollossaeMale_Villain
2990202,DLC2_Kollossae_Attack_Big
29A2ABB,Pos_WaterfallSm_LOG_A_DLC2
29AA54B,DLC2_KollossaeFemale_Brute
29C7EA2,DLC2_KollossaeMale_Haughty
29EDAAD,DLC2_Cine_Hyper_Energyball
29FD365,DLC2_Cine_Primos_Grunt_Big
2A40F0C,DLC2_Pteryx_Celebrate_Long
2AF4B60,DLC2_SEW_Stonescrape_Small
2B8DC98,DLC2_Primal_Magic_Impact_2
2C5DDBC,DLC2_Cine_Primos_Long_Grunt
2C9D171,DLC2_Music_Idylla_Interiors
2CB1C35,DLC2_KollossaeMale_Doubting
2CC5471,DLC2_Hyperion_Beam_Exterior
2D053BF,DLC2_VoiceType_Unique_Arkes
2DA0DFB,DLC2_Voicetype_Unique_Pagus
2DB31A2,DLC2_Primos_Lightning_Strike
2DFA8E0,DLC2_Cine_Hyper_Rock_Debris
2E1E2AA,DLC2_VoiceType_Unique_Ethene
2E79C0F,DLC2_Pteryx_Celebrate_Short
2ECEA7F,DLC2_Kollossae_Threehit_Expl
2F61603,DLC2_Cine_Hyperion_Door_Move
2F7A199,DLC2_Cinematic_Rogue_Trigger
2FA203E,DLC2_Cine_Hyper_Fate_Impact
2FB5082,DLC2_Primos_Lightning_Charge
2FE1341,DLC2_KollossaeFemale_Villain
2FE5BCC,DLC2_Music_Idylla_Flythrough
2FF258D,DLC2_Cine_Hyper_Rock_Scrape
3031F98,DLC2_Hyperion_Rock_Activate
3055CA2,DLC2_SEW_Stonescrape_Medplus
3060952,DLC2_KollossaeFemale_Haughty
309A4B5,DLC2_Music_Anokatos_Vignette
30BD983,DLC2_Brick_N_Stone_Slide_Big
30BFCCA,DLC2_Cine_Primos_Attack_Big
30C089F,DLC2_SEW_Nerotelos_Cage_Open
310E5AC,DLC2_SEW_Nerotelos_Cage_Move
31C810F,DLC2_Cine_Hyper_Fate_Streams
321BB64,DLC2_Cine_Hyper_Impact_Sweet
32716E5,DLC2_Cine_Hyper_Rocks_Tumble
329D0A8,DLC2_KollossaeMale_Default_02
32A9D87,DLC2_KollossaeMale_Default_03
3341B93,DLC2_Cine_Secandra_Grunt_Big
339A5E7,DLC2_KollossaeFemale_Doubting
33E4597,DLC2_Kollossae_Threehit_Trail
3410370,DLC2_Voicetype_Unique_RatKing
350A5EF,DLC2_KollossaeMale_Default_01
359EFE9,DLC2_Cinematic_Rogue_ScaredFM
3613272,DLC2_SEW_Nerotelos_Cage_Close
36430E8,DLC2_Cinematic_Rogue_Barefoot
3650B3A,DLC2_KollossaeUnarmed_Handfire
3703739,DLC2_Voicetype_Unique_Onesimos
380283E,DLC2_Brick_N_Stone_Slide_Short
384EB66,DLC2_Hyperion_Breath_Activate
38B479C,DLC2_Music_Teeth_Of_Naros_Amb
3A002CE,DLC2_KollossaeFemale_Default_02
3A0E285,DLC2_KollossaeFemale_Default_03
3A2E53E,DLC2_SEW_Nerotelos_Cage_Rattle
3A3FBB0,DLC2_VoiceType_Unique_Anokatos
3AA0A27,DLC2_Cinematic_Rogue_Arrow_Hit
3AAF993,DLC2_Music_Teeth_Of_Naros_Main
3B0D3B5,DLC2_VoiceType_Unique_Secandra
3C980F9,DLC2_KollossaeFemale_Default_01
3D3C66F,DLC2_KollossaeMale_Default_02_A
3DB9674,DLC2_SEW_Nerotelos_Cage_Open_Sm
3FA9BB6,DLC2_KollossaeMale_Default_01_A
42018FE,DLC2_KollossaeUnarmed_Fireimpact
434FA3D,DLC2_VoiceType_VaraniFem_Mercnry
450520D,DLC2_Cinematic_Rogue_BladeScrape
45912DE,DLC2_Cine_Secandra_IceHitSweetner
45F0D17,DLC2_Cinematic_Rogue_Arrow_Flyby
4761FA2,DLC2_VoiceType_Unique_HelycCrosse
4B2AFDA,DLC2_Music_Secandra_Intro_Vignette
4BDDC50,DLC2_Cinematic_Rogue_Bodyfall_Long
4E4F72A,DLC2_VoiceType_AlfarMale_Mercenary
4E932DF,DLC2_Cine_Rock_Debris_Impact_Large
59758C5,DLC2_SEW_Nerotelos_Cage_Metal_Scrape
5CBEC3A,DLC2_Kollossae_Threehit_Electricburst
