id,value
00126E,legacy_set
001270,TerrainPal-Odayle_Valley
018C2F,Graybox
025D29,TerrainPal-Odayle_ValleyLesion
0270BF,TMP_Footstep_Palette
02A74A,TerrainPal-Black_Hills
037AEB,TerrainPal-Stronghold
049CEC,TerrainPal-ODV_to_BH
04F795,OUT_FOR_ProtoType
07281C,OUT_PLN_Palletset
0813C1,OUT_DET_Palletset
08ADE7,OUT_ALA_Palletset
09588E,OUT_KLU_Palletset
0A79BD,DMO_ViewerScene
156877,OUT_ALA_Bhaile_Palleteset
15C24D,CTY_Rathir_Palletset
1622C2,CTY_Rathir_Scholia_Arcana_Palletset
175121,CTY_MelSenshir_Palletset
175196,CTY_MelSenshir_BossBattle_Palletset
186B6D,CTY_Adessa_PaletteSet
1898A7,CTY_Ysa_PaletteSet
1CAA13,DLC1_OUT_GAL_Palletset
1CF237,DLC2_OUT_TON_Palletset
1D0FC6,DLC1_INT_DVG
1F6D6F,DLC2_TMP_Blackness
