id,value
02078A,UnloadTestTerrain
0270AE,TMP_NA_Footstep_Terrain
034737,TMP_NA_ActivityTest
037B66,TERR_NA_QAAutomation
03CD91,TMP_NA_ClobberableTestRegionTerrain
0466AE,CombatTest_Terrain
06962A,Dalentarth_Terrain
06EEBA,Detyre_Terrain
06EFDC,PlainsOfErathell_Terrain
06F245,OUT_Alabastra_Terrain
06F3EC,Klurikon_Terrain
06F564,CTY_Ysa_Terrain
06F584,CTY_Adessa_Terrain
06F5C5,CTY_Rathir_Terrain
06F5E5,CTY_MelSenshir_Terrain
072396,DMO_NA_DangerUnibox_Region
0727BE,OUT_PLN_Prototype
0785C9,OUT_KLU_IsleofEamonn_Terrain
0797DA,INT_DAL_Ballads_HOBGrounds_Terrain
079A77,OUT_DAL_DGN_SummersEnd_Terrain
07B963,INT_POE_ArchsageDreamworld_Terrain
080B36,DGN_CAV_CrownofCloudsExterior_Terrain
08164F,OUT_DET_Prototype
0827BA,Brandoland_Terrain
0844C2,TMP_NA_AudioTerrain
08AD8B,OUT_DAL_Nyralim_Terrain
08ED93,TMP_TERRAIN_AQA
095864,OUT_KLU_Prototype
096670,OUT_DAL_Dreamend_Terrain2
09AF81,CTY_Adessa_TheIsles_Terrain
09B1D4,Defaultbox_Terrain
09C382,TMP_NA_ActivityTest_Terrain
09ECAB,TMP_QA_TestLand
0A1052,TMP_QA_Test_Terrain
0A7209,CTY_Rathir_UpperCity_Terrain
0AAE11,OUT_POE_Skycrown_Top_Terrain
0AB031,OUT_POE_Travelers_Grounds_Terrain
0AD5A7,OUT_DET_Travelers_Grounds_Terrain
0B0687,OUT_DET_HouseOfValor_Grounds_Terrain
0B4DEB,CTY_Rathir_ScholiaArcana_Terrain
0B7424,CTY_YSA_Prototype
133CFB,CTY_MelSenshir_BossBattle_Region
138F67,DMO_NA_Unibox_Region
139B52,CTY_Adessa_ScaffoldRun_Region_Terrain
13E536,OUT_KLU_Saturnalia_Terrain
13F1B5,OUT_DAL_Travelers_Grounds_terrain
140BCD,CTY_Ysa_UpperHouses_Terrain
142FBF,CTY_Ysa_TheFont_Terrain
14C1F3,OUT_ALA_Fenaster_Terrain
16A07B,TMP_QA_BatsonTerrain2
171342,CIN_OUT_POE_NORTH_02_Terrain
172086,CIN_OUT_DAL_North_03_Terrain
177296,INT_ALA_Bhaile_CourtofWinter_Terrain
179E3B,DMO_M1_Terrain
17A7A0,TMP_NA_PathingTerrain
17BD2B,Terrain_qa_becky
17BD3E,Terrain_qa_becky2
17EE14,CIN_CTY_Rathir_Terrain
17F3F1,CIN_CTY_MelSenshir_BossBattle_Terrain
1807B8,OUT_KLU_Dannestar_EXT_Grounds_Terrain
18CB2D,INT_CTY_Ysa_CourtofSummer
18CB65,INT_CTY_Ysa_CourtofSummer2
18E190,INT_CTY_Ysa_HallofEchos
18ED80,INT_CTY_Ysa_HallofAppointments
18F703,INT_CTY_Ysa_HalloftheHunt
19008E,INT_CTY_Ysa_HouseofBallads_3
190485,INT_CTY_Ysa_Inn
190760,INT_CTY_Ysa_Embassy
192553,INT_CTY_Ysa_Merchants
193718,INT_CTY_Ysa_SAMainHall
196582,INT_DAL_Ballads_CourtOfEnchantments
19659E,INT_DAL_Ballads_HouseofAccolades
1966F6,INT_DAL_Ballads_SummerSanctuary
19C427,Terrain_POE_Island_01
19C46A,INT_DAL_Ettinmere_TheOratory3
19F762,TMP_NA_Character_Lighting_Terrain
1A2D31,TMP_NA_JoeQ_Slope_Test
1A4995,CIN_CourtofWinter_Terrain
1A8B40,TMP_NA_ActivityTest_02_Terrain
1AA5B0,TMP_NA_Pathing_Small
1B9AC3,DMO_MoveCapture
1B9EB2,DLC1_DMO_NA_Character_CombatTest
1CA9C4,DLC1_OUT_GAL_Prototype
1CF21A,DLC2_TON_Prototype
1D0FBF,DLC1_TMP_INT_TestSpace
1D1F9B,DLC1_OUT_GAL_Terrain
1D22AA,DLC1_OUT_GAL_Sandbar_Terrain
1D239A,DLC1_OUT_GAL_Island_Terrain
1D23F8,DLC1_OUT_GAL_TheKeep_Terrain
1D3440,DLC2_OUT_TeethOfNaros_Terrain
1D3579,DLC2_CTY_Idylla_Terrain
1D9B3A,DLC1_DGN_DKP_CliffbreakFasting_Terrain
1D9CFA,DLC1_DGN_DKP_GrayvhalFasting_Terrain
1D9D1A,DLC1_OUT_GAL_GayvhalKeep_Courtyard_Terrain
1D9FE9,DLC1_DGN_DKP_MudholdFasting_Terrain
1DA013,DLC1_DGN_DKP_UnderseaFasting_Terrain
1DA828,DLC2_INT_CTY_Idylla_The_Lykeios_Terrain
1DA8A7,DLC2_INT_CTY_Idylla_Theater_of_Andronikos_Terrain
1DA961,DLC2_INT_CTY_Idylla_Gaianas_Respite_Terrain
1DAAA9,INT_CTY_Idyall_Primos_Sanctuary_Terrain
1DB0E1,DLC2_OUT_TON_PassageExterior_Terrain
1DFFB4,DLC1_DGN_CAV_DarkHarbor_Terrain
1E65CD,DLC1_OUT_GAL_GravehalKeep_Courtyard_Stg2_Terrain
1E65D7,DLC1_OUT_GAL_GravehalKeep_Courtyard_Stg1_Terrain
1ED471,Keep_terrrain
1F3914,DLC1_INT_GAL_GravehalKeep_L1
1F6D58,DLC2_TMP_Blackness
1FFFC3,DLC2_DGN_CAV_EyriePeak_Terrain
2012D1,DLC2_INT_CTY_Idylla_Market_Terrain
2043DD,DLC3_DGN_STR_HuntsmansKeep_Terrain
204D3C,DLC3_DGN_DVG_Lyrden_Terrain
20511E,DLC3_OUT_IsleWytren_Terrain
