id,value
18BD92,debugwin
18BD93,ability_bar
18BD94,aggressive_mode_win
18BD95,alchemy_win
18BD96,barber_win
18BD97,behavior_debug_win
18BD98,blacksmith_win
18BD99,book_win
18BD9A,boss_sync_prompt
18BD9B,boss_win
18BD9D,buff_win
18BD9E,button_mash_win
18BD9F,button_rose_win
18BDA0,character_face_gen_win
18BDA1,character_gen_base_win
18BDA2,character_gen_win
18BDA3,cheats_menu
18BDA4,common_controller_win
18BDA5,conversation_menu
18BDA6,crimemockup
18BDA7,damage_text_win
18BDA8,danger_stage_win
18BDA9,danger_win
18BDAA,destiny_alert_win
18BDAB,dispel_win
18BDAC,faction_alert
18BDAD,fast_travel_win
18BDAE,fateweaver_win
18BDAF,forge_win
18BDB0,game_action_win
18BDB1,game_clock_win
18BDB3,game_minimap_win
18BDB4,game_quest_alert
18BDB5,game_scene
18BDB6,GDC_Splash_Outro
18BDB7,general_alert_win
18BDB8,healer_win
18BDBA,item_information_template
18BDBB,item_slider_window
18BDBC,ledger_win
18BDBD,level_up_reminder_win
18BDBE,loading_screen
18BDBF,location_alert
18BDC0,lockpick_win
18BDC1,lockpicking_minigame_win
18BDC2,loot_popup
18BDC3,loot_summary
18BDC5,lorestone_travel_win
18BDC6,magic_select_win
18BDC7,main_menu
18BDC8,merchant_win
18BDC9,message_box_win
18BDCB,mockups
18BDCC,narrative_zone_transition
18BDCE,pause_screen
18BDCF,pc_profile_select_win
18BDD1,player_hud_bars
18BDD2,quest_billboard
18BDD3,quest_icon_win
18BDD5,quest_update_summary
18BDD6,random_top_menu_sprites
18BDD7,ranged_target_win
18BDD8,region_transition_win
18BDD9,repair_win
18BDDA,resurrection_alert
18BDDB,ribbon_win
18BDDC,sagecraft_win
18BDDD,save_restore_win
18BDDE,score_win
18BDDF,sign_win
18BDE0,spell_cast_win
18BDE2,spellbinder_win
18BDE3,splash_win
18BDE4,stash_win
18BDE5,target_win
18BDE6,timer_win
18BDE7,trainer_win
18BDE8,tutorial_win
18BDE9,universal_information_window
18BDEA,usable_item_radial
18BDEB,vs_bink_window
18BDED,worldmap_win
18BDEE,xp_notification_win
18BDF0,scenewin
18BDF1,warnwin
18BE11,trackeddatawin
18BE12,soundcategorymixerwin
18BF54,abilities_stylesheet
18BF55,alchemy_stylesheet
18BF56,hud_stylesheet
18BF58,lore_stylesheet
18BF59,mercury
18BF5A,pause_menu_stylesheet
18BF5B,skills_stylesheet
18BF5C,default
18BF7A,core_tools
18BFC4,icon_texs
18C0B1,interface
18C0B2,debuggraphmgrwin
18C0B3,console_expanded
18C0B5,logwin
18C0BF,achievement_win
19308D,options_win
193BF7,inventory_win
1947F1,hov_arena_win
1951CF,abilities_win
19520F,logmanager
1954C7,logmodifier
19579C,lore_win
19579D,skills_win
19579F,destinies_win
195AE4,twists_win
195AE9,quests_win
196B8F,tooltip_win
19AB08,twist_alert_win
19B9D3,dispel_win_2
19CF7C,hov_arena_hud_win
1A1D92,pc_active_weapon_win
1A23D5,dispel_splash
1A2AF9,lockpicking_splash
1A33CB,effects_win
1AB0A0,ledger_achievements_win
1AC9B4,subtitle_win
1ACA52,moves_win
1B0251,stats_win
1BD7A2,cinematic_paused_win
1BE9F1,dlc_win
1C3DEA,manual_win
1CD2EA,credits_win
1CF0A6,cty_adessa
1CF0A7,cty_bhaile
1CF0A8,cty_mel_senshir
1CF0A9,cty_mel_senshir_siege
1CF0AA,cty_rathir
1CF0AB,cty_ysa
1CF0AC,dgn_detyre_cave
1CF0AD,dgn_erathi_ruin
1CF0AE,dgn_fae_castle
1CF0AF,dgn_natural_cave
1CF0B0,dgn_prismere_cave
1CF0B1,dgn_stronghold
1CF0B2,dgn_well_allestar
1CF0B3,dgn_well_dannestar
1CF0B4,int_court_of_summer
1CF0B5,int_dokkalfar
1CF0B6,int_fae
1CF0B7,int_generic
1CF0B8,int_gnome
1CF0B9,int_rathir_sa_chapterhouse
1CF0BA,int_warsworn_stronghold
1CF0BB,misc_game_intro
1CF0BC,misc_generic
1CF0BD,out_alabastra
1CF0BE,out_dalentarth
1CF0BF,out_detyre
1CF0C0,out_erathell
1CF0C1,out_esharra
1CF0C2,out_house_of_ballads
1CF0C3,out_house_of_valor
1CF0C4,out_klurikon
1CF0C5,out_traveler_dalentarth
1CF0C6,out_traveler_detyre
1CF0C7,out_traveler_erathell
1D0066,save_restore_animation_win
1D0B92,account_win
1D2218,dgn_fae_hollow
1D68DD,tos_win
1D6B2D,cutscene_title_win
1D7B80,stall_win
1D7FA2,loading_screen_no_script
1D8D7A,ui_layers_win
1DCF43,alert_stylesheet
1DCF89,title_bar_stylesheet
1DD00C,frames_stylesheet
1DD04E,selectable_buttons_stylesheet
1E9D8A,world_map_art_de
1E9D8D,world_map_art_en
1E9D91,world_map_art_es
1E9D95,world_map_art_fr
1E9D97,world_map_art_it
1EFE45,name_win
1F32FF,controller_disconnect_win
1F47C1,dlc1_worldmap_overlay_de
1F47C2,dlc1_worldmap_overlay_en
1F47C3,dlc1_worldmap_overlay_es
1F47C4,dlc1_worldmap_overlay_fr
1F47C5,dlc1_worldmap_overlay_it
1F47C6,dlc2_worldmap_overlay_de
1F47C7,dlc2_worldmap_overlay_en
1F47C8,dlc2_worldmap_overlay_es
1F47C9,dlc2_worldmap_overlay_fr
1F47CA,dlc2_worldmap_overlay_it
204101,int_caves_dlc1
204102,int_keep_dlc1
204103,out_dark_harbor_dlc1
204104,out_gallows_dlc1
204105,out_keep_court_dlc1
204106,out_keep_dlc1
204107,int_fasting_dlc1
204612,int_hyperion_dlc2
204613,int_sewers_basic_dlc2
204614,int_sewers_idylla_dlc2
204615,int_southern_passage_dlc2
204616,out_andronikos_dlc2
204617,out_idylla_dlc2
204618,out_lykeios_dlc2
204619,out_teeth_dlc2
