id,value
071C51,niskaru_entrance
071C59,Niskaru_death
0784F0,Dagger_backstab_Jottun
07AA08,Dagger_backstab_Human
084565,Camera19
0855CE,LORE_Quest
08BD1B,Coilsbane_Entrance
08CCEA,Jottun_Hammer_Finish
08CD77,Jottun_Hammer_Finish_ALT
08D093,niskaru_counterblades
08DADE,Jottun_Dagger_Finish
08DB83,Player_Counterblades_Niskaru
08DB8A,Player_Hammer_Niskaru
09B04D,sync_fate_humanmale
09DA4B,sync_fate_humanmale_01
09E76E,sync_fate_Niskaru
0A8364,sync_fate_Boggart
0A85EA,sync_fate_Jottun
0B1B59,sync_fate_troll
0B1FF9,sync_fate_Barghest
12F1CB,sync_fate_koboldl
12FE9C,sync_fate_bolgan
134EE6,sync_fate_sprite
14B781,balor_eyebeam_intro
14B894,balor_bridge
1541DB,sync_fate_Leanashe
154FC0,MelSenshir_ladder_flythrough
154FC1,ladder_kick
156203,sync_fate_Bogeyman
156548,CTY_Mel_BossBattle_BridgeDestroy
15C2AE,sync_fate_balor_02
15C2AF,sync_fate_balor_01
15F160,sync_fate_NiskaruHunter
15F161,Sync_fate_Human_01
16618B,sync_fate_Banshaen
167746,Sync_Fate_Human03
168F3A,Agarth_Ettin_Encounter
169216,Agarth_Ettin_Meeting
1739F7,sync_fate_Thresh
1771AB,Tirnoch_Transition_Stg1
177F29,Tirnoch_HeadButt_Stg2
17835C,well_of_souls_entrance
17B59F,Sync_fate_human_05
1816FB,well_of_souls_hughes_greeting
181E3F,Dagger_backstab_Human_02
182CE7,sync_fate_troll_ALT
182D5D,GDC_Troll_UrulTusk
182D78,sync_fate_Boggart_ALT
182D79,sync_fate_kobold_ALT
189F00,Tirnoch_Transition_Stg2
18D6E2,Tirnoch_Reckoning_Stg1
192C32,Tirnoch_Reckoning_Stg2
196607,Dagger_Human_stealthkill_02
196A4D,Dagger_Gome_Stealth_Kill_01
19928B,Dagger_Human_stealthkill_02_CAM_B
199987,Tirnoch_HeadButt_Stg3
199BD2,Tirnoch_Reckoning_Stg3
19B2C8,Tirnoch_Fate_Shift
19D985,Dagger_Murghan_stealthkill_01
19EAAC,sync_fate_GiantSpider
1A016C,Dagger_Bolgan_stealthkill_01
1A2F73,sync_fate_Gnome_01
1A539C,sync_fate_Human_04
1A6102,Dagger_backstab_Human_03
1ABB8E,Dagger_Gnome_stealthkill_02
1AC5CF,Rathir_Flythrough
1AFA99,Adessa_Flythrough
1AFD87,melsenshir_troll_flythrough
1B0196,balor_player_entrance
1B1839,MelSenshir_Flythrough
1B2BF6,Ysa_flythrough
1B583B,sync_fate_balor_01_Alt
1B9591,Intro_Vignette_Bolgan_01
1BB39F,Intro_Vignette_Ettin_Melee_01
1BB6E3,Intro_Vignette_Troll_01
1BB7D9,Intro_Vignette_Jottun_01
1BC046,Intro_Vignette_Niskaru_Tyrant
1BC04F,Intro_Vignette_Banshaen_01
1BC1EC,Intro_Vignette_Niskaru_Hunter
1BC87E,Intro_Vignette_Human_OneHand_01
1BD510,Ost_Death_Vignette
1BD749,Brigand_Hall_Ost_Barrier
1BDC70,sync_fate_Human_02
1C23D0,Intro_Vignette_Troll
1CB646,Dagger_Universal_Backstab_01
1CB6D3,Theatre_Of_Fates
1CCEF3,well_of_souls_Tuatha_Bombs
1CE076,Hughes_Lab
1D07A7,Intro_Vignette_Sons_of_Laz
1D0B8A,Intro_Vignette_Spider
1D0D4D,Intro_Vignette_Bogeyman
1D6374,sync_fate_Bolgan_ALT_02
1D6376,sync_fate_Bolgan_ALT_01
1D69B0,sync_fate_troll_ALT_01
1D69B1,sync_fate_sprite_Alt_02
1D69B2,sync_fate_sprite_Alt_01
1D69B3,sync_fate_GiantSpider_Alt_01
1D69B4,sync_fate_Niskaru_Alt_02
1D69B5,sync_fate_Niskaru_Alt_01
1D69B6,sync_fate_kobold_ALT_01
1D69B8,sync_fate_Gnome_01_Alt_02
1D69B9,sync_fate_Gnome_01_Alt_01
1D69BE,sync_fate_Barghest_Alt_02
1D69BF,sync_fate_Barghest_Alt_01
1D69C0,sync_fate_Banshaen_Alt_02
1D69C2,sync_fate_Banshaen_Alt_01
1D69C3,sync_fate_NiskaruHunter_Alt_01
1D69C6,sync_fate_Human_05_Alt_02
1D69C8,sync_fate_Human_05_Alt_01
1D69C9,sync_fate_Human_04_Alt_02
1D69CA,sync_fate_Human_04_Alt_01
1D69CB,sync_fate_Human_02_Alt_02
1D69CD,sync_fate_Human_02_Alt_01
1D69CE,sync_fate_Human_03_Alt_01
1D69CF,sync_fate_humanmale_01_Alt_01
1D69D0,sync_fate_humanmale_01_Alt_02
1D69D2,sync_fate_Jottun_AltCam_01
1D69D3,sync_fate_Jottun_AltCam_02
1D6B14,Dagger_Bolgan_stealthkill_01_Alt_01
1D6B1C,Dagger_Murghan_stealthkill_01_Alt_02
1D6B1D,Dagger_Murghan_stealthkill_01_Alt_01
1D6B1E,Dagger_Gome_Stealth_Kill_02_Alt_01
1D6B1F,Dagger_Gome_Stealth_Kill_01_Alt_01
1D6B20,Dagger_backstab_Human_03_Alt_02
1D6B21,Dagger_backstab_Human_03_Alt_01
1D6B22,Dagger_Human_stealthkill_02_Alt_01
1D6B23,Dagger_backstab_Jottun_Alt_02
1D6B24,Dagger_backstab_Jottun_Alt_01
1D6B25,Dagger_backstab_Human_02_Alt_02
1D6B26,Dagger_backstab_Human_02_Alt_01
1D7200,sync_fate_Bogeyman_Alt_01
1D7201,sync_fate_Bogeyman_Alt_02
1D7202,sync_fate_Thresh_Alt_02
1D7203,sync_fate_Thresh_Alt_01
1D721B,sync_fate_Leanashe_Alt_02
1D721C,sync_fate_Leanashe_Alt_01
1D7298,Intro_Vignette_Kobold_Rogue
1D72C2,Leanashe_Intro_Vignette_01
1D73CF,Tilera_Spear_Pull_Enter
1D73DB,Tilera_Spear_Pull_Exit
1D9198,Intro_Vignette_Sprite
1DB582,DLC1_Intro_Vignette_Root_Golem_01
1DBA9A,DLC2_Dagger_Kollossae_stealthkill_01
1DC16C,DLC2_Dagger_Kollossae_stealthkill_02
1DCFDA,Faeblades_SneakAttack_01
1DFCCD,DLC2_Dagger_Kollossae_stealthkill_02_AltCam
1E00C1,Faeblades_SneakAttack_02
1E0120,Intro_Vignette_Troll_Alt_Height_01
1E0B58,DLC2_Kollossae_fateshift_01
1E277D,DLC2_Sync_Fate_Pteryx
1E3A7C,DLC2_Kollossae_fateshift_01_AltCam
1E8012,DLC1_Intro_Vignette_Baronett
1E8866,DLC2_Unarmed_Kollossae_Intro_Vignette_01
1E97D2,Intro_Vignette_Ettin_Melee_Alt_Height_01
1EB1C2,DLC1_Player_Brownie_Backstab_01
1EB34C,DLC1_Dagger_Sprite_stealthkill_01
1EB35D,DLC1_Intro_Vignette_Grimjaw_01
1ECA00,DLC1_Giant_Spider_Stealth_Kill
1EE964,Balor_Incapacitate_01
1EEE30,DLC1_DeadKel_Fateshift_01
1F0870,DLC1_Keep_Flythrough
1F1C4A,Quest_MQ16_GadflowIntro
1F1C76,Tirnoch_Transition_Stg1_Stg2_Landing
1F1C77,Tirnoch_Transition_Stg1_Stg2_Part1
1F220C,DarkHarbor_Flythrough
1F2888,Idylla_Flythrough
1F324B,DLC1_DarkHarbor_Flythrough
1F324F,DLC1_Out_Gal_East_Flythrough
1F3250,DLC1_Akara_Tree_Flythrough
1F439A,DLC1_DeadKel_Fateshift_01_AltCam
1F9AE3,DLC1_Scarab_Intro_Vignette
1FDCA4,DLC1_DeadKel_BossBattle_Intro
1FDF30,DLC2_Player_Fate_Shift_Primos_Kollossae
20084B,Pteryx_Intro
204D30,DLC2_Spearman_Kollossae_Intro_Vignette_01
