id,value
0971B4,VoiceType_HumanMale_Wise
097850,VoiceType_HumanMale_Default01
097851,VoiceType_HumanMale_Default02
09786B,VoiceType_HumanMale_Brute
09786C,VoiceType_HumanMale_Arrogant
09786D,VoiceType_HumanMale_Sly
097872,VoiceType_HumanFemale_Sly
097873,VoiceType_HumanFemale_Wise
097874,VoiceType_HumanFemale_Brute
097875,VoiceType_HumanFemale_Default02
097876,VoiceType_HumanFemale_Default01
097877,VoiceType_HumanFemale_Arrogant
0978A5,VoiceType_AlfarMale_Wise
0978A6,VoiceType_AlfarMale_Sly
0978A7,VoiceType_GnomeMale_Default01
0978A8,VoiceType_AlfarMale_Default02
0978A9,VoiceType_AlfarMale_Default01
0978AA,VoiceType_AlfarMale_Arrogant
0978AB,VoiceType_AlfarFemale_Wise
0978AC,VoiceType_AlfarFemale_Sly
0978AD,VoiceType_GnomeFemale_Default01
0978AE,VoiceType_AlfarFemale_Default02
0978AF,VoiceType_AlfarFemale_Default01
0978B0,VoiceType_AlfarFemale_Arrogant
097967,VoiceType_FaeMale_Default01
097968,VoiceType_FaeMale_Default02
09796E,VoiceType_FaeMale_Wise
09796F,VoiceType_FaeFemale_Wise
097970,VoiceType_FaeFemale_Default02
097971,VoiceType_FaeFemale_Default01
097A33,VoiceType_TuathaMale_Brute
097A34,VoiceType_TuathaMale_Assassin
097A35,VoiceType_TuathaFemale_Cruel
097A3A,VoiceType_GnomeMale_Wise
097A3B,VoiceType_GnomeMale_Stern
097A3C,VoiceType_GnomeFemale_Stern
097A3D,VoiceType_GnomeFemale_Wise
097A3E,VoiceType_Unique_AlynShir
097A3F,VoiceType_Unique_FomorusHugues
097A40,VoiceType_Unique_Gadflow
0A8BA2,VoiceType_Unique_Agarth
0AFDD3,VoiceType_Unique_Nyralim
0B1D77,VoiceType_Unique_Titarion
0B2FE2,VoiceType_Unique_Ventrinio
12C71B,VoiceType_Unique_CiaraSydanus
12C71C,VoiceType_Unique_JubalCaledus
13C1E8,VoiceType_Unique_Tirnoch
14B6FC,VoiceType_Unique_TineDelfric
14C3B8,VoiceType_Unique_OstOrdura
14DB78,VoiceType_FaeMale_Default03
14DB79,VoiceType_FaeFemale_Default03
14EE34,VoiceType_AlfarFemale_Default03
14EE35,VoiceType_AlfarMale_Default03
14EE36,VoiceType_HumanFemale_Default03
14EE38,VoiceType_HumanMale_Default03
15315B,VoiceType_Unique_GwynAnwy
159991,VoiceType_Unique_GrimOnwig
15B78F,VoiceType_Unique_HallamtheWhite
15B7D7,VoiceType_Unique_MaidofWindemere
15B7D9,VoiceType_Unique_KingWencen
16E285,VoiceType_Unique_Bisarane
16E289,VoiceType_Unique_Taibreah
19EEC1,VoiceType_AlfarFemale_Default04
19EEC2,VoiceType_AlfarFemale_Noble
19EEC4,VoiceType_AlfarFemale_Common
19EECC,VoiceType_AlfarMale_Default04
19EECD,VoiceType_AlfarMale_Noble
19EECE,VoiceType_AlfarMale_Common
19EF72,VoiceType_FaeMale_Stern
19EF74,VoiceType_FaeFemale_Stern
19EF76,VoiceType_TuathaMale_Leader
19EF79,VoiceType_TuathaFemale_Brute
19EF7C,VoiceType_GnomeFemale_Default02
19EF7D,VoiceType_GnomeFemale_Crafty
19EF7E,VoiceType_GnomeMale_Default02
19EF7F,VoiceType_GnomeMale_Crafty
19EF80,VoiceType_HumanFemale_Default04
19EF83,VoiceType_HumanFemale_Common
19EF85,VoiceType_HumanFemale_Noble
19EF86,VoiceType_HumanMale_Default04
19EF87,VoiceType_HumanMale_Common
19EF88,VoiceType_HumanMale_Noble
19EF94,VoiceType_Unique_GeneralTilera
19EF95,VoiceType_Unique_Cydan
19EF96,VoiceType_Unique_Malwyn
19EF9D,VoiceType_Unique_Grimshaw
19EFA2,VoiceType_Unique_TemplarOctienne
1BDD23,VoiceType_VillainMale_Fighter
1BDD26,VoiceType_VillainMale_Rogue
1BDD27,VoiceType_VillainMale_Mage
1BDD28,VoiceType_VillainFemale_Fighter
1BDD29,VoiceType_PrisonerMale
1BDD2A,VoiceType_PrisonerFemale
1BDD2D,VoiceType_AlfarFemale_Arrogant_C
1BDD2E,VoiceType_AlfarFemale_Arrogant_B
1BDD2F,VoiceType_AlfarFemale_Common_C
1BDD30,VoiceType_AlfarFemale_Common_B
1BDD31,VoiceType_AlfarFemale_Default01_B
1BDD33,VoiceType_AlfarFemale_Default01_C
1BDD34,VoiceType_AlfarFemale_Default02_B
1BDD35,VoiceType_AlfarFemale_Default02_C
1BDD36,VoiceType_AlfarFemale_Default03_B
1BDD37,VoiceType_AlfarFemale_Default03_C
1BDD38,VoiceType_AlfarFemale_Default04_B
1BDD39,VoiceType_AlfarFemale_Default04_C
1BDD3A,VoiceType_AlfarFemale_Noble_B
1BDD3B,VoiceType_AlfarFemale_Noble_C
1BDD3C,VoiceType_AlfarFemale_Sly_B
1BDD3D,VoiceType_AlfarFemale_Sly_C
1BDD3E,VoiceType_AlfarFemale_Wise_B
1BDD3F,VoiceType_AlfarFemale_Wise_C
1BDE4E,VoiceType_AlfarMale_Arrogant_B
1BDE4F,VoiceType_AlfarMale_Arrogant_C
1BDE54,VoiceType_AlfarMale_Common_B
1BDE55,VoiceType_AlfarMale_Common_C
1BDE56,VoiceType_AlfarMale_Default01_B
1BDE58,VoiceType_AlfarMale_Default01_C
1BDE5B,VoiceType_AlfarMale_Default02_B
1BDE5C,VoiceType_AlfarMale_Default02_C
1BDE5D,VoiceType_AlfarMale_Default03_B
1BDE5E,VoiceType_AlfarMale_Default03_C
1BDE73,VoiceType_AlfarMale_Default04_B
1BDE75,VoiceType_AlfarMale_Default04_C
1BDE79,VoiceType_AlfarMale_Noble_B
1BDE7D,VoiceType_AlfarMale_Noble_C
1BDE80,VoiceType_AlfarMale_Sly_B
1BDE81,VoiceType_AlfarMale_Sly_C
1BDE82,VoiceType_AlfarMale_Wise_B
1BDE83,VoiceType_AlfarMale_Wise_C
1BDE84,VoiceType_FaeFemale_Default01_B
1BDE85,VoiceType_FaeFemale_Default01_C
1BDE86,VoiceType_FaeFemale_Default02_B
1BDE87,VoiceType_FaeFemale_Default02_C
1BDE88,VoiceType_FaeFemale_Default03_B
1BDE89,VoiceType_FaeFemale_Default03_C
1BDE8A,VoiceType_FaeFemale_Stern_B
1BDE8B,VoiceType_FaeFemale_Stern_C
1BDE8C,VoiceType_FaeFemale_Wise_B
1BDE8E,VoiceType_FaeFemale_Wise_C
1BDE94,VoiceType_GnomeFemale_Crafty_B
1BDE96,VoiceType_GnomeFemale_Crafty_C
1BDE99,VoiceType_GnomeFemale_Default01_B
1BDE9B,VoiceType_GnomeFemale_Default01_C
1BDE9C,VoiceType_GnomeFemale_Default02_B
1BDE9D,VoiceType_GnomeFemale_Default02_C
1BDE9E,VoiceType_GnomeFemale_Stern_B
1BDEA1,VoiceType_GnomeFemale_Stern_C
1BDEA3,VoiceType_GnomeFemale_Wise_B
1BDEA6,VoiceType_GnomeFemale_Wise_C
1BDEA7,VoiceType_FaeMale_Default01_C
1BDEA8,VoiceType_FaeMale_Default01_B
1BDEA9,VoiceType_FaeMale_Default02_B
1BDEAB,VoiceType_FaeMale_Default02_C
1BDEB1,VoiceType_FaeMale_Stern_B
1BDEC0,VoiceType_FaeMale_Stern_C
1BDEC8,VoiceType_FaeMale_Wise_B
1BDECC,VoiceType_FaeMale_Wise_C
1BDEF5,VoiceType_FaeMale_Default03_B
1BDEF6,VoiceType_FaeMale_Default03_C
1BDF2F,VoiceType_VillainFemale_Rogue
1BDF30,VoiceType_VillainFemale_Mage
1BDF31,VoiceType_GnomeMale_Crafty_B
1BDF32,VoiceType_GnomeMale_Crafty_C
1BDF34,VoiceType_GnomeMale_Default01_B
1BDF37,VoiceType_GnomeMale_Default01_C
1BDF38,VoiceType_GnomeMale_Default02_B
1BDF39,VoiceType_GnomeMale_Default02_C
1BDF3A,VoiceType_GnomeMale_Stern_B
1BDF63,VoiceType_GnomeMale_Stern_C
1BDF64,VoiceType_GnomeMale_Wise_B
1BDF67,VoiceType_GnomeMale_Wise_C
1BDF6B,VoiceType_HumanFemale_Arrogant_B
1BDF6C,VoiceType_HumanFemale_Arrogant_C
1BDF88,VoiceType_HumanFemale_Brute_B
1BDF8A,VoiceType_HumanFemale_Brute_C
1BDF8D,VoiceType_HumanFemale_Common_B
1BDF8E,VoiceType_HumanFemale_Common_C
1BDF8F,VoiceType_HumanFemale_Default01_B
1BDF90,VoiceType_HumanFemale_Default01_C
1BDF91,VoiceType_HumanFemale_Default02_B
1BDF92,VoiceType_HumanFemale_Default02_C
1BDF93,VoiceType_HumanFemale_Default03_B
1BDF99,VoiceType_HumanFemale_Default04_B
1BDF9A,VoiceType_HumanFemale_Default04_C
1BDF9D,VoiceType_HumanFemale_Noble_B
1BDF9E,VoiceType_HumanFemale_Noble_C
1BDF9F,VoiceType_HumanFemale_Sly_B
1BDFA0,VoiceType_HumanFemale_Sly_C
1BDFA1,VoiceType_HumanFemale_Wise_B
1BDFA2,VoiceType_HumanFemale_Wise_C
1BDFB3,VoiceType_HumanMale_Arrogant_B
1BDFB6,VoiceType_HumanMale_Arrogant_C
1BDFB7,VoiceType_HumanMale_Brute_B
1BDFB9,VoiceType_HumanMale_Brute_C
1BDFBA,VoiceType_HumanMale_Common_B
1BDFBB,VoiceType_HumanMale_Common_C
1BDFBE,VoiceType_HumanMale_Default01_B
1BDFC1,VoiceType_HumanMale_Default01_C
1BDFC4,VoiceType_HumanMale_Default02_B
1BDFC6,VoiceType_HumanMale_Default02_C
1BDFC7,VoiceType_HumanMale_Default03_B
1BDFD7,VoiceType_HumanMale_Default04_B
1BDFD8,VoiceType_HumanMale_Default04_C
1BDFD9,VoiceType_HumanMale_Noble_B
1BDFDA,VoiceType_HumanMale_Default03_C
1BDFDB,VoiceType_HumanMale_Noble_C
1BDFDC,VoiceType_HumanMale_Sly_B
1BDFDD,VoiceType_HumanMale_Sly_C
1BDFDE,VoiceType_HumanMale_Wise_B
1BDFDF,VoiceType_HumanMale_Wise_C
1BE9E2,VoiceType_GuardMale
1BE9E4,VoiceType_GuardFemale
1BE9E5,VoiceType_GuardFaeMale
1BE9EB,VoiceType_GuardFaeFemale
1C1084,VoiceType_GuardGnomeFemale
1C1085,VoiceType_GuardGnomeMale
1CC2D3,VoiceType_Creature_Ettin
1D034E,VoiceType_Unique_Encel
1D034F,VoiceType_Unique_Guran
1D0777,TECH_ONLY_lorestones
1D8DC0,DLC2_VoiceType_Unique_Anokatos
1D8DC1,DLC2_VoiceType_Unique_Secandra
1D8DC3,DLC2_KollossaeMale_Guard
1D8DC5,DLC2_VoiceType_Unique_Ethene
1D8DC6,DLC2_KollossaeFemale_Guard
1D8DC7,DLC2_KollossaeFemale_Villain
1D8DC8,DLC2_KollossaeMale_Villain
1D8DC9,DLC2_KollossaeMale_Default_01
1D8DCA,DLC2_KollossaeMale_Default_02
1D8DCB,DLC2_KollossaeMale_Default_03
1D8DCC,DLC2_KollossaeFemale_Default_01
1D8DCD,DLC2_KollossaeFemale_Default_02
1D8DCE,DLC2_KollossaeFemale_Default_03
1D8DCF,DLC2_KollossaeMale_Haughty
1D8DD0,DLC2_KollossaeFemale_Haughty
1D8DD1,DLC2_KollossaeMale_Pious
1D8DD4,DLC2_KollossaeFemale_Pious
1D8DD5,DLC2_KollossaeMale_Doubting
1D8DD6,DLC2_KollossaeFemale_Doubting
1D8ECF,DLC2_VoiceType_Unique_HelycCrosse
1D8FFE,DLC2_VoiceType_AlfarMale_Mercenary
1D8FFF,DLC2_VoiceType_VaraniFem_Mercnry
1DEA54,TECH_ONLY_Cinematics
1DFB84,DLC1_VoiceType_Unique_Akara
1DFB85,DLC1_VoiceType_Unique_DeadKel
1DFB86,DLC1_VoiceType_Unique_Brattigan
1DFB88,DLC1_VoiceType_Unique_AlderMalloi
1DFB8A,DLC1_VoiceType_Unique_Quay
1E6986,DLC1_VoiceType_CastawayMale_01
1E6987,DLC1_VoiceType_CastawayMale_02
1E6988,DLC1_VoiceType_CastawayFemale_01
1E6989,DLC1_VoiceType_CastawayFemale_02
1E698A,DLC1_VoiceType_CastawayMale_Devout
1E698B,DLC1_VoiceType_CastawayFemale_Devout
1E698F,DLC1_VoiceType_CastawayMale_Gruff
1E6990,DLC1_VoiceType_CastawayFemale_Gruff
1E6991,DLC1_VoiceType_CastawayMale_03
1E6992,DLC1_VoiceType_CastawayFemale_03
1EB49B,DLC2_KollossaeMale_Brute
1EB49C,DLC2_KollossaeFemale_Brute
1EB5A4,DLC2_Voicetype_Unique_RatKing
1EDE8D,DLC1_Voicetype_AlfarMale_01
1EDE8E,DLC1_Voicetype_AlfarFemale_01
1EDE8F,DLC1_Voicetype_AlfarMale_Sly
1EDE92,DLC1_Voicetype_AlfarFemale_Sly
1EDE93,DLC1_Voicetype_AlfarMale_Arrogant
1EDE94,DLC1_Voicetype_AlfarFemale_Arrogant
1EDE95,DLC1_VoiceType_GnomeMale_01
1EDE96,DLC1_VoiceType_GnomeMale_02
1EDE97,DLC1_VoiceType_GnomeFemale_Arrogant
1EDE9D,DLC1_Voicetype_CastawayMale_Wise
1EDE9E,DLC1_VoiceType_CastawayFemale_Wise
1EDEA4,DLC1_VoiceType_Unique_PadrigDower
1EDEA5,DLC1_VoiceType_Unique_MyfaRhonwen
1EDEAB,DLC1_VoiceType_Unique_ZefwynLan
1EFA8C,DLC2_AlmainMale_Denric
1F0542,DLC2_VoiceType_Unique_Arkes
1F4222,DLC2_Voicetype_Unique_Onesimos
1F4223,DLC2_Voicetype_Unique_Pagus
1F4224,DLC2_KollossaeMale_Default_01_A
1F4225,DLC2_KollossaeMale_Default_02_A
1F579E,DLC1_VoiceType_DvergaMale_01
1F57A7,DLC1_VoiceType_GnomeMale_Wise_01
2033A3,DLC3_VoiceType_FaeMale_Wise
